-- Создание таблицы клиентов
DROP TABLE IF EXISTS client_document;
DROP TABLE IF EXISTS service_package_sales;
DROP TABLE IF EXISTS service_package;
DROP TABLE IF EXISTS service_package_type;
DROP TABLE IF EXISTS client;
DROP TABLE IF EXISTS sample_text_duplicates;

CREATE TABLE IF NOT EXISTS client
(
    client_id  INT AUTO_INCREMENT
        PRIMARY KEY,
    first_name VARCHAR(100)                        NOT NULL,
    last_name  VARCHAR(100)                        NOT NULL,
    created_at TIMESTAMP DEFAULT CURRENT_TIMESTAMP NOT NULL
);

CREATE INDEX client_created_at_index
    ON client (created_at DESC);

INSERT INTO client (client_id, first_name, last_name)
VALUES
    (1, 'Evyn', 'Pinwell'),
    (2, 'Ryley', 'Fennelow'),
    (3, 'Lexine', 'Phifer'),
    (4, 'Tymon', 'Galiford'),
    (5, 'Delcine', 'Gerran'),
    (6, 'Gwenette', 'Couves'),
    (7, 'Brigitta', 'Stickley'),
    (8, 'Tisha', 'Orniz'),
    (9, 'Sapphira', 'Camois'),
    (10, 'Rebecca', 'Kenneway'),
    (11, 'Alvan', 'Dayborne'),
    (12, 'Hyacinthie', 'Tie'),
    (13, 'Leupold', 'Blacklock'),
    (14, 'Hendrik', 'Deverock'),
    (15, 'Dacey', 'Noraway'),
    (16, 'Alberta', 'Beeho'),
    (17, 'Germain', 'Stevenson'),
    (18, 'Willetta', 'Fenners'),
    (19, 'Nert', 'Llewellyn'),
    (20, 'Leoine', 'Taill'),
    (21, 'Joya', 'Foxhall'),
    (22, 'Fabio', 'Brydon'),
    (23, 'Cathee', 'Gartan'),
    (24, 'Ammamaria', 'Heinsen'),
    (25, 'Aloise', 'Tuffell'),
    (26, 'Bar', 'Hazelgrove'),
    (27, 'Rafaellle', 'Dumbelton'),
    (28, 'Agnese', 'MacGlory'),
    (29, 'Cherry', 'Haly'),
    (30, 'Marjie', 'Godmer'),
    (31, 'Weider', 'Di Giacomettino'),
    (32, 'Gregor', 'Kilminster'),
    (33, 'Ransell', 'Tomasik'),
    (34, 'Gertrude', 'Congram'),
    (35, 'Lorin', 'Cherrie'),
    (36, 'Cassie', 'Tesauro'),
    (37, 'Vance', 'Studd'),
    (38, 'Stefania', 'Pyburn'),
    (39, 'Sarita', 'Trowel'),
    (40, 'Trenna', 'Lemasney'),
    (41, 'Robenia', 'Waistell'),
    (42, 'Wallas', 'Arnott'),
    (43, 'Aleda', 'Burdin'),
    (44, 'Flore', 'Lalor'),
    (45, 'Cybill', 'Fantonetti'),
    (46, 'Blaire', 'Sarjant'),
    (47, 'Trever', 'Nuttall'),
    (48, 'Koralle', 'Howcroft'),
    (49, 'Bradley', 'Millis'),
    (50, 'Netta', 'Kneath'),
    (51, 'Adela', 'McCobb'),
    (52, 'Johnathan', 'Pitcher'),
    (53, 'Alisander', 'Ramme'),
    (54, 'Gordy', 'Wetherick'),
    (55, 'Cecilio', 'Groundwator'),
    (56, 'Ferdy', 'Wapples'),
    (57, 'Sam', 'Hargrove'),
    (58, 'Jenna', 'Moncarr'),
    (59, 'Nathanael', 'Luetkemeyers'),
    (60, 'Granthem', 'Pashen'),
    (61, 'Clemente', 'Pim'),
    (62, 'Cissy', 'Piletic'),
    (63, 'Mel', 'Rosenwald'),
    (64, 'Annmaria', 'Harmston'),
    (65, 'Iseabal', 'Westmarland'),
    (66, 'Yorgos', 'Deary'),
    (67, 'Caty', 'Ors'),
    (68, 'Katherine', 'Henstone'),
    (69, 'Lemuel', 'Thurley'),
    (70, 'Percival', 'Symondson'),
    (71, 'Blair', 'Shee'),
    (72, 'Darnell', 'Curnow'),
    (73, 'Les', 'Danielli'),
    (74, 'Adolphe', 'Doberer'),
    (75, 'Emalia', 'North'),
    (76, 'Gaylene', 'Hatherleigh'),
    (77, 'Kim', 'Lindenblatt'),
    (78, 'Earl', 'Haylett'),
    (79, 'Willyt', 'Bindin'),
    (80, 'Gonzalo', 'Weinmann'),
    (81, 'Bron', 'Breward'),
    (82, 'Callie', 'July'),
    (83, 'Franny', 'Fisher'),
    (84, 'Ludovika', 'Fawlkes'),
    (85, 'Tome', 'Monery'),
    (86, 'Shela', 'Springford'),
    (87, 'Obadiah', 'Lovejoy'),
    (88, 'Annadiana', 'MacCook'),
    (89, 'Richardo', 'Entwhistle'),
    (90, 'Gaby', 'Lode'),
    (91, 'Kellyann', 'Knowler'),
    (92, 'Janessa', 'Renshaw'),
    (93, 'Ealasaid', 'Rivitt'),
    (94, 'Deerdre', 'McKendry'),
    (95, 'Martelle', 'Kerr'),
    (96, 'Jecho', 'Bonett'),
    (97, 'Clementine', 'Girdwood'),
    (98, 'Caryl', 'Roofe'),
    (99, 'Cesare', 'Peirone'),
    (100, 'Louisette', 'Oswald'),
    (101, 'Judye', 'Luxon'),
    (102, 'Whitney', 'Littlechild'),
    (103, 'Philip', 'Jurasz'),
    (104, 'Hobey', 'Lott'),
    (105, 'Naoma', 'Merricks'),
    (106, 'Karlik', 'Splain'),
    (107, 'Cathee', 'Awmack'),
    (108, 'Cherida', 'Creeboe'),
    (109, 'Ailsun', 'Bulley'),
    (110, 'Alexandr', 'Eloy'),
    (111, 'Tony', 'Iskov'),
    (112, 'Rollo', 'Heeron'),
    (113, 'Melly', 'Wardington'),
    (114, 'Philis', 'Ivanusyev'),
    (115, 'Jorrie', 'Denekamp'),
    (116, 'Joellyn', 'Kennicott'),
    (117, 'Margalit', 'Deare'),
    (118, 'Yovonnda', 'Zupo'),
    (119, 'Eden', 'Schubert'),
    (120, 'La verne', 'Dyment'),
    (121, 'Susana', 'Veazey'),
    (122, 'Elane', 'Scarlan'),
    (123, 'Waylen', 'Stiller'),
    (124, 'Aubry', 'Dobrovsky'),
    (125, 'Tomas', 'Oret'),
    (126, 'Ginnifer', 'Reddlesden'),
    (127, 'Bronson', 'Lapidus'),
    (128, 'Nola', 'Springthorpe'),
    (129, 'Rodd', 'O''Cahey'),
    (130, 'Dareen', 'O''Brallaghan'),
    (131, 'Holden', 'Oakden'),
    (132, 'Lay', 'Aspray'),
    (133, 'Nadia', 'Cudihy'),
    (134, 'Viviyan', 'Kirvell'),
    (135, 'Letitia', 'Yellop'),
    (136, 'Alden', 'Loveman'),
    (137, 'Kristoforo', 'Lantiffe'),
    (138, 'Paquito', 'McNiff'),
    (139, 'Claudius', 'Moult'),
    (140, 'Cathie', 'Moody'),
    (141, 'Gertrudis', 'Fearnall'),
    (142, 'Blondelle', 'Nevett'),
    (143, 'Normand', 'Matkovic'),
    (144, 'Avivah', 'Sparshutt'),
    (145, 'Natalee', 'Bleddon'),
    (146, 'Edee', 'Renfrew'),
    (147, 'Son', 'Inglis'),
    (148, 'Ula', 'Crickmer'),
    (149, 'Tedd', 'Haysham'),
    (150, 'Vanya', 'Snelgar'),
    (151, 'Andria', 'Vevers'),
    (152, 'Derrik', 'Janek'),
    (153, 'Decca', 'Kauffman'),
    (154, 'Immanuel', 'Piatti'),
    (155, 'Cathy', 'Van Velden'),
    (156, 'Christoper', 'Klulik'),
    (157, 'Maddalena', 'Sturgis'),
    (158, 'Franny', 'Gibbings'),
    (159, 'Camel', 'Durrant'),
    (160, 'Erminia', 'Dulson'),
    (161, 'Wiatt', 'Janku'),
    (162, 'Drew', 'Lowther'),
    (163, 'Charlot', 'Parrish'),
    (164, 'Lind', 'Taudevin'),
    (165, 'Scot', 'Kennelly'),
    (166, 'Dyana', 'Ninnotti'),
    (167, 'Griffy', 'Rawsthorne'),
    (168, 'Oralee', 'Beckles'),
    (169, 'Johnnie', 'Climpson'),
    (170, 'Cortie', 'Desesquelle'),
    (171, 'Beniamino', 'Lathaye'),
    (172, 'Haleigh', 'Patmore'),
    (173, 'Charmaine', 'Piper'),
    (174, 'Mathilda', 'Dudmarsh'),
    (175, 'Vitoria', 'Berresford'),
    (176, 'Kliment', 'Crenage'),
    (177, 'Trudy', 'Copnall'),
    (178, 'Tonya', 'Bainton'),
    (179, 'Amie', 'Kave'),
    (180, 'Patsy', 'Kentish'),
    (181, 'Danya', 'Franc'),
    (182, 'Raquela', 'Braden'),
    (183, 'Allis', 'Hollingdale'),
    (184, 'Harald', 'Seint'),
    (185, 'Rod', 'Blees'),
    (186, 'Rozella', 'Dalliston'),
    (187, 'Andeee', 'Spraging'),
    (188, 'Catharine', 'Tobin'),
    (189, 'Holly', 'Ternott'),
    (190, 'Johna', 'Crossfield'),
    (191, 'Shane', 'Stove'),
    (192, 'Tessy', 'Stebbin'),
    (193, 'Fredelia', 'Roskell'),
    (194, 'Saleem', 'Lindenbaum'),
    (195, 'Shanan', 'Van Leijs'),
    (196, 'Hersch', 'Houlahan'),
    (197, 'Allsun', 'Gilardone'),
    (198, 'Clim', 'Faccini'),
    (199, 'Crawford', 'Wiggall'),
    (200, 'Olympie', 'Loughhead'),
    (201, 'Towney', 'Graber'),
    (202, 'Elnora', 'Furmston'),
    (203, 'Sukey', 'McKie'),
    (204, 'Juline', 'Kobierzycki'),
    (205, 'Nikolos', 'Bubbings'),
    (206, 'Lorne', 'Ciccotto'),
    (207, 'Minnnie', 'Fippe'),
    (208, 'Giulia', 'Swabey'),
    (209, 'Bobbie', 'Casale'),
    (210, 'Micky', 'McKeefry'),
    (211, 'Jefferey', 'Riteley'),
    (212, 'Fons', 'Halfhide'),
    (213, 'Olin', 'Tootell'),
    (214, 'Shepard', 'O''Fergus'),
    (215, 'Jerad', 'Portsmouth'),
    (216, 'Pavlov', 'Wainscot'),
    (217, 'Neel', 'Yokley'),
    (218, 'Yehudi', 'O''Fallone'),
    (219, 'Farly', 'Baress'),
    (220, 'Art', 'Hoodlass'),
    (221, 'Brody', 'Stubs'),
    (222, 'Huntley', 'Killock'),
    (223, 'Gael', 'Brownbridge'),
    (224, 'Jodie', 'Baumadier'),
    (225, 'Nial', 'Farre'),
    (226, 'Niels', 'Pilmer'),
    (227, 'Karol', 'Blucher'),
    (228, 'Cordell', 'Minucci'),
    (229, 'Tabbi', 'Inde'),
    (230, 'Camella', 'Diggles'),
    (231, 'Leonid', 'Irlam'),
    (232, 'Leo', 'Koop'),
    (233, 'Graeme', 'Hellens'),
    (234, 'Brade', 'Davydkov'),
    (235, 'Nina', 'Michelet'),
    (236, 'Nolana', 'Garrison'),
    (237, 'Noelani', 'Haseley'),
    (238, 'Cozmo', 'Walls'),
    (239, 'Zola', 'Aynsley'),
    (240, 'Ade', 'Cornau'),
    (241, 'Deanna', 'Amsden'),
    (242, 'Donnie', 'McGarrie'),
    (243, 'Stanly', 'Lemin'),
    (244, 'Kirbie', 'Carlton'),
    (245, 'Brier', 'Bedborough'),
    (246, 'Glory', 'Earwicker'),
    (247, 'Haskel', 'Undy'),
    (248, 'Hildagarde', 'McAvinchey'),
    (249, 'Susette', 'Golsby'),
    (250, 'Dareen', 'Bauduin'),
    (251, 'Ranique', 'Plunket'),
    (252, 'Sascha', 'Glasscoe'),
    (253, 'Kamila', 'Ellyatt'),
    (254, 'Dotti', 'Skeene'),
    (255, 'Jonis', 'Blois'),
    (256, 'Quillan', 'Bereford'),
    (257, 'Theodosia', 'Deny'),
    (258, 'Margalo', 'Crofthwaite'),
    (259, 'Fayette', 'Leupoldt'),
    (260, 'Alyosha', 'Routh'),
    (261, 'Arlyn', 'Soigne'),
    (262, 'Regine', 'Behninck'),
    (263, 'Lizette', 'Barthot'),
    (264, 'Lucho', 'Barbary'),
    (265, 'Wallis', 'Mant'),
    (266, 'Aloysia', 'Doog'),
    (267, 'Mil', 'Pellingar'),
    (268, 'Georgina', 'Rodrigo'),
    (269, 'Frants', 'Korejs'),
    (270, 'Katie', 'Madigan'),
    (271, 'Bennett', 'Rowbury'),
    (272, 'Dosi', 'Adnam'),
    (273, 'Jo', 'Emnoney'),
    (274, 'Cyrus', 'Carbin'),
    (275, 'Anabal', 'Romeo'),
    (276, 'Merola', 'Full'),
    (277, 'Marika', 'Dibb'),
    (278, 'Halie', 'Bagster'),
    (279, 'Matteo', 'Jakes'),
    (280, 'Josy', 'Mattocks'),
    (281, 'Paulette', 'Stappard'),
    (282, 'Janel', 'Mattholie'),
    (283, 'Gusty', 'Lawlan'),
    (284, 'Othelia', 'Brideau'),
    (285, 'Kristen', 'Musla'),
    (286, 'Jordanna', 'Cornfoot'),
    (287, 'Ailsun', 'Cantua'),
    (288, 'Guillemette', 'Grzegorzewicz'),
    (289, 'Lenora', 'Atcherley'),
    (290, 'Lise', 'Barwell'),
    (291, 'Georgiana', 'Olivetta'),
    (292, 'Traci', 'Crickmore'),
    (293, 'Fielding', 'Moulds'),
    (294, 'De witt', 'Simeonov'),
    (295, 'Mae', 'Burniston'),
    (296, 'Janet', 'Inge'),
    (297, 'Renard', 'Dumbell'),
    (298, 'Abey', 'Moscon'),
    (299, 'Frederich', 'Sainte Paul'),
    (300, 'Emylee', 'Lammenga'),
    (301, 'Bekki', 'Lammas'),
    (302, 'Ariel', 'Willgoss'),
    (303, 'Jill', 'Drejer'),
    (304, 'Alonso', 'Altimas'),
    (305, 'Mellie', 'Hugland'),
    (306, 'Kimmi', 'Macek'),
    (307, 'Melina', 'Tue'),
    (308, 'Ainslie', 'Sturt'),
    (309, 'Fredia', 'Normant'),
    (310, 'Mina', 'Daniau'),
    (311, 'Gertrud', 'Goggey'),
    (312, 'Britney', 'Setterthwait'),
    (313, 'Miles', 'Burl'),
    (314, 'Mallorie', 'Desouza'),
    (315, 'Gregorio', 'Bick'),
    (316, 'Danya', 'McGriele'),
    (317, 'Waring', 'Hammerson'),
    (318, 'Farr', 'Minchinton'),
    (319, 'Iggy', 'Dyte'),
    (320, 'Jasun', 'Barford'),
    (321, 'Cassandra', 'Peterken'),
    (322, 'Dalli', 'Loynes'),
    (323, 'Tabor', 'Egginton'),
    (324, 'Coriss', 'Woodruffe'),
    (325, 'Janeen', 'Josilowski'),
    (326, 'Lucienne', 'Tommis'),
    (327, 'Zaccaria', 'Blaxeland'),
    (328, 'Nobie', 'Drabble'),
    (329, 'Zorah', 'Merrywether'),
    (330, 'Wallace', 'Scrowson'),
    (331, 'Ty', 'Mingotti'),
    (332, 'Cathee', 'Georgeou'),
    (333, 'Rance', 'Grisedale'),
    (334, 'Claudelle', 'Crowther'),
    (335, 'Griselda', 'Riddeough'),
    (336, 'Nero', 'Gerrie'),
    (337, 'Sula', 'Trenfield'),
    (338, 'Letitia', 'Cassius'),
    (339, 'Charmane', 'Samways'),
    (340, 'Denni', 'Hayto'),
    (341, 'Celinka', 'Simak'),
    (342, 'Mortimer', 'Fairbank'),
    (343, 'Valery', 'Ashwood'),
    (344, 'Benny', 'Scogin'),
    (345, 'Ettie', 'Coney'),
    (346, 'Kassi', 'Folli'),
    (347, 'Jeff', 'Bruineman'),
    (348, 'Zane', 'Camble'),
    (349, 'Daffie', 'Fardo'),
    (350, 'Stavro', 'Wartonby'),
    (351, 'Giulio', 'Scotchford'),
    (352, 'Hyacinthe', 'Lemin'),
    (353, 'Gary', 'Aberdalgy'),
    (354, 'Shelby', 'Caizley'),
    (355, 'Chrisse', 'Adnett'),
    (356, 'Anetta', 'Maplethorpe'),
    (357, 'Tandie', 'Marc'),
    (358, 'Lexi', 'Jaram'),
    (359, 'Alikee', 'Queyos'),
    (360, 'Bud', 'Jeaycock'),
    (361, 'Kirby', 'Higbin'),
    (362, 'Gene', 'Sibery'),
    (363, 'Godiva', 'Folkerd'),
    (364, 'Erhart', 'Roberto'),
    (365, 'Mavis', 'Luckwell'),
    (366, 'Roman', 'Champley'),
    (367, 'Donelle', 'Yacob'),
    (368, 'Minny', 'Searjeant'),
    (369, 'Orelie', 'Chidley'),
    (370, 'Ayn', 'Skeeles'),
    (371, 'Midge', 'Berget'),
    (372, 'Arlinda', 'Klainer'),
    (373, 'Durward', 'Measen'),
    (374, 'Howie', 'Zanni'),
    (375, 'Robbie', 'Beames'),
    (376, 'Jerrie', 'Olivella'),
    (377, 'Burty', 'Wreakes'),
    (378, 'Joya', 'Du Hamel'),
    (379, 'Arley', 'Cotes'),
    (380, 'Kalli', 'Huby'),
    (381, 'Cissy', 'Ayling'),
    (382, 'Shelden', 'Fagge'),
    (383, 'Nappie', 'Savery'),
    (384, 'Jeniece', 'Pomfret'),
    (385, 'Erwin', 'Bewlie'),
    (386, 'Karina', 'Ganter'),
    (387, 'Tarrance', 'O''Cleary'),
    (388, 'Melania', 'Geeson'),
    (389, 'Freddy', 'McGairl'),
    (390, 'Simeon', 'Pagram'),
    (391, 'Reider', 'Kaas'),
    (392, 'Eloisa', 'Kingsley'),
    (393, 'Tan', 'Borsnall'),
    (394, 'Nadia', 'Shwalbe'),
    (395, 'Delilah', 'Baumer'),
    (396, 'Aggy', 'Currer'),
    (397, 'Myrtice', 'Trevorrow'),
    (398, 'Artair', 'La Vigne'),
    (399, 'Dominik', 'Gawthrope'),
    (400, 'Jerrie', 'Doughtery'),
    (401, 'Lorens', 'Wilks'),
    (402, 'Abdel', 'Volke'),
    (403, 'Caresse', 'Kebell'),
    (404, 'Hank', 'Sloane'),
    (405, 'Tremaine', 'Wagstaffe'),
    (406, 'Pennie', 'Wakelin'),
    (407, 'Lemuel', 'Kirk'),
    (408, 'Vanna', 'Knightley'),
    (409, 'Jessey', 'Dalgarno'),
    (410, 'Vasily', 'Robion'),
    (411, 'Rudie', 'Baskwell'),
    (412, 'Judon', 'Salvatore'),
    (413, 'Hi', 'Pecey'),
    (414, 'Lemmie', 'Skase'),
    (415, 'Charles', 'Cassimer'),
    (416, 'Mil', 'Rapi'),
    (417, 'Fin', 'Sprackling'),
    (418, 'Aluin', 'Abbess'),
    (419, 'Elsi', 'Woodland'),
    (420, 'Joanie', 'Dot'),
    (421, 'Jeffry', 'Raubenheimers'),
    (422, 'Thorn', 'Skillings'),
    (423, 'Philly', 'Dunbabin'),
    (424, 'Keriann', 'Basley'),
    (425, 'Renato', 'Sinnock'),
    (426, 'Antonino', 'Ruck'),
    (427, 'Dotty', 'Burl'),
    (428, 'Donnell', 'Shewsmith'),
    (429, 'Chelsey', 'Weeks'),
    (430, 'Raymund', 'Surman'),
    (431, 'Tomi', 'McKeighan'),
    (432, 'Herschel', 'Febre'),
    (433, 'Galvan', 'Rigge'),
    (434, 'Joachim', 'Stallon'),
    (435, 'Binny', 'Goodbar'),
    (436, 'Ignace', 'Linacre'),
    (437, 'Natal', 'Neiland'),
    (438, 'Maighdiln', 'Maton'),
    (439, 'Christyna', 'Streak'),
    (440, 'Pierrette', 'Bolduc'),
    (441, 'Bucky', 'McAloren'),
    (442, 'Tiphani', 'Stonman'),
    (443, 'Barbabas', 'Smardon'),
    (444, 'Pennie', 'Rizzolo'),
    (445, 'Chery', 'Handasyde'),
    (446, 'Mozes', 'Castanos'),
    (447, 'Saidee', 'Elbourn'),
    (448, 'Jerrilee', 'Murrell'),
    (449, 'Mozes', 'Broadist'),
    (450, 'Faye', 'Morphet'),
    (451, 'Jorrie', 'Dionisi'),
    (452, 'Evie', 'Nevet'),
    (453, 'Brocky', 'Cray'),
    (454, 'Burgess', 'Sheards'),
    (455, 'Malanie', 'Bicker'),
    (456, 'Ammamaria', 'Ritter'),
    (457, 'Hew', 'Feavearyear'),
    (458, 'Niall', 'Bicheno'),
    (459, 'Guy', 'Chiene'),
    (460, 'Anthony', 'Borghese'),
    (461, 'Loy', 'Greening'),
    (462, 'Katya', 'Piner'),
    (463, 'Cassaundra', 'Gilman'),
    (464, 'Marena', 'Cuttell'),
    (465, 'Barnaby', 'Frears'),
    (466, 'Tandy', 'Kirkness'),
    (467, 'Marie', 'Lydon'),
    (468, 'Francisco', 'Scade'),
    (469, 'Wynny', 'Shelford'),
    (470, 'Danni', 'Bartalot'),
    (471, 'Jacobo', 'Enrietto'),
    (472, 'Nappy', 'Acres'),
    (473, 'Ernesta', 'Surman'),
    (474, 'Miriam', 'Gorman'),
    (475, 'Caron', 'Blankhorn'),
    (476, 'Ursala', 'Begley'),
    (477, 'Lukas', 'Galer'),
    (478, 'Malissa', 'McCumesky'),
    (479, 'Linnell', 'Gowdy'),
    (480, 'Dallas', 'Whisby'),
    (481, 'Aubrie', 'Strickler'),
    (482, 'Cynthea', 'Bauser'),
    (483, 'Dorian', 'Littlefield'),
    (484, 'Steffane', 'Rallinshaw'),
    (485, 'Martelle', 'Baress'),
    (486, 'Fairfax', 'Lantiff'),
    (487, 'Benedetta', 'Coase'),
    (488, 'Gae', 'Gauntley'),
    (489, 'Clio', 'Davidovich'),
    (490, 'Arielle', 'Durber'),
    (491, 'Nikoletta', 'Goodbarne'),
    (492, 'Valentin', 'Szymanowicz'),
    (493, 'Claudia', 'Jose'),
    (494, 'Penn', 'Bleazard'),
    (495, 'Ivory', 'Ruilton'),
    (496, 'Maddie', 'Le Quesne'),
    (497, 'Guillermo', 'Lake'),
    (498, 'Regan', 'Clapshaw'),
    (499, 'Sheba', 'Bosquet'),
    (500, 'Gwyneth', 'Dunlop'),
    (501, 'Wilhelmina', 'Coveney'),
    (502, 'Lizabeth', 'Aidler'),
    (503, 'Keir', 'Streater'),
    (504, 'Tatiania', 'Caras'),
    (505, 'Myles', 'Heckney'),
    (506, 'Benjamen', 'Arkle'),
    (507, 'Towny', 'McCleary'),
    (508, 'Valentia', 'Eaglestone'),
    (509, 'Lucio', 'Pavese'),
    (510, 'Phillip', 'Samwyse'),
    (511, 'Beverlie', 'Calbaithe'),
    (512, 'Sigfrid', 'Smooth'),
    (513, 'Vitoria', 'Restieaux'),
    (514, 'Beverlie', 'Lonsbrough'),
    (515, 'Shelley', 'Housden'),
    (516, 'Feliza', 'Furlow'),
    (517, 'Aldric', 'Walklate'),
    (518, 'Jerry', 'Jiggen'),
    (519, 'Dyanne', 'Goodinge'),
    (520, 'Zaneta', 'Kuhnke'),
    (521, 'Rockwell', 'Townby'),
    (522, 'Waite', 'Creek'),
    (523, 'Adelind', 'Bes'),
    (524, 'Stearne', 'Garrick'),
    (525, 'Annabell', 'Goodright'),
    (526, 'Jamal', 'Prevost'),
    (527, 'Row', 'O''Duane'),
    (528, 'Mina', 'Shere'),
    (529, 'Martguerita', 'Janczyk'),
    (530, 'Marcelo', 'Olyet'),
    (531, 'Aaren', 'Divine'),
    (532, 'Britt', 'ducarme'),
    (533, 'Bartel', 'McMurty'),
    (534, 'Saraann', 'Zamora'),
    (535, 'Johan', 'Tissier'),
    (536, 'Clyve', 'Braybrooks'),
    (537, 'Damien', 'Duck'),
    (538, 'Tomasina', 'Salliss'),
    (539, 'Natty', 'Caffery'),
    (540, 'Aurore', 'McGarrie'),
    (541, 'Cindi', 'Tuma'),
    (542, 'Kelly', 'Prescote'),
    (543, 'Augie', 'Merchant'),
    (544, 'Kim', 'Harty'),
    (545, 'Rolfe', 'Monk'),
    (546, 'Penelopa', 'Gear'),
    (547, 'Orland', 'Dennison'),
    (548, 'Jessica', 'Mullins'),
    (549, 'Gae', 'Reddoch'),
    (550, 'Fredra', 'Weins'),
    (551, 'Chance', 'Lepere'),
    (552, 'Gaylor', 'Acreman'),
    (553, 'Finn', 'Dobing'),
    (554, 'Devlen', 'Radwell'),
    (555, 'D''arcy', 'Vigars'),
    (556, 'Gerardo', 'Ector'),
    (557, 'Orsola', 'Kohnert'),
    (558, 'Adele', 'Hedon'),
    (559, 'Nanci', 'Peerman'),
    (560, 'Ertha', 'Paoletto'),
    (561, 'Pat', 'McGrorty'),
    (562, 'Theadora', 'Zecchini'),
    (563, 'Hally', 'Pack'),
    (564, 'Latisha', 'Forsaith'),
    (565, 'Honey', 'Wainman'),
    (566, 'Jordana', 'Bracken'),
    (567, 'Gary', 'Tonepohl'),
    (568, 'Roosevelt', 'Ternent'),
    (569, 'Edi', 'Pilsworth'),
    (570, 'Odessa', 'Vicent'),
    (571, 'Ringo', 'Oughton'),
    (572, 'Marietta', 'Van den Velden'),
    (573, 'Jerald', 'Luxmoore'),
    (574, 'Sapphire', 'Rohlfs'),
    (575, 'Errick', 'Deans'),
    (576, 'Rickey', 'Ibel'),
    (577, 'Ash', 'Brownstein'),
    (578, 'Alec', 'Pimley'),
    (579, 'Nicki', 'Dowsett'),
    (580, 'Kaspar', 'Lisle'),
    (581, 'Merilee', 'Menichi'),
    (582, 'Mechelle', 'Methley'),
    (583, 'Justino', 'Belone'),
    (584, 'Hymie', 'Gabbatiss'),
    (585, 'Humbert', 'Pilcher'),
    (586, 'Kennan', 'Folca'),
    (587, 'Braden', 'Issit'),
    (588, 'Sayer', 'Docket'),
    (589, 'Erinna', 'Sharpe'),
    (590, 'Inessa', 'Smeal'),
    (591, 'Talia', 'Screas'),
    (592, 'Myrtie', 'Conahy'),
    (593, 'Sam', 'Edworthye'),
    (594, 'Kati', 'Foskin'),
    (595, 'Zuzana', 'Tonner'),
    (596, 'Cassandra', 'Kornilov'),
    (597, 'Dalia', 'Bownd'),
    (598, 'Christoph', 'Beckinsall'),
    (599, 'Shae', 'Thome'),
    (600, 'Hershel', 'Meddemmen'),
    (601, 'Constantine', 'Jurisic'),
    (602, 'Creight', 'Dominguez'),
    (603, 'Anna-diane', 'Mearing'),
    (604, 'Leonard', 'Brealey'),
    (605, 'Livy', 'Zarfat'),
    (606, 'Maridel', 'Alam'),
    (607, 'Idalia', 'Hardisty'),
    (608, 'Angel', 'Strelitzki'),
    (609, 'Cassondra', 'Brashaw'),
    (610, 'Gwyn', 'Trouncer'),
    (611, 'Waylan', 'Seggie'),
    (612, 'Daniella', 'Pitchers'),
    (613, 'Clemens', 'Gainfort'),
    (614, 'Fiona', 'Shewon'),
    (615, 'Stacee', 'Poyntz'),
    (616, 'Vivie', 'Gulland'),
    (617, 'Olga', 'Goody'),
    (618, 'Louisa', 'Wotherspoon'),
    (619, 'Gwenore', 'Prevost'),
    (620, 'Gerhard', 'Buckwell'),
    (621, 'Ashlan', 'Heritege'),
    (622, 'Tallou', 'Chislett'),
    (623, 'Benedicta', 'Trimby'),
    (624, 'Ardyce', 'Constable'),
    (625, 'Giffard', 'Tedstone'),
    (626, 'Ninon', 'Spon'),
    (627, 'Torey', 'Bartolomeazzi'),
    (628, 'Pearle', 'Betser'),
    (629, 'Obediah', 'Casemore'),
    (630, 'Emilie', 'Pittem'),
    (631, 'Faun', 'Partington'),
    (632, 'Kimmie', 'McEniry'),
    (633, 'Early', 'Suggett'),
    (634, 'Trixi', 'Philipard'),
    (635, 'Kaia', 'Claye'),
    (636, 'Merrilee', 'Langdridge'),
    (637, 'Goldarina', 'Pottberry'),
    (638, 'Marijo', 'Drinkall'),
    (639, 'Clim', 'Amber'),
    (640, 'Susy', 'Layburn'),
    (641, 'Corri', 'Oliva'),
    (642, 'Derril', 'Heggadon'),
    (643, 'Callie', 'Lardiner'),
    (644, 'Tillie', 'Poppy'),
    (645, 'Lief', 'Fyrth'),
    (646, 'Wilhelm', 'Brownhill'),
    (647, 'Griffie', 'Ellgood'),
    (648, 'Normand', 'Bachellier'),
    (649, 'Muire', 'Payley'),
    (650, 'Urbain', 'Granleese'),
    (651, 'Agata', 'Brambell'),
    (652, 'Eugenia', 'Diggar'),
    (653, 'Leanna', 'Denver'),
    (654, 'Randa', 'Scotchford'),
    (655, 'Emyle', 'Trunkfield'),
    (656, 'Ruy', 'Howison'),
    (657, 'Bernardo', 'Casoni'),
    (658, 'Chadd', 'Francombe'),
    (659, 'Salvador', 'Booker'),
    (660, 'Evelin', 'Dreng'),
    (661, 'Louis', 'Wathall'),
    (662, 'Garner', 'Bronger'),
    (663, 'Bone', 'Sancroft'),
    (664, 'Pier', 'Gaish'),
    (665, 'Jody', 'O''Lehane'),
    (666, 'Cthrine', 'Gee'),
    (667, 'Emory', 'Cornelius'),
    (668, 'Hughie', 'Hackinge'),
    (669, 'Jae', 'Colston'),
    (670, 'Catharina', 'Gynni'),
    (671, 'Terrel', 'McCague'),
    (672, 'Oran', 'Edgeller'),
    (673, 'Erek', 'Cawthorn'),
    (674, 'Tammie', 'Bake'),
    (675, 'Erasmus', 'McCahill'),
    (676, 'Chrystel', 'Dilkes'),
    (677, 'Kirsten', 'Heggie'),
    (678, 'Trisha', 'Hofer'),
    (679, 'Lyndy', 'Sterman'),
    (680, 'Waldon', 'Wapples'),
    (681, 'Estel', 'Smaile'),
    (682, 'Cindy', 'Kobera'),
    (683, 'Prentice', 'Powton'),
    (684, 'Theressa', 'Ludwell'),
    (685, 'Anastasia', 'Helix'),
    (686, 'Lishe', 'Full'),
    (687, 'Genevieve', 'Francescozzi'),
    (688, 'Boonie', 'Toombs'),
    (689, 'Carie', 'Alexandersson'),
    (690, 'Trina', 'Ivannikov'),
    (691, 'Kippie', 'Compfort'),
    (692, 'Caesar', 'Teal'),
    (693, 'Ibrahim', 'Seagrave'),
    (694, 'Sammy', 'Cocking'),
    (695, 'Harcourt', 'Reina'),
    (696, 'Lyon', 'Rowes'),
    (697, 'Guinevere', 'Sheriff'),
    (698, 'Leicester', 'Barbosa'),
    (699, 'Neron', 'Fishley'),
    (700, 'Wendy', 'Bickle'),
    (701, 'Sandye', 'Dybell'),
    (702, 'Lishe', 'Tivolier'),
    (703, 'Malvin', 'Rembaud'),
    (704, 'Hanny', 'Laurentin'),
    (705, 'Nedi', 'Cardon'),
    (706, 'Adiana', 'Corkell'),
    (707, 'Christalle', 'Bolstridge'),
    (708, 'Harlan', 'Borres'),
    (709, 'Karita', 'Cuppleditch'),
    (710, 'Hatti', 'Minnis'),
    (711, 'Eada', 'Doblin'),
    (712, 'Sigismund', 'Dannatt'),
    (713, 'Gabie', 'Janowski'),
    (714, 'Anton', 'Slade'),
    (715, 'Brett', 'Hargess'),
    (716, 'Torry', 'Bendall'),
    (717, 'Avis', 'Fortey'),
    (718, 'Klaus', 'Lomis'),
    (719, 'Rebbecca', 'Grigorini'),
    (720, 'Viviene', 'Muino'),
    (721, 'Merridie', 'Chennells'),
    (722, 'Violante', 'Huitson'),
    (723, 'Ryann', 'McGeorge'),
    (724, 'Kirsten', 'Dach'),
    (725, 'Solomon', 'Fawke'),
    (726, 'Izak', 'Lynes'),
    (727, 'Farah', 'Viall'),
    (728, 'Marlowe', 'Proudlock'),
    (729, 'Sarita', 'Lundbech'),
    (730, 'Adrian', 'Trent'),
    (731, 'Benton', 'Deschelle'),
    (732, 'Adelaida', 'Colliss'),
    (733, 'Levin', 'Livezey'),
    (734, 'Crista', 'Chauvey'),
    (735, 'Bill', 'Breadmore'),
    (736, 'Tersina', 'Jacketts'),
    (737, 'Theressa', 'Yesenin'),
    (738, 'Truman', 'Andrichuk'),
    (739, 'Yankee', 'Girardoni'),
    (740, 'Mateo', 'Rabbatts'),
    (741, 'Codee', 'Huddart'),
    (742, 'Jourdan', 'Gonnel'),
    (743, 'Billye', 'Imrie'),
    (744, 'Alyse', 'Renshell'),
    (745, 'Redd', 'Poland'),
    (746, 'Chet', 'Godfroy'),
    (747, 'Ibby', 'Enstone'),
    (748, 'Millie', 'Hurndall'),
    (749, 'Estele', 'Godlee'),
    (750, 'Clarice', 'Manjot'),
    (751, 'Cami', 'Zorer'),
    (752, 'Malissa', 'Mossman'),
    (753, 'Sydney', 'Yewdell'),
    (754, 'Marnie', 'Twelftree'),
    (755, 'Joete', 'Josephson'),
    (756, 'Gerri', 'Domb'),
    (757, 'Micheil', 'Olyet'),
    (758, 'Alexandros', 'Di Ruggero'),
    (759, 'Jeremie', 'Easterling'),
    (760, 'Stacy', 'Heining'),
    (761, 'Bax', 'Gorghetto'),
    (762, 'Joan', 'Loudiane'),
    (763, 'Domenico', 'Wickardt'),
    (764, 'Benoit', 'Haime'),
    (765, 'Theresina', 'Sarjeant'),
    (766, 'Ellery', 'Basten'),
    (767, 'Holly', 'Roostan'),
    (768, 'Ingram', 'Gaunt'),
    (769, 'Lee', 'Gianneschi'),
    (770, 'Robinia', 'Castells'),
    (771, 'Joella', 'Assinder'),
    (772, 'Cherianne', 'Roja'),
    (773, 'Aleen', 'Wiltshaw'),
    (774, 'Filberte', 'De Hoogh'),
    (775, 'Lorette', 'Iacomelli'),
    (776, 'Quinton', 'Genn'),
    (777, 'Lorrayne', 'Pionter'),
    (778, 'Maurits', 'Arnfield'),
    (779, 'Beltran', 'Congram'),
    (780, 'Persis', 'Leonida'),
    (781, 'Northrop', 'German'),
    (782, 'Pip', 'Pavyer'),
    (783, 'Alexandra', 'Peperell'),
    (784, 'Gordy', 'Janos'),
    (785, 'Anderson', 'Migheli'),
    (786, 'Christalle', 'McGeady'),
    (787, 'Johan', 'Dobey'),
    (788, 'Monroe', 'Iorizzi'),
    (789, 'Rikki', 'Oleszcuk'),
    (790, 'Rivkah', 'Orum'),
    (791, 'Vladimir', 'Niche'),
    (792, 'Nicola', 'Stretton'),
    (793, 'Budd', 'Measor'),
    (794, 'Othelia', 'Gerault'),
    (795, 'Marmaduke', 'Vines'),
    (796, 'Langston', 'Dizlie'),
    (797, 'Rodolphe', 'Ariss'),
    (798, 'Sharona', 'Muress'),
    (799, 'Fredelia', 'Hirtz'),
    (800, 'Barthel', 'Harget'),
    (801, 'Miof mela', 'Christoffersen'),
    (802, 'Kristina', 'Wharfe'),
    (803, 'Josephina', 'Plimmer'),
    (804, 'Danny', 'Kilian'),
    (805, 'Rosalind', 'Ronnay'),
    (806, 'Myrah', 'Benoi'),
    (807, 'Waldon', 'Wippermann'),
    (808, 'Axel', 'Coult'),
    (809, 'Olva', 'Northbridge'),
    (810, 'Kyrstin', 'Northeast'),
    (811, 'Lars', 'Divis'),
    (812, 'Tricia', 'Shipton'),
    (813, 'Libbie', 'Liston'),
    (814, 'Jeramie', 'Matashkin'),
    (815, 'Town', 'Delleschi'),
    (816, 'Spense', 'Strodder'),
    (817, 'Natala', 'Fluin'),
    (818, 'Harris', 'Erskine Sandys'),
    (819, 'Lucy', 'Goatman'),
    (820, 'Christopher', 'Duddell'),
    (821, 'Robbie', 'Moakes'),
    (822, 'Axel', 'McAndie'),
    (823, 'Nelson', 'Gomersal'),
    (824, 'Tristan', 'Winwood'),
    (825, 'Verena', 'Kubalek'),
    (826, 'Rogers', 'Taylor'),
    (827, 'Dougy', 'Thurley'),
    (828, 'Shaylah', 'Garforth'),
    (829, 'Erhart', 'Rumble'),
    (830, 'Nero', 'Harper'),
    (831, 'Thane', 'De Ruggero'),
    (832, 'Gwenneth', 'Hubert'),
    (833, 'Bride', 'Hearnshaw'),
    (834, 'Chryste', 'Mattek'),
    (835, 'Rurik', 'Picknett'),
    (836, 'Roxy', 'Quickfall'),
    (837, 'Dorrie', 'Starbeck'),
    (838, 'Stella', 'Gisbye'),
    (839, 'Riccardo', 'Sandeson'),
    (840, 'Christye', 'Cottrill'),
    (841, 'Elenore', 'Klezmski'),
    (842, 'Heath', 'Danis'),
    (843, 'Rodolph', 'Arrow'),
    (844, 'Phylis', 'McParland'),
    (845, 'Eveline', 'Clubbe'),
    (846, 'Eliot', 'Goode'),
    (847, 'Howie', 'McGibbon'),
    (848, 'Lowe', 'Newis'),
    (849, 'Lanny', 'Pledger'),
    (850, 'Mannie', 'Glanfield'),
    (851, 'Bartram', 'Kliement'),
    (852, 'Shanan', 'Awcock'),
    (853, 'Cleo', 'Beetlestone'),
    (854, 'Natalee', 'Newlove'),
    (855, 'Izaak', 'Ruddoch'),
    (856, 'Marco', 'Cannings'),
    (857, 'Miranda', 'Gregor'),
    (858, 'Terrye', 'Waszkiewicz'),
    (859, 'Magdalene', 'Balsdone'),
    (860, 'Bobine', 'Rolley'),
    (861, 'Brittany', 'Mozzini'),
    (862, 'Jordanna', 'Benedettini'),
    (863, 'Simmonds', 'Errichelli'),
    (864, 'Randene', 'De Meyer'),
    (865, 'Karlene', 'Drydale'),
    (866, 'Minda', 'Leil'),
    (867, 'Edmon', 'Robke'),
    (868, 'Koo', 'Potkin'),
    (869, 'Chelsey', 'Thwaite'),
    (870, 'Mathe', 'Crowch'),
    (871, 'Ellwood', 'Brearton'),
    (872, 'Mordy', 'Shingfield'),
    (873, 'Cassandry', 'Myrie'),
    (874, 'Harriott', 'Calfe'),
    (875, 'Ricoriki', 'Manclark'),
    (876, 'Onida', 'Coston'),
    (877, 'Kristos', 'Naseby'),
    (878, 'Quinta', 'Dy'),
    (879, 'Jackelyn', 'Klimochkin'),
    (880, 'Ola', 'Ferry'),
    (881, 'Silvan', 'Mainson'),
    (882, 'Michel', 'Simonetto'),
    (883, 'Alfredo', 'Stanner'),
    (884, 'Ruy', 'Dimic'),
    (885, 'Jacky', 'Brightling'),
    (886, 'Bartlett', 'Karlqvist'),
    (887, 'Raviv', 'MacCoughan'),
    (888, 'Rubina', 'Sedwick'),
    (889, 'Moss', 'Lafrentz'),
    (890, 'Alfonso', 'Pursehouse'),
    (891, 'Phip', 'MacVay'),
    (892, 'Ellyn', 'Hadrill'),
    (893, 'Wallis', 'Thick'),
    (894, 'Hilarius', 'Haughton'),
    (895, 'Kirbie', 'Muddle'),
    (896, 'Winny', 'Simeon'),
    (897, 'Helen-elizabeth', 'Strete'),
    (898, 'Diena', 'Brothers'),
    (899, 'Aldridge', 'Broader'),
    (900, 'Valentino', 'Reihm'),
    (901, 'Indira', 'Gerrels'),
    (902, 'Davina', 'Rann'),
    (903, 'Gonzalo', 'Hantusch'),
    (904, 'Mae', 'Leates'),
    (905, 'Devland', 'Larratt'),
    (906, 'Norris', 'Stimpson'),
    (907, 'Cynde', 'Di Claudio'),
    (908, 'Arley', 'Lindemann'),
    (909, 'Lotty', 'Pendre'),
    (910, 'Jody', 'Hagergham'),
    (911, 'Burt', 'Stanman'),
    (912, 'Florie', 'Gaukroger'),
    (913, 'Junette', 'Stellino'),
    (914, 'Ashely', 'Iacovucci'),
    (915, 'Murry', 'Skotcher'),
    (916, 'Danny', 'Samwayes'),
    (917, 'Willi', 'Trinkwon'),
    (918, 'Lorain', 'Astman'),
    (919, 'Gerrie', 'Eke'),
    (920, 'Elfreda', 'Kroger'),
    (921, 'Ruddie', 'Tookey'),
    (922, 'Norbie', 'Whitford'),
    (923, 'Cassie', 'Matzkaitis'),
    (924, 'Kylila', 'Cadd'),
    (925, 'Guillema', 'Tampin'),
    (926, 'Augie', 'Normand'),
    (927, 'Roshelle', 'Courtney'),
    (928, 'Kari', 'Critchell'),
    (929, 'Temp', 'O''Callaghan'),
    (930, 'Elke', 'Radbond'),
    (931, 'Garret', 'Whellans'),
    (932, 'Tiffi', 'Gulk'),
    (933, 'Rosalia', 'Spada'),
    (934, 'Benita', 'McDonand'),
    (935, 'Aylmer', 'Portch'),
    (936, 'Selene', 'Elcom'),
    (937, 'Julee', 'Kirkland'),
    (938, 'Tracy', 'Mallon'),
    (939, 'Tony', 'Daulby'),
    (940, 'Merl', 'Cockrill'),
    (941, 'Ree', 'Phillpot'),
    (942, 'Kala', 'Coweuppe'),
    (943, 'Glenden', 'Comi'),
    (944, 'Mara', 'Lonie'),
    (945, 'Daffie', 'Winsiowiecki'),
    (946, 'Bobbie', 'Blackly'),
    (947, 'Elwyn', 'Halleday'),
    (948, 'Orelie', 'Vannikov'),
    (949, 'Marian', 'Galley'),
    (950, 'Anton', 'Brickner'),
    (951, 'Cullin', 'Gavahan'),
    (952, 'Quintilla', 'Burgis'),
    (953, 'Taddeusz', 'Kearney'),
    (954, 'Sinclare', 'Leverage'),
    (955, 'Damara', 'Boyse'),
    (956, 'Petr', 'Greson'),
    (957, 'Heida', 'Benoi'),
    (958, 'Terrell', 'Backshill'),
    (959, 'Gothart', 'Floyde'),
    (960, 'Quent', 'Pepin'),
    (961, 'Alon', 'Jeandon'),
    (962, 'Roselin', 'Ambroz'),
    (963, 'Melvin', 'Weatherup'),
    (964, 'Susan', 'Blanchard'),
    (965, 'Xavier', 'Coulthart'),
    (966, 'Dulciana', 'Naire'),
    (967, 'Free', 'Grundon'),
    (968, 'Ced', 'Jurca'),
    (969, 'Rich', 'Dingle'),
    (970, 'Giraud', 'Trotman'),
    (971, 'Aarika', 'Chantrell'),
    (972, 'June', 'Barnaclough'),
    (973, 'Lotty', 'Roistone'),
    (974, 'Charmane', 'Bewly'),
    (975, 'Dodi', 'Menzies'),
    (976, 'Catlin', 'Domokos'),
    (977, 'Aaren', 'Szymonwicz'),
    (978, 'Vance', 'De Blasiis'),
    (979, 'Gannie', 'Hearty'),
    (980, 'Belicia', 'Grzegorek'),
    (981, 'Cordelia', 'Medler'),
    (982, 'Rafi', 'Keating'),
    (983, 'Leroy', 'Potell'),
    (984, 'Pam', 'Eldin'),
    (985, 'Ursala', 'Bolzen'),
    (986, 'Kelci', 'Fillis'),
    (987, 'Allene', 'Aynsley'),
    (988, 'Marcile', 'Worledge'),
    (989, 'Debi', 'Micheli'),
    (990, 'Elsbeth', 'Delacroux'),
    (991, 'Augusta', 'Morant'),
    (992, 'Boycie', 'Jeffreys'),
    (993, 'Aurea', 'Klas'),
    (994, 'Marcela', 'Woakes'),
    (995, 'Shadow', 'McDavitt'),
    (996, 'Violante', 'Ambrogini'),
    (997, 'Cordi', 'Faudrie'),
    (998, 'Paulie', 'Pedlingham'),
    (999, 'Sal', 'O''Caine'),
    (1000, 'Carey', 'Crutch');

-- Создание связей один-к-одному и один-ко-многим для клиентов

CREATE TABLE IF NOT EXISTS client_document
(
    document_id INT AUTO_INCREMENT
        PRIMARY KEY,
    client_id   INT,
    CONSTRAINT client_document_client_client_id_fk
        FOREIGN KEY (client_id)
            REFERENCES client (client_id),
    document    VARCHAR(255) NOT NULL -- Сведения о документе
)
    COMMENT 'Документ удостоверяющий клиента';

CREATE INDEX client_document_client_id_index
    ON client_document (client_id);

INSERT INTO client_document (client_id, document)
VALUES
    (1, '369-zon-2989'),
    (2, '510-wlg-8405'),
    (3, '226-hct-6211'),
    (4, '100-ftb-8096'),
    (5, '391-iak-1739'),
    (6, '744-rob-1288'),
    (7, '391-iwa-4994'),
    (8, '317-ojh-1293'),
    (9, '698-gzz-3685'),
    (10, '929-pal-2463'),
    (11, '818-goc-2888'),
    (12, '704-ums-3918'),
    (13, '770-fla-2945'),
    (14, '953-phe-5826'),
    (15, '616-zju-2225'),
    (16, '724-apo-9916'),
    (17, '460-any-9353'),
    (18, '815-ete-8549'),
    (19, '234-bwh-4674'),
    (20, '005-shb-1204'),
    (21, '664-nxm-7328'),
    (22, '440-niv-1317'),
    (23, '478-crb-8403'),
    (24, '145-gcs-7023'),
    (25, '511-mxr-8487'),
    (26, '038-esm-2706'),
    (27, '576-flx-9292'),
    (28, '724-zoc-2035'),
    (29, '063-bbv-8543'),
    (30, '539-tla-5688'),
    (31, '364-wek-4300'),
    (32, '176-avq-8201'),
    (33, '390-iyy-0335'),
    (34, '413-bkb-3208'),
    (35, '967-koc-4675'),
    (36, '256-dtz-4212'),
    (37, '360-mgx-1035'),
    (38, '007-vuv-2487'),
    (39, '593-zio-5017'),
    (40, '643-eyc-4590'),
    (41, '125-qah-0688'),
    (42, '525-mbj-9329'),
    (43, '453-vvp-1706'),
    (44, '740-nnd-9984'),
    (45, '797-fmj-5964'),
    (46, '378-tfe-2809'),
    (47, '576-hmd-3710'),
    (48, '706-laa-2385'),
    (49, '817-ubt-5335'),
    (50, '403-ixu-8341'),
    (51, '571-rva-6286'),
    (52, '018-yah-9762'),
    (53, '967-ppb-4608'),
    (54, '859-ncf-8890'),
    (55, '132-zxp-7868'),
    (56, '190-nnl-5571'),
    (57, '420-emx-1120'),
    (58, '696-xrb-9174'),
    (59, '585-bxs-7856'),
    (60, '237-cnl-2316'),
    (61, '646-ikx-9643'),
    (62, '836-fxr-1124'),
    (63, '517-dte-6709'),
    (64, '338-ydb-5631'),
    (65, '870-fzu-6089'),
    (66, '303-xpb-5231'),
    (67, '277-ily-9297'),
    (68, '203-rsb-0679'),
    (69, '829-ckf-7918'),
    (70, '697-evd-0214'),
    (71, '754-cym-8276'),
    (72, '471-zbq-4064'),
    (73, '383-ses-4945'),
    (74, '321-jzp-6892'),
    (75, '487-nqa-3793'),
    (76, '119-kkf-9362'),
    (77, '141-jbf-9006'),
    (78, '638-qst-9901'),
    (79, '543-bmc-8686'),
    (80, '063-lxg-8881'),
    (81, '107-owe-7467'),
    (82, '549-fag-8340'),
    (83, '371-rpm-8507'),
    (84, '368-jwv-8144'),
    (85, '880-tcx-4406'),
    (86, '191-xil-5471'),
    (87, '371-jeg-0102'),
    (88, '492-yza-1970'),
    (89, '805-scp-8163'),
    (90, '110-fnp-7162'),
    (91, '067-gkt-4033'),
    (92, '810-mhe-2382'),
    (93, '031-xxt-0691'),
    (94, '951-coi-1632'),
    (95, '309-bwj-4954'),
    (96, '564-fvx-5997'),
    (97, '399-hiw-5962'),
    (98, '909-muf-5385'),
    (99, '811-zzf-4660'),
    (100, '062-pwy-1626'),
    (101, '156-fqa-2006'),
    (102, '099-fdj-6498'),
    (103, '569-pcs-4182'),
    (104, '120-jqo-6684'),
    (105, '535-ebm-9875'),
    (106, '815-gvn-7180'),
    (107, '518-kio-0438'),
    (108, '713-yzg-4498'),
    (109, '497-cru-1222'),
    (110, '605-hqg-9815'),
    (111, '932-mlb-5610'),
    (112, '483-qxq-9484'),
    (113, '785-uvs-3926'),
    (114, '388-wzk-4104'),
    (115, '167-dvs-4286'),
    (116, '804-uuz-0385'),
    (117, '774-ite-7606'),
    (118, '298-srs-2742'),
    (119, '431-ngs-5510'),
    (120, '617-sih-2513'),
    (121, '594-rsg-1966'),
    (122, '597-iza-7052'),
    (123, '148-zzk-9707'),
    (124, '188-ase-0789'),
    (125, '706-ncr-9125'),
    (126, '119-jmk-9870'),
    (127, '690-dre-7898'),
    (128, '814-ykr-2151'),
    (129, '683-foz-6376'),
    (130, '339-gpa-8597'),
    (131, '515-vqe-6444'),
    (132, '092-ozx-8636'),
    (133, '322-lmf-4524'),
    (134, '093-ixs-9423'),
    (135, '744-wcp-4485'),
    (136, '510-rvd-3342'),
    (137, '182-msn-7319'),
    (138, '507-xen-9728'),
    (139, '045-wfj-0412'),
    (140, '241-xkx-4744'),
    (141, '981-yvt-2052'),
    (142, '970-wvm-4930'),
    (143, '711-ldz-4957'),
    (144, '378-kpe-2220'),
    (145, '238-gcu-7936'),
    (146, '552-llr-5153'),
    (147, '533-gbu-3561'),
    (148, '262-wxn-0640'),
    (149, '731-ypb-6310'),
    (150, '689-vxg-0501'),
    (151, '350-cvk-3876'),
    (152, '382-ama-2896'),
    (153, '941-uel-4292'),
    (154, '955-vup-3329'),
    (155, '870-jtw-2881'),
    (156, '813-bvd-3979'),
    (157, '513-xnz-6692'),
    (158, '457-ajw-7659'),
    (159, '103-nhs-3446'),
    (160, '542-oow-2694'),
    (161, '871-gao-4016'),
    (162, '029-fdr-4777'),
    (163, '531-klp-8735'),
    (164, '957-jju-2001'),
    (165, '364-qhc-7702'),
    (166, '353-qil-4695'),
    (167, '113-kng-6628'),
    (168, '768-fup-1420'),
    (169, '022-adb-0244'),
    (170, '648-lzj-9966'),
    (171, '976-cve-9670'),
    (172, '778-jmq-6144'),
    (173, '607-wab-4207'),
    (174, '304-zbu-6885'),
    (175, '952-xlt-5751'),
    (176, '796-frs-6468'),
    (177, '106-uow-1154'),
    (178, '512-qpo-7584'),
    (179, '014-wyt-2729'),
    (180, '727-joo-1859'),
    (181, '639-vgt-5811'),
    (182, '517-alx-1783'),
    (183, '872-lvp-3655'),
    (184, '788-ijj-2988'),
    (185, '083-nzw-9593'),
    (186, '902-lmf-4961'),
    (187, '652-uxp-8922'),
    (188, '286-fzz-7799'),
    (189, '160-aor-6657'),
    (190, '597-clk-8195'),
    (191, '831-rsb-2090'),
    (192, '763-tvf-5448'),
    (193, '202-bnp-6705'),
    (194, '638-okp-4888'),
    (195, '086-kym-0499'),
    (196, '230-mqy-6931'),
    (197, '711-shf-0690'),
    (198, '302-mcg-2528'),
    (199, '612-tqh-0201'),
    (200, '521-zzx-6127'),
    (201, '473-ctu-7496'),
    (202, '038-kip-8763'),
    (203, '488-yyg-9255'),
    (204, '919-jsz-3944'),
    (205, '540-rqd-3030'),
    (206, '782-tmt-0616'),
    (207, '831-ncq-4200'),
    (208, '470-cnf-7096'),
    (209, '199-kah-0549'),
    (210, '025-xus-3073'),
    (211, '782-myw-4168'),
    (212, '324-kfc-9229'),
    (213, '143-gku-7893'),
    (214, '675-kyi-7022'),
    (215, '226-jmc-8080'),
    (216, '740-qbx-4365'),
    (217, '732-lsx-9416'),
    (218, '108-lpi-5252'),
    (219, '555-azt-8247'),
    (220, '455-kyz-0203'),
    (221, '631-hyz-1249'),
    (222, '377-png-5944'),
    (223, '797-qia-3983'),
    (224, '232-who-2604'),
    (225, '121-lla-2049'),
    (226, '063-mmt-1467'),
    (227, '441-jxx-5630'),
    (228, '266-zqg-8236'),
    (229, '941-lml-2970'),
    (230, '778-cxd-1265'),
    (231, '469-mjb-2130'),
    (232, '971-iry-6000'),
    (233, '121-vqt-9608'),
    (234, '994-rqe-8573'),
    (235, '764-qdq-8056'),
    (236, '309-xoz-1090'),
    (237, '918-gye-0707'),
    (238, '996-ssg-4152'),
    (239, '281-vqh-5323'),
    (240, '946-xxp-5549'),
    (241, '453-lnp-9311'),
    (242, '194-jdf-7727'),
    (243, '345-bhs-9752'),
    (244, '870-yqm-2670'),
    (245, '911-wra-9485'),
    (246, '190-sax-7001'),
    (247, '832-xem-8224'),
    (248, '380-izb-5646'),
    (249, '401-mqh-5883'),
    (250, '786-fes-5536'),
    (251, '996-kze-2963'),
    (252, '458-ovp-6030'),
    (253, '959-pio-0265'),
    (254, '884-hpr-2841'),
    (255, '010-ilj-0428'),
    (256, '672-kiu-9517'),
    (257, '261-ogg-2989'),
    (258, '951-pmq-8608'),
    (259, '439-okx-2332'),
    (260, '008-atx-4898'),
    (261, '677-zla-2372'),
    (262, '218-ufq-9734'),
    (263, '471-dtw-2344'),
    (264, '063-qmi-5035'),
    (265, '173-mmm-3207'),
    (266, '871-lsy-9073'),
    (267, '443-bpm-8942'),
    (268, '090-fhi-6816'),
    (269, '137-uim-0093'),
    (270, '158-pri-3427'),
    (271, '103-vtu-3144'),
    (272, '216-mfy-9284'),
    (273, '929-bto-9502'),
    (274, '817-zxy-4531'),
    (275, '813-xtn-6237'),
    (276, '339-qcy-4310'),
    (277, '422-juu-7737'),
    (278, '757-xkf-3593'),
    (279, '713-kdj-6864'),
    (280, '194-ryv-3916'),
    (281, '389-fvy-2556'),
    (282, '516-ihr-1041'),
    (283, '682-jux-7413'),
    (284, '231-but-9753'),
    (285, '688-kai-4911'),
    (286, '697-hqi-1246'),
    (287, '182-tcm-2821'),
    (288, '872-zql-2811'),
    (289, '895-gir-0620'),
    (290, '412-qkz-7450'),
    (291, '192-jbx-8616'),
    (292, '329-zmm-6803'),
    (293, '649-pys-8244'),
    (294, '995-dfz-2565'),
    (295, '409-hci-7808'),
    (296, '688-fgx-8722'),
    (297, '282-muw-7030'),
    (298, '261-ied-9645'),
    (299, '651-tpa-7568'),
    (300, '631-axe-8999'),
    (301, '210-gzw-7871'),
    (302, '809-jth-1289'),
    (303, '534-jkt-4062'),
    (304, '712-bjg-1966'),
    (305, '981-xvm-9250'),
    (306, '591-hmd-6287'),
    (307, '094-qaq-3260'),
    (308, '855-fht-7851'),
    (309, '149-ewn-4432'),
    (310, '926-gaa-4898'),
    (311, '275-idl-0779'),
    (312, '424-arf-2613'),
    (313, '187-wyc-8644'),
    (314, '179-leb-8762'),
    (315, '234-qtk-1301'),
    (316, '453-jim-2579'),
    (317, '034-mnr-1425'),
    (318, '457-oli-3620'),
    (319, '927-rwp-8700'),
    (320, '552-itq-9731'),
    (321, '289-smw-9678'),
    (322, '917-dya-2534'),
    (323, '140-ncj-0509'),
    (324, '724-iga-2555'),
    (325, '870-xlf-8570'),
    (326, '567-sdp-9887'),
    (327, '462-oky-7680'),
    (328, '320-vxn-6291'),
    (329, '399-evf-5094'),
    (330, '704-agj-9986'),
    (331, '371-khg-2737'),
    (332, '245-cna-6606'),
    (333, '785-eux-7659'),
    (334, '224-wxl-9755'),
    (335, '375-ozb-9985'),
    (336, '219-nkl-5433'),
    (337, '875-uub-9624'),
    (338, '709-ove-8612'),
    (339, '131-zvm-4043'),
    (340, '346-tvl-0142'),
    (341, '853-gmt-9619'),
    (342, '855-zbn-3643'),
    (343, '579-kdn-2795'),
    (344, '575-cey-8352'),
    (345, '755-ncy-7723'),
    (346, '174-qbh-4155'),
    (347, '112-yyd-9320'),
    (348, '228-nok-9596'),
    (349, '537-zrh-7596'),
    (350, '064-mrk-7080'),
    (351, '676-xvw-2934'),
    (352, '636-vif-8996'),
    (353, '582-qlx-5367'),
    (354, '868-wgt-0158'),
    (355, '277-hmp-9303'),
    (356, '881-stj-2708'),
    (357, '495-brc-8183'),
    (358, '891-aed-1398'),
    (359, '952-anq-1371'),
    (360, '206-ljm-9395'),
    (361, '401-xaf-5242'),
    (362, '017-fgv-0054'),
    (363, '365-pst-9303'),
    (364, '084-vne-2553'),
    (365, '892-reh-3741'),
    (366, '800-wjx-8710'),
    (367, '089-aiu-0410'),
    (368, '763-hcc-3048'),
    (369, '730-sis-0261'),
    (370, '209-hvp-6202'),
    (371, '658-cvg-7003'),
    (372, '669-ggt-0708'),
    (373, '102-xki-2263'),
    (374, '226-qjz-5805'),
    (375, '143-ohw-0748'),
    (376, '564-tak-4767'),
    (377, '967-tae-9471'),
    (378, '747-szx-2934'),
    (379, '960-rbp-7739'),
    (380, '519-ith-4005'),
    (381, '929-mhy-1417'),
    (382, '188-bcp-8926'),
    (383, '380-pim-9444'),
    (384, '810-hpw-8417'),
    (385, '193-bco-7819'),
    (386, '565-vds-1085'),
    (387, '375-oia-8589'),
    (388, '063-kwf-4643'),
    (389, '228-pon-5481'),
    (390, '460-llu-2423'),
    (391, '197-yga-7096'),
    (392, '425-eso-7017'),
    (393, '353-mys-0341'),
    (394, '036-zqy-3858'),
    (395, '564-udw-1646'),
    (396, '652-bhn-5975'),
    (397, '930-vlk-3402'),
    (398, '938-fcx-9545'),
    (399, '633-jor-0414'),
    (400, '506-raf-9329'),
    (401, '208-bjk-3091'),
    (402, '790-tjn-1938'),
    (403, '212-dpa-6514'),
    (404, '235-qei-1314'),
    (405, '001-lcu-3277'),
    (406, '545-dqk-7697'),
    (407, '401-vrk-9835'),
    (408, '839-ipf-2084'),
    (409, '745-mrj-5689'),
    (410, '037-kdb-4930'),
    (411, '596-ymt-9513'),
    (412, '556-oxv-4292'),
    (413, '481-emf-7246'),
    (414, '487-lea-3141'),
    (415, '754-wfc-8576'),
    (416, '829-hub-6696'),
    (417, '596-vic-0252'),
    (418, '561-qmd-0150'),
    (419, '117-pqs-7956'),
    (420, '988-dtc-1746'),
    (421, '541-byp-6066'),
    (422, '463-bfv-4361'),
    (423, '436-zbf-7190'),
    (424, '156-szz-2640'),
    (425, '823-rzi-7886'),
    (426, '758-kjp-3674'),
    (427, '476-pkg-0634'),
    (428, '440-okw-0227'),
    (429, '922-hit-3006'),
    (430, '578-hjo-0156'),
    (431, '846-ywn-4598'),
    (432, '315-owp-6203'),
    (433, '826-pnd-6710'),
    (434, '521-bim-3257'),
    (435, '734-auy-3704'),
    (436, '831-axx-9073'),
    (437, '808-tjr-1886'),
    (438, '942-upc-9742'),
    (439, '214-ctq-0616'),
    (440, '411-zrn-8932'),
    (441, '155-szu-7770'),
    (442, '483-tgn-1866'),
    (443, '065-dsb-5825'),
    (444, '334-nsn-2380'),
    (445, '900-qxs-8746'),
    (446, '451-qcv-4151'),
    (447, '681-qdr-5204'),
    (448, '602-nec-6525'),
    (449, '064-tbi-7436'),
    (450, '248-url-6104'),
    (451, '372-xab-6350'),
    (452, '665-ptn-1471'),
    (453, '617-glf-4868'),
    (454, '313-jvi-1529'),
    (455, '380-vnl-2769'),
    (456, '524-wbz-5614'),
    (457, '219-zfm-8196'),
    (458, '961-vbh-3142'),
    (459, '441-nlg-5120'),
    (460, '893-olr-0709'),
    (461, '998-lju-5476'),
    (462, '403-vrc-0226'),
    (463, '971-afe-5699'),
    (464, '178-axm-9041'),
    (465, '964-utb-0107'),
    (466, '951-sgs-6202'),
    (467, '333-xxl-4954'),
    (468, '883-mds-6661'),
    (469, '163-pss-0320'),
    (470, '996-beh-0142'),
    (471, '034-cww-7451'),
    (472, '713-dtt-3036'),
    (473, '629-wug-3258'),
    (474, '261-voy-4069'),
    (475, '694-lhw-0665'),
    (476, '327-kzz-1974'),
    (477, '905-wlj-3565'),
    (478, '052-tam-4652'),
    (479, '400-vuv-1396'),
    (480, '136-bot-1601'),
    (481, '264-edi-1136'),
    (482, '164-uuv-8952'),
    (483, '608-yej-9448'),
    (484, '171-ppi-6131'),
    (485, '042-kgv-3716'),
    (486, '671-pis-8908'),
    (487, '785-yiy-8830'),
    (488, '247-cbi-2693'),
    (489, '352-wmr-0699'),
    (490, '297-evd-3320'),
    (491, '170-zja-3635'),
    (492, '341-vdt-0599'),
    (493, '992-kyk-9231'),
    (494, '920-ams-5996'),
    (495, '987-ooc-4559'),
    (496, '256-kht-0295'),
    (497, '323-ncn-3843'),
    (498, '871-lrc-3978'),
    (499, '444-iff-2281'),
    (500, '975-unm-7622'),
    (501, '764-pgs-8868'),
    (502, '741-mto-7231'),
    (503, '525-lcr-1500'),
    (504, '218-odm-1451'),
    (505, '478-qio-3871'),
    (506, '807-zal-4413'),
    (507, '751-oqw-9786'),
    (508, '511-jqa-3815'),
    (509, '351-wup-8739'),
    (510, '933-jgs-5928'),
    (511, '629-uef-7450'),
    (512, '037-ufr-9724'),
    (513, '311-ruf-5224'),
    (514, '299-map-1730'),
    (515, '190-irb-6191'),
    (516, '973-vld-4056'),
    (517, '623-qhq-0478'),
    (518, '851-yow-6653'),
    (519, '912-xbi-3258'),
    (520, '280-pcv-1090'),
    (521, '054-udh-4090'),
    (522, '669-ntq-2436'),
    (523, '531-wuy-8373'),
    (524, '538-evn-9480'),
    (525, '829-ryy-8086'),
    (526, '176-lla-6510'),
    (527, '074-mnh-5184'),
    (528, '577-ufb-8593'),
    (529, '405-jpo-0427'),
    (530, '221-frq-6634'),
    (531, '161-wpi-9113'),
    (532, '614-hxs-0028'),
    (533, '674-zju-3630'),
    (534, '117-kng-3641'),
    (535, '403-dkj-1262'),
    (536, '019-xqq-5061'),
    (537, '465-cwx-8540'),
    (538, '394-mfa-0485'),
    (539, '813-mjr-5595'),
    (540, '841-yza-2816'),
    (541, '857-twb-8329'),
    (542, '128-ppw-9929'),
    (543, '134-gbl-2968'),
    (544, '944-sps-0641'),
    (545, '152-whr-2356'),
    (546, '005-fkf-0570'),
    (547, '917-daj-1429'),
    (548, '616-wid-7819'),
    (549, '454-ybg-9841'),
    (550, '730-wut-5267'),
    (551, '578-qbv-7265'),
    (552, '706-rmw-2189'),
    (553, '437-ysq-7307'),
    (554, '049-jlf-1524'),
    (555, '159-hkv-0482'),
    (556, '845-ffn-8562'),
    (557, '379-cct-1612'),
    (558, '105-uvf-2464'),
    (559, '740-idr-7364'),
    (560, '492-pqi-4203'),
    (561, '963-xuf-2815'),
    (562, '575-myw-5667'),
    (563, '719-uzg-3970'),
    (564, '026-hcj-5659'),
    (565, '998-can-5868'),
    (566, '162-uac-4503'),
    (567, '170-ill-3091'),
    (568, '505-ain-8240'),
    (569, '431-esh-8413'),
    (570, '748-osj-6840'),
    (571, '472-gfq-1866'),
    (572, '206-kea-6406'),
    (573, '144-emu-2375'),
    (574, '278-jcy-2903'),
    (575, '534-muw-1327'),
    (576, '665-qfe-7127'),
    (577, '469-jfq-7159'),
    (578, '389-cga-4509'),
    (579, '259-eif-8918'),
    (580, '414-avs-5298'),
    (581, '830-xjp-3102'),
    (582, '401-inx-5464'),
    (583, '024-gju-7174'),
    (584, '504-wgy-4205'),
    (585, '937-cqt-4778'),
    (586, '049-rkc-1688'),
    (587, '441-dpw-6896'),
    (588, '951-uks-8487'),
    (589, '834-lfd-0802'),
    (590, '105-ngu-6314'),
    (591, '087-qwl-3041'),
    (592, '745-lex-5575'),
    (593, '323-zup-7103'),
    (594, '148-ufs-3662'),
    (595, '991-cfm-1679'),
    (596, '572-tbi-9102'),
    (597, '174-tph-0994'),
    (598, '824-cab-2509'),
    (599, '182-vbn-2504'),
    (600, '136-xvf-1937'),
    (601, '967-nat-3733'),
    (602, '779-qeb-7045'),
    (603, '400-ynk-4637'),
    (604, '100-uvg-7081'),
    (605, '728-flp-2047'),
    (606, '604-sfg-8557'),
    (607, '806-nfd-6879'),
    (608, '149-hye-8043'),
    (609, '447-uae-4277'),
    (610, '641-wqj-4961'),
    (611, '106-dzv-6113'),
    (612, '204-qsa-7430'),
    (613, '289-fsr-6095'),
    (614, '547-wmr-9216'),
    (615, '105-cow-9223'),
    (616, '839-efd-3899'),
    (617, '144-vcu-4082'),
    (618, '910-rfy-6399'),
    (619, '071-kuo-5410'),
    (620, '443-wua-1039'),
    (621, '969-bej-4416'),
    (622, '495-ots-5037'),
    (623, '959-tsh-7281'),
    (624, '286-tvk-6081'),
    (625, '424-uyr-6877'),
    (626, '189-zik-6697'),
    (627, '057-wsz-0573'),
    (628, '384-txf-3744'),
    (629, '412-umm-7540'),
    (630, '949-eob-1617'),
    (631, '910-wiv-4202'),
    (632, '217-eqx-6759'),
    (633, '412-eur-6902'),
    (634, '474-eam-9797'),
    (635, '322-kda-0456'),
    (636, '052-bvo-1057'),
    (637, '930-eiz-5029'),
    (638, '430-nss-3376'),
    (639, '472-anl-4698'),
    (640, '538-rru-9377'),
    (641, '559-sou-3224'),
    (642, '723-htw-0306'),
    (643, '830-hdc-7180'),
    (644, '200-vnq-1403'),
    (645, '500-ngw-4093'),
    (646, '628-zfa-9299'),
    (647, '179-fvc-4709'),
    (648, '356-tcp-2784'),
    (649, '433-xrt-9849'),
    (650, '913-vst-9050'),
    (651, '061-uvz-1421'),
    (652, '175-upl-3315'),
    (653, '259-oit-7527'),
    (654, '717-xgf-7952'),
    (655, '338-eal-4542'),
    (656, '098-kko-2599'),
    (657, '549-gop-5614'),
    (658, '306-iwu-2909'),
    (659, '811-lje-7582'),
    (660, '145-syl-6769'),
    (661, '467-hym-2421'),
    (662, '224-biu-4685'),
    (663, '564-nxa-2173'),
    (664, '501-yab-8920'),
    (665, '471-xhu-9566'),
    (666, '980-yvo-8958'),
    (667, '250-ben-6415'),
    (668, '126-kpq-6217'),
    (669, '798-ntj-0179'),
    (670, '371-gpd-3723'),
    (671, '004-ugp-8851'),
    (672, '461-xbc-2512'),
    (673, '233-wih-2574'),
    (674, '989-xmb-0415'),
    (675, '737-bcg-4948'),
    (676, '079-eny-6400'),
    (677, '696-cvz-6291'),
    (678, '823-tar-1696'),
    (679, '830-dua-5971'),
    (680, '068-gqm-0096'),
    (681, '806-lte-7213'),
    (682, '953-abo-4727'),
    (683, '461-wqa-8480'),
    (684, '868-lex-3451'),
    (685, '748-nal-5667'),
    (686, '076-jgc-5043'),
    (687, '765-tlp-3331'),
    (688, '577-gmo-3229'),
    (689, '314-pfk-1980'),
    (690, '174-rpa-8665'),
    (691, '495-obq-4846'),
    (692, '173-zta-2034'),
    (693, '343-fuo-9690'),
    (694, '279-szo-7306'),
    (695, '335-ptt-1746'),
    (696, '618-gtp-7747'),
    (697, '707-odn-3616'),
    (698, '088-chh-5576'),
    (699, '912-kul-8991'),
    (700, '305-sua-3885'),
    (701, '814-vpu-5746'),
    (702, '086-iqy-6312'),
    (703, '679-flf-5499'),
    (704, '221-ytm-8843'),
    (705, '344-jav-0735'),
    (706, '619-voh-4809'),
    (707, '010-ltl-4087'),
    (708, '657-bji-4098'),
    (709, '618-jet-3847'),
    (710, '824-ron-3500'),
    (711, '657-uju-9522'),
    (712, '788-qit-1998'),
    (713, '144-tmn-6244'),
    (714, '038-ebi-7604'),
    (715, '990-wjd-4465'),
    (716, '208-ewn-6926'),
    (717, '686-nme-5425'),
    (718, '192-uei-3151'),
    (719, '009-igx-8802'),
    (720, '749-acy-9258'),
    (721, '271-ppw-8559'),
    (722, '890-mrs-6502'),
    (723, '521-rty-3534'),
    (724, '276-gix-1239'),
    (725, '934-bos-6320'),
    (726, '799-yea-4780'),
    (727, '575-xch-8499'),
    (728, '143-rld-4802'),
    (729, '663-vka-1544'),
    (730, '406-ucn-4464'),
    (731, '865-ygu-9861'),
    (732, '713-scs-6527'),
    (733, '507-kmn-0425'),
    (734, '004-gff-5326'),
    (735, '028-mdn-6266'),
    (736, '764-tal-8381'),
    (737, '368-hhz-6042'),
    (738, '360-mfa-9652'),
    (739, '117-hcv-0158'),
    (740, '699-bkx-5115'),
    (741, '021-czm-1892'),
    (742, '281-xqi-0431'),
    (743, '961-nws-3169'),
    (744, '996-tbx-5121'),
    (745, '487-vxn-9894'),
    (746, '040-dro-8266'),
    (747, '750-nby-7055'),
    (748, '133-vou-8613'),
    (749, '921-aqj-7888'),
    (750, '812-znr-3055'),
    (751, '587-vkp-3103'),
    (752, '929-clq-1646'),
    (753, '800-zlv-6957'),
    (754, '013-lzq-6419'),
    (755, '461-obj-4596'),
    (756, '346-tpy-4428'),
    (757, '504-ydl-4209'),
    (758, '654-edl-5134'),
    (759, '482-mxl-0670'),
    (760, '824-glu-3468'),
    (761, '255-zdr-8762'),
    (762, '501-slk-4823'),
    (763, '173-ssc-0452'),
    (764, '217-rus-4730'),
    (765, '765-vea-7783'),
    (766, '252-swn-8452'),
    (767, '125-whi-0466'),
    (768, '965-cah-3205'),
    (769, '335-zet-3499'),
    (770, '450-loq-1953'),
    (771, '335-hso-5371'),
    (772, '468-tvw-6355'),
    (773, '070-pap-2599'),
    (774, '559-fpr-7955'),
    (775, '982-rix-9823'),
    (776, '514-iuc-4839'),
    (777, '292-ivv-9170'),
    (778, '652-vdu-5070'),
    (779, '065-fhm-1986'),
    (780, '788-bbr-7628'),
    (781, '966-hhb-0951'),
    (782, '660-bjq-8640'),
    (783, '807-pmm-7181'),
    (784, '269-gtn-6012'),
    (785, '719-tcd-1064'),
    (786, '308-svl-7703'),
    (787, '986-mwx-3297'),
    (788, '520-ysj-8574'),
    (789, '557-fxx-9549'),
    (790, '581-wyn-0190'),
    (791, '220-uoe-1350'),
    (792, '464-kdv-0438'),
    (793, '304-stu-3560'),
    (794, '952-xkp-1967'),
    (795, '073-luh-6095'),
    (796, '174-kqj-7194'),
    (797, '213-som-9426'),
    (798, '526-lfl-6141'),
    (799, '747-axx-6101'),
    (800, '949-mfj-6948'),
    (801, '792-pcl-1328'),
    (802, '980-ate-9871'),
    (803, '071-ffg-5254'),
    (804, '050-yma-3664'),
    (805, '915-dad-6521'),
    (806, '378-oci-7501'),
    (807, '869-fqh-5656'),
    (808, '392-qff-0526'),
    (809, '638-rqc-1498'),
    (810, '878-pvm-7526'),
    (811, '864-qsv-9390'),
    (812, '103-rkg-5037'),
    (813, '078-ioh-9369'),
    (814, '720-zjn-3320'),
    (815, '081-swi-5413'),
    (816, '676-qzi-9488'),
    (817, '915-knk-1967'),
    (818, '234-bgs-2839'),
    (819, '897-dwm-5482'),
    (820, '021-bbh-3227'),
    (821, '643-sxo-2167'),
    (822, '600-oyw-8126'),
    (823, '325-jxr-5061'),
    (824, '026-mwe-4894'),
    (825, '478-htb-2815'),
    (826, '602-mhi-0086'),
    (827, '690-qda-5872'),
    (828, '546-rho-3390'),
    (829, '393-zyi-1357'),
    (830, '158-bhr-2158'),
    (831, '943-kmn-7406'),
    (832, '566-mhj-5113'),
    (833, '226-pjc-8629'),
    (834, '779-fgh-1355'),
    (835, '565-hwk-8544'),
    (836, '744-por-3973'),
    (837, '212-hvv-1084'),
    (838, '897-iwk-7309'),
    (839, '281-msx-6744'),
    (840, '917-zjy-2488'),
    (841, '792-ygj-2957'),
    (842, '132-gbe-8380'),
    (843, '622-bpt-4017'),
    (844, '619-rhr-4518'),
    (845, '777-aqe-7730'),
    (846, '004-qcw-4998'),
    (847, '093-vyp-5906'),
    (848, '760-gdr-9682'),
    (849, '815-ndo-5604'),
    (850, '329-sdp-0249'),
    (851, '751-tfl-8088'),
    (852, '105-sdz-1805'),
    (853, '586-ouo-1285'),
    (854, '649-xsa-2554'),
    (855, '009-ais-8000'),
    (856, '967-bjc-9185'),
    (857, '181-wyz-5990'),
    (858, '830-lzi-1479'),
    (859, '845-eur-0704'),
    (860, '312-kjs-0547'),
    (861, '392-dgr-5287'),
    (862, '135-cbi-5346'),
    (863, '293-tvi-8706'),
    (864, '446-aop-4363'),
    (865, '636-poh-9971'),
    (866, '462-ubx-6055'),
    (867, '956-yhu-0955'),
    (868, '666-sds-8027'),
    (869, '426-dmz-5313'),
    (870, '587-zvx-4882'),
    (871, '224-xod-8502'),
    (872, '287-gac-4353'),
    (873, '147-jay-5918'),
    (874, '605-bho-8939'),
    (875, '601-puo-0803'),
    (876, '179-bxv-4906'),
    (877, '761-owi-8447'),
    (878, '000-xzb-9919'),
    (879, '982-skf-0446'),
    (880, '182-oug-2172'),
    (881, '547-pww-9555'),
    (882, '038-qdr-7163'),
    (883, '370-nbn-1841'),
    (884, '552-lec-2179'),
    (885, '488-zpm-0817'),
    (886, '014-pla-0693'),
    (887, '913-gfw-1564'),
    (888, '730-uma-9892'),
    (889, '440-yrh-5815'),
    (890, '003-cka-9107'),
    (891, '076-gwn-7434'),
    (892, '302-qbx-3084'),
    (893, '664-qdg-7766'),
    (894, '547-lym-4346'),
    (895, '657-koh-6114'),
    (896, '592-wwp-3662'),
    (897, '094-viu-4364'),
    (898, '953-mze-7428'),
    (899, '835-zop-2553'),
    (900, '552-stz-9630'),
    (901, '659-nxm-7729'),
    (902, '333-pmo-9262'),
    (903, '564-vjq-0153'),
    (904, '376-vas-8312'),
    (905, '215-yrp-7492'),
    (906, '546-dpm-7540'),
    (907, '430-vfx-3298'),
    (908, '626-tdp-3688'),
    (909, '223-neb-0780'),
    (910, '119-yqy-3501'),
    (911, '536-xxr-1316'),
    (912, '041-ipc-8679'),
    (913, '241-uwc-4329'),
    (914, '591-fjb-0041'),
    (915, '959-vpp-4683'),
    (916, '517-cly-4152'),
    (917, '457-fsc-5034'),
    (918, '551-eoe-9733'),
    (919, '342-aaw-0565'),
    (920, '556-pdc-5444'),
    (921, '188-gnn-6306'),
    (922, '630-hut-3506'),
    (923, '332-mwq-2941'),
    (924, '694-qwl-9940'),
    (925, '039-wfn-4722'),
    (926, '986-ffb-8887'),
    (927, '046-xie-5218'),
    (928, '632-amz-2999'),
    (929, '411-xht-4658'),
    (930, '388-yjo-4805'),
    (931, '522-jhn-7643'),
    (932, '471-rbu-1880'),
    (933, '170-aha-3847'),
    (934, '512-tnx-0765'),
    (935, '742-feh-6215'),
    (936, '948-scf-4875'),
    (937, '720-rmb-4721'),
    (938, '621-kml-6554'),
    (939, '525-qop-4758'),
    (940, '724-jdr-6864'),
    (941, '048-oub-4543'),
    (942, '015-hqx-4626'),
    (943, '984-yzu-5903'),
    (944, '016-meq-9308'),
    (945, '276-krz-1816'),
    (946, '068-jff-0825'),
    (947, '390-bph-0882'),
    (948, '684-dtv-7453'),
    (949, '368-xdc-1175'),
    (950, '379-efk-5193'),
    (951, '422-ezq-1402'),
    (952, '350-kal-6394'),
    (953, '686-rni-7090'),
    (954, '420-tdm-8711'),
    (955, '680-yog-0437'),
    (956, '119-fem-4198'),
    (957, '884-flm-2616'),
    (958, '735-abt-8476'),
    (959, '325-jsn-6918'),
    (960, '411-wqx-2065'),
    (961, '265-sjm-2159'),
    (962, '856-vle-8425'),
    (963, '547-itx-8820'),
    (964, '000-uyb-3731'),
    (965, '436-omr-3672'),
    (966, '129-sqi-7018'),
    (967, '221-zfz-4039'),
    (968, '422-fdh-0827'),
    (969, '776-ohl-1484'),
    (970, '586-izo-7710'),
    (971, '762-slv-9796'),
    (972, '226-fky-9415'),
    (973, '072-shk-2722'),
    (974, '590-axa-6388'),
    (975, '710-scv-0375'),
    (976, '527-obt-2743'),
    (977, '574-xan-9325'),
    (978, '331-ujb-1162'),
    (979, '172-flx-1206'),
    (980, '102-fsj-9983'),
    (981, '859-vyu-0282'),
    (982, '647-udv-8493'),
    (983, '481-lfh-5042'),
    (984, '906-guh-7048'),
    (985, '664-abs-0746'),
    (986, '402-xom-4760'),
    (987, '193-wra-4999'),
    (988, '467-ndh-7392'),
    (989, '140-oyd-1046'),
    (990, '461-qcd-3348'),
    (991, '208-hwd-0759'),
    (992, '202-hbv-6737'),
    (993, '174-seb-1711'),
    (994, '797-pjo-0867'),
    (995, '391-ult-1178'),
    (996, '104-mkv-9389'),
    (997, '011-jgr-1103'),
    (998, '055-fbv-0657'),
    (999, '677-cdy-9404'),
    (1000, '060-jau-2644');

-- Определение типов пакета
-- DROP TABLE IF EXISTS service_package_type;

CREATE TABLE IF NOT EXISTS service_package_type
(
    sp_type_id INT AUTO_INCREMENT
        PRIMARY KEY,
    type       VARCHAR(30) NOT NULL,
    CONSTRAINT service_package_type_type_uindex
        UNIQUE (type)
)
    COMMENT 'Тип пакета услуг';

INSERT INTO service_package_type (sp_type_id, type)
VALUES
    (100, 'Голосовой'),
    (200, 'Интернет'),
    (300, 'SMS');

-- Пакеты услуг
-- DROP TABLE IF EXISTS service_package;
CREATE TABLE IF NOT EXISTS service_package
(
    sp_id      INT AUTO_INCREMENT
        PRIMARY KEY,
    sp_type_id INT                  NULL,
    CONSTRAINT service_package_service_package_type_sp_type_id_fk
        FOREIGN KEY (sp_type_id)
            REFERENCES service_package_type (sp_type_id)
            ON DELETE SET NULL,
    name       VARCHAR(100)         NOT NULL,
    is_active  TINYINT(1) DEFAULT 0 NOT NULL
)
    COMMENT 'Пакет услуг';

INSERT INTO service_package (sp_type_id, name, is_active)
VALUES
    (100, '100min', 1),
    (100, '200min', 1),
    (100, '300min', 1),
    (100, '400min', 1),
    (100, '500min', 1),
    (100, '600min', 1),
    (100, '700min', 1),
    (100, '800min', 1),
    (100, '900min', 1),
    (100, '1000min', 1),
    (100, '1100min', 1),
    (100, '1200min', 1),
    (100, '1300min', 1),
    (100, '1400min', 1),
    (100, '1500min', 1),
    (200, '1gb', 1),
    (200, '2gb', 1),
    (200, '3gb', 1),
    (200, '4gb', 1),
    (200, '5gb', 1),
    (200, '6gb', 1),
    (200, '7gb', 1),
    (200, '8gb', 1),
    (200, '9gb', 1),
    (200, '10gb', 1),
    (200, '11gb', 1),
    (200, '12gb', 1),
    (200, '13gb', 1),
    (200, '14gb', 1),
    (200, '15gb', 1),
    (300, '100sms', 1),
    (300, '200sms', 1),
    (300, '300sms', 1),
    (300, '400sms', 1),
    (300, '500sms', 1),
    (300, '600sms', 1),
    (300, '700sms', 1),
    (300, '800sms', 1),
    (300, '900sms', 1),
    (300, '1000sms', 1),
    (300, '1100sms', 1),
    (300, '1200sms', 1),
    (300, '1300sms', 1),
    (300, '1400sms', 1),
    (300, '1500sms', 1),
    (100, '2000min', 0),
    (200, '30gb', 0),
    (300, '2000sms', 0);

-- Таблица подключений
-- DROP TABLE IF EXISTS service_package_sales;
CREATE TABLE service_package_sales
(
    sale_id   INT AUTO_INCREMENT
        PRIMARY KEY,
    sale_date TIMESTAMP DEFAULT CURRENT_TIMESTAMP NOT NULL,
    client_id INT                                 NOT NULL,
    CONSTRAINT service_package_sales_client_client_id_fk
        FOREIGN KEY (client_id)
            REFERENCES client (client_id),
    sp_id     INT                                 NOT NULL,
    CONSTRAINT service_package_sales_service_package_sp_id_fk
        FOREIGN KEY (sp_id)
            REFERENCES service_package (sp_id)
)
    COMMENT 'Подключение пакетов услуг';

CREATE INDEX service_package_sales_client_id_index
    ON service_package_sales (client_id);

CREATE INDEX service_package_sales_sale_date_index
    ON service_package_sales (sale_date DESC);

CREATE INDEX service_package_sales_sp_id_index
    ON service_package_sales (sp_id);

INSERT INTO service_package_sales (sale_date, client_id, sp_id)
VALUES
    ('2022-02-28 16:41:24',
     FLOOR(RAND() * (1000 - 1 + 1) + 1),
     FLOOR(RAND() * (45 - 1 + 1)
         + 1)),
    ('2022-05-09 01:34:58',
     FLOOR(RAND() * (1000 - 1 + 1) + 1),
     FLOOR(RAND() * (45 - 1 + 1)
         + 1)),
    ('2022-04-01 09:03:44',
     FLOOR(RAND() * (1000 - 1 + 1) + 1),
     FLOOR(RAND() * (45 - 1 + 1)
         + 1)),
    ('2022-06-29 12:09:44',
     FLOOR(RAND() * (1000 - 1 + 1) + 1),
     FLOOR(RAND() * (45 - 1 + 1)
         + 1)),
    ('2022-05-26 20:45:32',
     FLOOR(RAND() * (1000 - 1 + 1) + 1),
     FLOOR(RAND() * (45 - 1 + 1)
         + 1)),
    ('2022-01-20 07:57:25',
     FLOOR(RAND() * (1000 - 1 + 1) + 1),
     FLOOR(RAND() * (45 - 1 + 1)
         + 1)),
    ('2022-03-24 18:04:56',
     FLOOR(RAND() * (1000 - 1 + 1) + 1),
     FLOOR(RAND() * (45 - 1 + 1)
         + 1)),
    ('2022-02-22 11:07:15',
     FLOOR(RAND() * (1000 - 1 + 1) + 1),
     FLOOR(RAND() * (45 - 1 + 1)
         + 1)),
    ('2022-05-29 08:13:26',
     FLOOR(RAND() * (1000 - 1 + 1) + 1),
     FLOOR(RAND() * (45 - 1 + 1)
         + 1)),
    ('2022-02-03 21:23:59',
     FLOOR(RAND() * (1000 - 1 + 1) + 1),
     FLOOR(RAND() * (45 - 1 + 1)
         + 1)),
    ('2022-06-25 03:52:24',
     FLOOR(RAND() * (1000 - 1 + 1) + 1),
     FLOOR(RAND() * (45 - 1 + 1)
         + 1)),
    ('2022-01-08 18:43:04',
     FLOOR(RAND() * (1000 - 1 + 1) + 1),
     FLOOR(RAND() * (45 - 1 + 1)
         + 1)),
    ('2022-06-05 15:48:44',
     FLOOR(RAND() * (1000 - 1 + 1) + 1),
     FLOOR(RAND() * (45 - 1 + 1)
         + 1)),
    ('2022-06-26 16:56:29',
     FLOOR(RAND() * (1000 - 1 + 1) + 1),
     FLOOR(RAND() * (45 - 1 + 1)
         + 1)),
    ('2022-06-07 15:10:00',
     FLOOR(RAND() * (1000 - 1 + 1) + 1),
     FLOOR(RAND() * (45 - 1 + 1)
         + 1)),
    ('2022-01-12 13:45:28',
     FLOOR(RAND() * (1000 - 1 + 1) + 1),
     FLOOR(RAND() * (45 - 1 + 1)
         + 1)),
    ('2022-03-23 02:04:58',
     FLOOR(RAND() * (1000 - 1 + 1) + 1),
     FLOOR(RAND() * (45 - 1 + 1)
         + 1)),
    ('2022-06-23 17:55:28',
     FLOOR(RAND() * (1000 - 1 + 1) + 1),
     FLOOR(RAND() * (45 - 1 + 1)
         + 1)),
    ('2022-06-07 07:55:48',
     FLOOR(RAND() * (1000 - 1 + 1) + 1),
     FLOOR(RAND() * (45 - 1 + 1)
         + 1)),
    ('2022-06-10 22:17:27',
     FLOOR(RAND() * (1000 - 1 + 1) + 1),
     FLOOR(RAND() * (45 - 1 + 1)
         + 1)),
    ('2022-01-25 04:11:19',
     FLOOR(RAND() * (1000 - 1 + 1) + 1),
     FLOOR(RAND() * (45 - 1 + 1)
         + 1)),
    ('2022-06-13 02:57:35',
     FLOOR(RAND() * (1000 - 1 + 1) + 1),
     FLOOR(RAND() * (45 - 1 + 1)
         + 1)),
    ('2022-01-04 11:06:56',
     FLOOR(RAND() * (1000 - 1 + 1) + 1),
     FLOOR(RAND() * (45 - 1 + 1)
         + 1)),
    ('2022-02-08 07:30:59',
     FLOOR(RAND() * (1000 - 1 + 1) + 1),
     FLOOR(RAND() * (45 - 1 + 1)
         + 1)),
    ('2022-05-31 20:21:22',
     FLOOR(RAND() * (1000 - 1 + 1) + 1),
     FLOOR(RAND() * (45 - 1 + 1)
         + 1)),
    ('2022-06-25 17:02:22',
     FLOOR(RAND() * (1000 - 1 + 1) + 1),
     FLOOR(RAND() * (45 - 1 + 1)
         + 1)),
    ('2022-03-10 05:18:38',
     FLOOR(RAND() * (1000 - 1 + 1) + 1),
     FLOOR(RAND() * (45 - 1 + 1)
         + 1)),
    ('2022-05-05 06:54:09',
     FLOOR(RAND() * (1000 - 1 + 1) + 1),
     FLOOR(RAND() * (45 - 1 + 1)
         + 1)),
    ('2022-06-01 16:20:54',
     FLOOR(RAND() * (1000 - 1 + 1) + 1),
     FLOOR(RAND() * (45 - 1 + 1)
         + 1)),
    ('2022-04-18 07:04:32',
     FLOOR(RAND() * (1000 - 1 + 1) + 1),
     FLOOR(RAND() * (45 - 1 + 1)
         + 1)),
    ('2022-01-28 08:06:18',
     FLOOR(RAND() * (1000 - 1 + 1) + 1),
     FLOOR(RAND() * (45 - 1 + 1)
         + 1)),
    ('2022-02-08 20:01:36',
     FLOOR(RAND() * (1000 - 1 + 1) + 1),
     FLOOR(RAND() * (45 - 1 + 1)
         + 1)),
    ('2022-01-18 20:52:15',
     FLOOR(RAND() * (1000 - 1 + 1) + 1),
     FLOOR(RAND() * (45 - 1 + 1)
         + 1)),
    ('2022-03-20 06:08:51',
     FLOOR(RAND() * (1000 - 1 + 1) + 1),
     FLOOR(RAND() * (45 - 1 + 1)
         + 1)),
    ('2022-04-21 03:22:43',
     FLOOR(RAND() * (1000 - 1 + 1) + 1),
     FLOOR(RAND() * (45 - 1 + 1)
         + 1)),
    ('2022-01-12 13:29:48',
     FLOOR(RAND() * (1000 - 1 + 1) + 1),
     FLOOR(RAND() * (45 - 1 + 1)
         + 1)),
    ('2022-02-16 22:08:02',
     FLOOR(RAND() * (1000 - 1 + 1) + 1),
     FLOOR(RAND() * (45 - 1 + 1)
         + 1)),
    ('2022-02-28 19:31:51',
     FLOOR(RAND() * (1000 - 1 + 1) + 1),
     FLOOR(RAND() * (45 - 1 + 1)
         + 1)),
    ('2022-01-20 15:17:35',
     FLOOR(RAND() * (1000 - 1 + 1) + 1),
     FLOOR(RAND() * (45 - 1 + 1)
         + 1)),
    ('2022-01-12 15:01:49',
     FLOOR(RAND() * (1000 - 1 + 1) + 1),
     FLOOR(RAND() * (45 - 1 + 1)
         + 1)),
    ('2022-03-15 12:39:37',
     FLOOR(RAND() * (1000 - 1 + 1) + 1),
     FLOOR(RAND() * (45 - 1 + 1)
         + 1)),
    ('2022-04-24 11:51:33',
     FLOOR(RAND() * (1000 - 1 + 1) + 1),
     FLOOR(RAND() * (45 - 1 + 1)
         + 1)),
    ('2022-04-18 15:24:23',
     FLOOR(RAND() * (1000 - 1 + 1) + 1),
     FLOOR(RAND() * (45 - 1 + 1)
         + 1)),
    ('2022-01-02 15:37:02',
     FLOOR(RAND() * (1000 - 1 + 1) + 1),
     FLOOR(RAND() * (45 - 1 + 1)
         + 1)),
    ('2022-05-02 01:57:50',
     FLOOR(RAND() * (1000 - 1 + 1) + 1),
     FLOOR(RAND() * (45 - 1 + 1)
         + 1)),
    ('2022-06-24 14:21:58',
     FLOOR(RAND() * (1000 - 1 + 1) + 1),
     FLOOR(RAND() * (45 - 1 + 1)
         + 1)),
    ('2022-01-02 15:43:17',
     FLOOR(RAND() * (1000 - 1 + 1) + 1),
     FLOOR(RAND() * (45 - 1 + 1)
         + 1)),
    ('2022-06-16 19:02:35',
     FLOOR(RAND() * (1000 - 1 + 1) + 1),
     FLOOR(RAND() * (45 - 1 + 1)
         + 1)),
    ('2022-05-21 10:51:08',
     FLOOR(RAND() * (1000 - 1 + 1) + 1),
     FLOOR(RAND() * (45 - 1 + 1)
         + 1)),
    ('2022-04-05 06:34:52',
     FLOOR(RAND() * (1000 - 1 + 1) + 1),
     FLOOR(RAND() * (45 - 1 + 1)
         + 1)),
    ('2022-01-25 16:07:18',
     FLOOR(RAND() * (1000 - 1 + 1) + 1),
     FLOOR(RAND() * (45 - 1 + 1)
         + 1)),
    ('2022-04-13 12:36:47',
     FLOOR(RAND() * (1000 - 1 + 1) + 1),
     FLOOR(RAND() * (45 - 1 + 1)
         + 1)),
    ('2022-05-18 02:00:52',
     FLOOR(RAND() * (1000 - 1 + 1) + 1),
     FLOOR(RAND() * (45 - 1 + 1)
         + 1)),
    ('2022-01-03 20:50:02',
     FLOOR(RAND() * (1000 - 1 + 1) + 1),
     FLOOR(RAND() * (45 - 1 + 1)
         + 1)),
    ('2022-03-01 01:28:29',
     FLOOR(RAND() * (1000 - 1 + 1) + 1),
     FLOOR(RAND() * (45 - 1 + 1)
         + 1)),
    ('2022-02-02 19:58:56',
     FLOOR(RAND() * (1000 - 1 + 1) + 1),
     FLOOR(RAND() * (45 - 1 + 1)
         + 1)),
    ('2022-03-31 09:29:05',
     FLOOR(RAND() * (1000 - 1 + 1) + 1),
     FLOOR(RAND() * (45 - 1 + 1)
         + 1)),
    ('2022-04-28 07:57:42',
     FLOOR(RAND() * (1000 - 1 + 1) + 1),
     FLOOR(RAND() * (45 - 1 + 1)
         + 1)),
    ('2022-01-27 23:27:09',
     FLOOR(RAND() * (1000 - 1 + 1) + 1),
     FLOOR(RAND() * (45 - 1 + 1)
         + 1)),
    ('2022-02-22 12:19:23',
     FLOOR(RAND() * (1000 - 1 + 1) + 1),
     FLOOR(RAND() * (45 - 1 + 1)
         + 1)),
    ('2022-01-19 22:44:50',
     FLOOR(RAND() * (1000 - 1 + 1) + 1),
     FLOOR(RAND() * (45 - 1 + 1)
         + 1)),
    ('2022-04-30 10:07:23',
     FLOOR(RAND() * (1000 - 1 + 1) + 1),
     FLOOR(RAND() * (45 - 1 + 1)
         + 1)),
    ('2022-02-15 20:19:14',
     FLOOR(RAND() * (1000 - 1 + 1) + 1),
     FLOOR(RAND() * (45 - 1 + 1)
         + 1)),
    ('2022-01-21 05:25:02',
     FLOOR(RAND() * (1000 - 1 + 1) + 1),
     FLOOR(RAND() * (45 - 1 + 1)
         + 1)),
    ('2022-04-07 22:44:00',
     FLOOR(RAND() * (1000 - 1 + 1) + 1),
     FLOOR(RAND() * (45 - 1 + 1)
         + 1)),
    ('2022-02-16 17:15:04',
     FLOOR(RAND() * (1000 - 1 + 1) + 1),
     FLOOR(RAND() * (45 - 1 + 1)
         + 1)),
    ('2022-04-23 12:25:01',
     FLOOR(RAND() * (1000 - 1 + 1) + 1),
     FLOOR(RAND() * (45 - 1 + 1)
         + 1)),
    ('2022-05-10 08:31:03',
     FLOOR(RAND() * (1000 - 1 + 1) + 1),
     FLOOR(RAND() * (45 - 1 + 1)
         + 1)),
    ('2022-04-18 20:30:41',
     FLOOR(RAND() * (1000 - 1 + 1) + 1),
     FLOOR(RAND() * (45 - 1 + 1)
         + 1)),
    ('2022-01-05 21:18:31',
     FLOOR(RAND() * (1000 - 1 + 1) + 1),
     FLOOR(RAND() * (45 - 1 + 1)
         + 1)),
    ('2022-06-08 02:39:28',
     FLOOR(RAND() * (1000 - 1 + 1) + 1),
     FLOOR(RAND() * (45 - 1 + 1)
         + 1)),
    ('2022-01-21 03:03:33',
     FLOOR(RAND() * (1000 - 1 + 1) + 1),
     FLOOR(RAND() * (45 - 1 + 1)
         + 1)),
    ('2022-05-02 20:41:21',
     FLOOR(RAND() * (1000 - 1 + 1) + 1),
     FLOOR(RAND() * (45 - 1 + 1)
         + 1)),
    ('2022-04-22 20:34:09',
     FLOOR(RAND() * (1000 - 1 + 1) + 1),
     FLOOR(RAND() * (45 - 1 + 1)
         + 1)),
    ('2022-04-13 23:30:30',
     FLOOR(RAND() * (1000 - 1 + 1) + 1),
     FLOOR(RAND() * (45 - 1 + 1)
         + 1)),
    ('2022-06-21 00:03:35',
     FLOOR(RAND() * (1000 - 1 + 1) + 1),
     FLOOR(RAND() * (45 - 1 + 1)
         + 1)),
    ('2022-04-06 10:42:01',
     FLOOR(RAND() * (1000 - 1 + 1) + 1),
     FLOOR(RAND() * (45 - 1 + 1)
         + 1)),
    ('2022-02-12 12:04:44',
     FLOOR(RAND() * (1000 - 1 + 1) + 1),
     FLOOR(RAND() * (45 - 1 + 1)
         + 1)),
    ('2022-06-10 02:32:17',
     FLOOR(RAND() * (1000 - 1 + 1) + 1),
     FLOOR(RAND() * (45 - 1 + 1)
         + 1)),
    ('2022-01-29 04:40:07',
     FLOOR(RAND() * (1000 - 1 + 1) + 1),
     FLOOR(RAND() * (45 - 1 + 1)
         + 1)),
    ('2022-02-06 01:34:43',
     FLOOR(RAND() * (1000 - 1 + 1) + 1),
     FLOOR(RAND() * (45 - 1 + 1)
         + 1)),
    ('2022-05-14 02:45:53',
     FLOOR(RAND() * (1000 - 1 + 1) + 1),
     FLOOR(RAND() * (45 - 1 + 1)
         + 1)),
    ('2022-01-14 10:35:20',
     FLOOR(RAND() * (1000 - 1 + 1) + 1),
     FLOOR(RAND() * (45 - 1 + 1)
         + 1)),
    ('2022-01-05 18:00:02',
     FLOOR(RAND() * (1000 - 1 + 1) + 1),
     FLOOR(RAND() * (45 - 1 + 1)
         + 1)),
    ('2022-01-24 16:48:19',
     FLOOR(RAND() * (1000 - 1 + 1) + 1),
     FLOOR(RAND() * (45 - 1 + 1)
         + 1)),
    ('2022-03-16 15:42:37',
     FLOOR(RAND() * (1000 - 1 + 1) + 1),
     FLOOR(RAND() * (45 - 1 + 1)
         + 1)),
    ('2022-05-31 01:35:15',
     FLOOR(RAND() * (1000 - 1 + 1) + 1),
     FLOOR(RAND() * (45 - 1 + 1)
         + 1)),
    ('2022-04-04 23:10:10',
     FLOOR(RAND() * (1000 - 1 + 1) + 1),
     FLOOR(RAND() * (45 - 1 + 1)
         + 1)),
    ('2022-06-12 20:43:10',
     FLOOR(RAND() * (1000 - 1 + 1) + 1),
     FLOOR(RAND() * (45 - 1 + 1)
         + 1)),
    ('2022-05-01 18:19:23',
     FLOOR(RAND() * (1000 - 1 + 1) + 1),
     FLOOR(RAND() * (45 - 1 + 1)
         + 1)),
    ('2022-06-14 23:51:06',
     FLOOR(RAND() * (1000 - 1 + 1) + 1),
     FLOOR(RAND() * (45 - 1 + 1)
         + 1)),
    ('2022-01-14 18:57:20',
     FLOOR(RAND() * (1000 - 1 + 1) + 1),
     FLOOR(RAND() * (45 - 1 + 1)
         + 1)),
    ('2022-06-16 08:44:27',
     FLOOR(RAND() * (1000 - 1 + 1) + 1),
     FLOOR(RAND() * (45 - 1 + 1)
         + 1)),
    ('2022-01-07 03:24:38',
     FLOOR(RAND() * (1000 - 1 + 1) + 1),
     FLOOR(RAND() * (45 - 1 + 1)
         + 1)),
    ('2022-06-25 07:29:40',
     FLOOR(RAND() * (1000 - 1 + 1) + 1),
     FLOOR(RAND() * (45 - 1 + 1)
         + 1)),
    ('2022-03-21 02:02:57',
     FLOOR(RAND() * (1000 - 1 + 1) + 1),
     FLOOR(RAND() * (45 - 1 + 1)
         + 1)),
    ('2022-06-29 01:01:00',
     FLOOR(RAND() * (1000 - 1 + 1) + 1),
     FLOOR(RAND() * (45 - 1 + 1)
         + 1)),
    ('2022-05-29 00:36:33',
     FLOOR(RAND() * (1000 - 1 + 1) + 1),
     FLOOR(RAND() * (45 - 1 + 1)
         + 1)),
    ('2022-01-17 01:17:53',
     FLOOR(RAND() * (1000 - 1 + 1) + 1),
     FLOOR(RAND() * (45 - 1 + 1)
         + 1)),
    ('2022-01-30 07:31:27',
     FLOOR(RAND() * (1000 - 1 + 1) + 1),
     FLOOR(RAND() * (45 - 1 + 1)
         + 1)),
    ('2022-05-01 21:21:23',
     FLOOR(RAND() * (1000 - 1 + 1) + 1),
     FLOOR(RAND() * (45 - 1 + 1)
         + 1)),
    ('2022-01-06 04:40:44',
     FLOOR(RAND() * (1000 - 1 + 1) + 1),
     FLOOR(RAND() * (45 - 1 + 1)
         + 1)),
    ('2022-03-25 16:07:30',
     FLOOR(RAND() * (1000 - 1 + 1) + 1),
     FLOOR(RAND() * (45 - 1 + 1)
         + 1)),
    ('2022-01-21 04:49:09',
     FLOOR(RAND() * (1000 - 1 + 1) + 1),
     FLOOR(RAND() * (45 - 1 + 1)
         + 1)),
    ('2022-01-26 02:31:00',
     FLOOR(RAND() * (1000 - 1 + 1) + 1),
     FLOOR(RAND() * (45 - 1 + 1)
         + 1)),
    ('2022-06-12 22:12:42',
     FLOOR(RAND() * (1000 - 1 + 1) + 1),
     FLOOR(RAND() * (45 - 1 + 1)
         + 1)),
    ('2022-01-21 12:16:10',
     FLOOR(RAND() * (1000 - 1 + 1) + 1),
     FLOOR(RAND() * (45 - 1 + 1)
         + 1)),
    ('2022-01-19 00:24:13',
     FLOOR(RAND() * (1000 - 1 + 1) + 1),
     FLOOR(RAND() * (45 - 1 + 1)
         + 1)),
    ('2022-02-02 16:19:11',
     FLOOR(RAND() * (1000 - 1 + 1) + 1),
     FLOOR(RAND() * (45 - 1 + 1)
         + 1)),
    ('2022-04-28 19:04:58',
     FLOOR(RAND() * (1000 - 1 + 1) + 1),
     FLOOR(RAND() * (45 - 1 + 1)
         + 1)),
    ('2022-01-20 15:50:03',
     FLOOR(RAND() * (1000 - 1 + 1) + 1),
     FLOOR(RAND() * (45 - 1 + 1)
         + 1)),
    ('2022-02-10 09:50:17',
     FLOOR(RAND() * (1000 - 1 + 1) + 1),
     FLOOR(RAND() * (45 - 1 + 1)
         + 1)),
    ('2022-06-16 10:41:38',
     FLOOR(RAND() * (1000 - 1 + 1) + 1),
     FLOOR(RAND() * (45 - 1 + 1)
         + 1)),
    ('2022-04-11 22:30:14',
     FLOOR(RAND() * (1000 - 1 + 1) + 1),
     FLOOR(RAND() * (45 - 1 + 1)
         + 1)),
    ('2022-05-12 16:43:17',
     FLOOR(RAND() * (1000 - 1 + 1) + 1),
     FLOOR(RAND() * (45 - 1 + 1)
         + 1)),
    ('2022-05-26 02:44:23',
     FLOOR(RAND() * (1000 - 1 + 1) + 1),
     FLOOR(RAND() * (45 - 1 + 1)
         + 1)),
    ('2022-05-18 18:47:11',
     FLOOR(RAND() * (1000 - 1 + 1) + 1),
     FLOOR(RAND() * (45 - 1 + 1)
         + 1)),
    ('2022-01-10 02:56:24',
     FLOOR(RAND() * (1000 - 1 + 1) + 1),
     FLOOR(RAND() * (45 - 1 + 1)
         + 1)),
    ('2022-01-21 10:22:03',
     FLOOR(RAND() * (1000 - 1 + 1) + 1),
     FLOOR(RAND() * (45 - 1 + 1)
         + 1)),
    ('2022-06-29 11:45:04',
     FLOOR(RAND() * (1000 - 1 + 1) + 1),
     FLOOR(RAND() * (45 - 1 + 1)
         + 1)),
    ('2022-01-19 22:55:59',
     FLOOR(RAND() * (1000 - 1 + 1) + 1),
     FLOOR(RAND() * (45 - 1 + 1)
         + 1)),
    ('2022-01-29 13:14:12',
     FLOOR(RAND() * (1000 - 1 + 1) + 1),
     FLOOR(RAND() * (45 - 1 + 1)
         + 1)),
    ('2022-03-15 14:42:26',
     FLOOR(RAND() * (1000 - 1 + 1) + 1),
     FLOOR(RAND() * (45 - 1 + 1)
         + 1)),
    ('2022-04-21 19:55:33',
     FLOOR(RAND() * (1000 - 1 + 1) + 1),
     FLOOR(RAND() * (45 - 1 + 1)
         + 1)),
    ('2022-05-19 18:42:03',
     FLOOR(RAND() * (1000 - 1 + 1) + 1),
     FLOOR(RAND() * (45 - 1 + 1)
         + 1)),
    ('2022-05-30 20:37:23',
     FLOOR(RAND() * (1000 - 1 + 1) + 1),
     FLOOR(RAND() * (45 - 1 + 1)
         + 1)),
    ('2022-02-12 19:33:43',
     FLOOR(RAND() * (1000 - 1 + 1) + 1),
     FLOOR(RAND() * (45 - 1 + 1)
         + 1)),
    ('2022-01-13 20:18:14',
     FLOOR(RAND() * (1000 - 1 + 1) + 1),
     FLOOR(RAND() * (45 - 1 + 1)
         + 1)),
    ('2022-01-24 06:13:57',
     FLOOR(RAND() * (1000 - 1 + 1) + 1),
     FLOOR(RAND() * (45 - 1 + 1)
         + 1)),
    ('2022-01-18 03:31:51',
     FLOOR(RAND() * (1000 - 1 + 1) + 1),
     FLOOR(RAND() * (45 - 1 + 1)
         + 1)),
    ('2022-04-11 14:44:32',
     FLOOR(RAND() * (1000 - 1 + 1) + 1),
     FLOOR(RAND() * (45 - 1 + 1)
         + 1)),
    ('2022-06-27 07:22:35',
     FLOOR(RAND() * (1000 - 1 + 1) + 1),
     FLOOR(RAND() * (45 - 1 + 1)
         + 1)),
    ('2022-04-10 11:37:29',
     FLOOR(RAND() * (1000 - 1 + 1) + 1),
     FLOOR(RAND() * (45 - 1 + 1)
         + 1)),
    ('2022-04-23 10:16:19',
     FLOOR(RAND() * (1000 - 1 + 1) + 1),
     FLOOR(RAND() * (45 - 1 + 1)
         + 1)),
    ('2022-02-01 03:50:25',
     FLOOR(RAND() * (1000 - 1 + 1) + 1),
     FLOOR(RAND() * (45 - 1 + 1)
         + 1)),
    ('2022-05-06 22:01:48',
     FLOOR(RAND() * (1000 - 1 + 1) + 1),
     FLOOR(RAND() * (45 - 1 + 1)
         + 1)),
    ('2022-01-22 21:23:32',
     FLOOR(RAND() * (1000 - 1 + 1) + 1),
     FLOOR(RAND() * (45 - 1 + 1)
         + 1)),
    ('2022-05-22 01:54:35',
     FLOOR(RAND() * (1000 - 1 + 1) + 1),
     FLOOR(RAND() * (45 - 1 + 1)
         + 1)),
    ('2022-01-20 17:02:07',
     FLOOR(RAND() * (1000 - 1 + 1) + 1),
     FLOOR(RAND() * (45 - 1 + 1)
         + 1)),
    ('2022-01-13 15:29:12',
     FLOOR(RAND() * (1000 - 1 + 1) + 1),
     FLOOR(RAND() * (45 - 1 + 1)
         + 1)),
    ('2022-01-24 02:04:24',
     FLOOR(RAND() * (1000 - 1 + 1) + 1),
     FLOOR(RAND() * (45 - 1 + 1)
         + 1)),
    ('2022-01-28 06:05:58',
     FLOOR(RAND() * (1000 - 1 + 1) + 1),
     FLOOR(RAND() * (45 - 1 + 1)
         + 1)),
    ('2022-01-04 04:09:28',
     FLOOR(RAND() * (1000 - 1 + 1) + 1),
     FLOOR(RAND() * (45 - 1 + 1)
         + 1)),
    ('2022-03-09 18:00:08',
     FLOOR(RAND() * (1000 - 1 + 1) + 1),
     FLOOR(RAND() * (45 - 1 + 1)
         + 1)),
    ('2022-04-03 15:52:29',
     FLOOR(RAND() * (1000 - 1 + 1) + 1),
     FLOOR(RAND() * (45 - 1 + 1)
         + 1)),
    ('2022-04-16 01:42:30',
     FLOOR(RAND() * (1000 - 1 + 1) + 1),
     FLOOR(RAND() * (45 - 1 + 1)
         + 1)),
    ('2022-02-13 10:34:29',
     FLOOR(RAND() * (1000 - 1 + 1) + 1),
     FLOOR(RAND() * (45 - 1 + 1)
         + 1)),
    ('2022-04-02 12:09:37',
     FLOOR(RAND() * (1000 - 1 + 1) + 1),
     FLOOR(RAND() * (45 - 1 + 1)
         + 1)),
    ('2022-04-09 20:53:53',
     FLOOR(RAND() * (1000 - 1 + 1) + 1),
     FLOOR(RAND() * (45 - 1 + 1)
         + 1)),
    ('2022-02-17 15:49:07',
     FLOOR(RAND() * (1000 - 1 + 1) + 1),
     FLOOR(RAND() * (45 - 1 + 1)
         + 1)),
    ('2022-03-13 07:59:46',
     FLOOR(RAND() * (1000 - 1 + 1) + 1),
     FLOOR(RAND() * (45 - 1 + 1)
         + 1)),
    ('2022-05-24 17:47:56',
     FLOOR(RAND() * (1000 - 1 + 1) + 1),
     FLOOR(RAND() * (45 - 1 + 1)
         + 1)),
    ('2022-03-11 12:21:20',
     FLOOR(RAND() * (1000 - 1 + 1) + 1),
     FLOOR(RAND() * (45 - 1 + 1)
         + 1)),
    ('2022-02-05 00:21:11',
     FLOOR(RAND() * (1000 - 1 + 1) + 1),
     FLOOR(RAND() * (45 - 1 + 1)
         + 1)),
    ('2022-01-27 06:01:54',
     FLOOR(RAND() * (1000 - 1 + 1) + 1),
     FLOOR(RAND() * (45 - 1 + 1)
         + 1)),
    ('2022-05-28 13:54:29',
     FLOOR(RAND() * (1000 - 1 + 1) + 1),
     FLOOR(RAND() * (45 - 1 + 1)
         + 1)),
    ('2022-02-08 04:25:41',
     FLOOR(RAND() * (1000 - 1 + 1) + 1),
     FLOOR(RAND() * (45 - 1 + 1)
         + 1)),
    ('2022-01-02 22:04:20',
     FLOOR(RAND() * (1000 - 1 + 1) + 1),
     FLOOR(RAND() * (45 - 1 + 1)
         + 1)),
    ('2022-01-05 07:36:26',
     FLOOR(RAND() * (1000 - 1 + 1) + 1),
     FLOOR(RAND() * (45 - 1 + 1)
         + 1)),
    ('2022-01-07 05:39:51',
     FLOOR(RAND() * (1000 - 1 + 1) + 1),
     FLOOR(RAND() * (45 - 1 + 1)
         + 1)),
    ('2022-06-16 00:41:34',
     FLOOR(RAND() * (1000 - 1 + 1) + 1),
     FLOOR(RAND() * (45 - 1 + 1)
         + 1)),
    ('2022-03-28 19:14:36',
     FLOOR(RAND() * (1000 - 1 + 1) + 1),
     FLOOR(RAND() * (45 - 1 + 1)
         + 1)),
    ('2022-05-30 02:21:01',
     FLOOR(RAND() * (1000 - 1 + 1) + 1),
     FLOOR(RAND() * (45 - 1 + 1)
         + 1)),
    ('2022-01-21 11:37:21',
     FLOOR(RAND() * (1000 - 1 + 1) + 1),
     FLOOR(RAND() * (45 - 1 + 1)
         + 1)),
    ('2022-02-18 11:32:32',
     FLOOR(RAND() * (1000 - 1 + 1) + 1),
     FLOOR(RAND() * (45 - 1 + 1)
         + 1)),
    ('2022-05-06 09:48:24',
     FLOOR(RAND() * (1000 - 1 + 1) + 1),
     FLOOR(RAND() * (45 - 1 + 1)
         + 1)),
    ('2022-01-06 02:12:46',
     FLOOR(RAND() * (1000 - 1 + 1) + 1),
     FLOOR(RAND() * (45 - 1 + 1)
         + 1)),
    ('2022-03-30 17:43:53',
     FLOOR(RAND() * (1000 - 1 + 1) + 1),
     FLOOR(RAND() * (45 - 1 + 1)
         + 1)),
    ('2022-06-15 08:38:51',
     FLOOR(RAND() * (1000 - 1 + 1) + 1),
     FLOOR(RAND() * (45 - 1 + 1)
         + 1)),
    ('2022-06-07 03:12:56',
     FLOOR(RAND() * (1000 - 1 + 1) + 1),
     FLOOR(RAND() * (45 - 1 + 1)
         + 1)),
    ('2022-05-24 07:08:31',
     FLOOR(RAND() * (1000 - 1 + 1) + 1),
     FLOOR(RAND() * (45 - 1 + 1)
         + 1)),
    ('2022-02-22 15:55:53',
     FLOOR(RAND() * (1000 - 1 + 1) + 1),
     FLOOR(RAND() * (45 - 1 + 1)
         + 1)),
    ('2022-05-05 14:45:25',
     FLOOR(RAND() * (1000 - 1 + 1) + 1),
     FLOOR(RAND() * (45 - 1 + 1)
         + 1)),
    ('2022-03-09 16:43:18',
     FLOOR(RAND() * (1000 - 1 + 1) + 1),
     FLOOR(RAND() * (45 - 1 + 1)
         + 1)),
    ('2022-01-22 08:45:27',
     FLOOR(RAND() * (1000 - 1 + 1) + 1),
     FLOOR(RAND() * (45 - 1 + 1)
         + 1)),
    ('2022-06-04 01:00:00',
     FLOOR(RAND() * (1000 - 1 + 1) + 1),
     FLOOR(RAND() * (45 - 1 + 1)
         + 1)),
    ('2022-02-10 02:01:35',
     FLOOR(RAND() * (1000 - 1 + 1) + 1),
     FLOOR(RAND() * (45 - 1 + 1)
         + 1)),
    ('2022-04-24 10:47:52',
     FLOOR(RAND() * (1000 - 1 + 1) + 1),
     FLOOR(RAND() * (45 - 1 + 1)
         + 1)),
    ('2022-04-16 19:17:44',
     FLOOR(RAND() * (1000 - 1 + 1) + 1),
     FLOOR(RAND() * (45 - 1 + 1)
         + 1)),
    ('2022-01-11 05:00:38',
     FLOOR(RAND() * (1000 - 1 + 1) + 1),
     FLOOR(RAND() * (45 - 1 + 1)
         + 1)),
    ('2022-06-03 17:28:54',
     FLOOR(RAND() * (1000 - 1 + 1) + 1),
     FLOOR(RAND() * (45 - 1 + 1)
         + 1)),
    ('2022-05-22 10:15:32',
     FLOOR(RAND() * (1000 - 1 + 1) + 1),
     FLOOR(RAND() * (45 - 1 + 1)
         + 1)),
    ('2022-02-11 02:43:01',
     FLOOR(RAND() * (1000 - 1 + 1) + 1),
     FLOOR(RAND() * (45 - 1 + 1)
         + 1)),
    ('2022-02-06 11:12:09',
     FLOOR(RAND() * (1000 - 1 + 1) + 1),
     FLOOR(RAND() * (45 - 1 + 1)
         + 1)),
    ('2022-04-12 06:06:55',
     FLOOR(RAND() * (1000 - 1 + 1) + 1),
     FLOOR(RAND() * (45 - 1 + 1)
         + 1)),
    ('2022-02-22 21:32:29',
     FLOOR(RAND() * (1000 - 1 + 1) + 1),
     FLOOR(RAND() * (45 - 1 + 1)
         + 1)),
    ('2022-03-29 20:33:56',
     FLOOR(RAND() * (1000 - 1 + 1) + 1),
     FLOOR(RAND() * (45 - 1 + 1)
         + 1)),
    ('2022-03-14 13:14:50',
     FLOOR(RAND() * (1000 - 1 + 1) + 1),
     FLOOR(RAND() * (45 - 1 + 1)
         + 1)),
    ('2022-03-29 00:07:21',
     FLOOR(RAND() * (1000 - 1 + 1) + 1),
     FLOOR(RAND() * (45 - 1 + 1)
         + 1)),
    ('2022-05-24 10:11:49',
     FLOOR(RAND() * (1000 - 1 + 1) + 1),
     FLOOR(RAND() * (45 - 1 + 1)
         + 1)),
    ('2022-01-29 18:49:10',
     FLOOR(RAND() * (1000 - 1 + 1) + 1),
     FLOOR(RAND() * (45 - 1 + 1)
         + 1)),
    ('2022-06-06 21:22:31',
     FLOOR(RAND() * (1000 - 1 + 1) + 1),
     FLOOR(RAND() * (45 - 1 + 1)
         + 1)),
    ('2022-03-13 21:14:40',
     FLOOR(RAND() * (1000 - 1 + 1) + 1),
     FLOOR(RAND() * (45 - 1 + 1)
         + 1)),
    ('2022-04-15 21:11:32',
     FLOOR(RAND() * (1000 - 1 + 1) + 1),
     FLOOR(RAND() * (45 - 1 + 1)
         + 1)),
    ('2022-05-24 20:31:18',
     FLOOR(RAND() * (1000 - 1 + 1) + 1),
     FLOOR(RAND() * (45 - 1 + 1)
         + 1)),
    ('2022-06-20 09:11:33',
     FLOOR(RAND() * (1000 - 1 + 1) + 1),
     FLOOR(RAND() * (45 - 1 + 1)
         + 1)),
    ('2022-05-27 00:57:16',
     FLOOR(RAND() * (1000 - 1 + 1) + 1),
     FLOOR(RAND() * (45 - 1 + 1)
         + 1)),
    ('2022-06-03 14:14:50',
     FLOOR(RAND() * (1000 - 1 + 1) + 1),
     FLOOR(RAND() * (45 - 1 + 1)
         + 1)),
    ('2022-03-26 10:56:31',
     FLOOR(RAND() * (1000 - 1 + 1) + 1),
     FLOOR(RAND() * (45 - 1 + 1)
         + 1)),
    ('2022-05-03 18:59:39',
     FLOOR(RAND() * (1000 - 1 + 1) + 1),
     FLOOR(RAND() * (45 - 1 + 1)
         + 1)),
    ('2022-04-17 06:03:30',
     FLOOR(RAND() * (1000 - 1 + 1) + 1),
     FLOOR(RAND() * (45 - 1 + 1)
         + 1)),
    ('2022-02-27 01:44:17',
     FLOOR(RAND() * (1000 - 1 + 1) + 1),
     FLOOR(RAND() * (45 - 1 + 1)
         + 1)),
    ('2022-01-13 17:04:27',
     FLOOR(RAND() * (1000 - 1 + 1) + 1),
     FLOOR(RAND() * (45 - 1 + 1)
         + 1)),
    ('2022-06-13 03:36:55',
     FLOOR(RAND() * (1000 - 1 + 1) + 1),
     FLOOR(RAND() * (45 - 1 + 1)
         + 1)),
    ('2022-02-01 00:06:14',
     FLOOR(RAND() * (1000 - 1 + 1) + 1),
     FLOOR(RAND() * (45 - 1 + 1)
         + 1)),
    ('2022-01-13 17:54:40',
     FLOOR(RAND() * (1000 - 1 + 1) + 1),
     FLOOR(RAND() * (45 - 1 + 1)
         + 1)),
    ('2022-05-21 01:53:52',
     FLOOR(RAND() * (1000 - 1 + 1) + 1),
     FLOOR(RAND() * (45 - 1 + 1)
         + 1)),
    ('2022-04-04 22:09:02',
     FLOOR(RAND() * (1000 - 1 + 1) + 1),
     FLOOR(RAND() * (45 - 1 + 1)
         + 1)),
    ('2022-04-21 01:37:24',
     FLOOR(RAND() * (1000 - 1 + 1) + 1),
     FLOOR(RAND() * (45 - 1 + 1)
         + 1)),
    ('2022-06-04 19:05:11',
     FLOOR(RAND() * (1000 - 1 + 1) + 1),
     FLOOR(RAND() * (45 - 1 + 1)
         + 1)),
    ('2022-06-26 11:45:54',
     FLOOR(RAND() * (1000 - 1 + 1) + 1),
     FLOOR(RAND() * (45 - 1 + 1)
         + 1)),
    ('2022-05-20 11:59:12',
     FLOOR(RAND() * (1000 - 1 + 1) + 1),
     FLOOR(RAND() * (45 - 1 + 1)
         + 1)),
    ('2022-04-15 09:12:17',
     FLOOR(RAND() * (1000 - 1 + 1) + 1),
     FLOOR(RAND() * (45 - 1 + 1)
         + 1)),
    ('2022-04-13 18:36:21',
     FLOOR(RAND() * (1000 - 1 + 1) + 1),
     FLOOR(RAND() * (45 - 1 + 1)
         + 1)),
    ('2022-04-27 00:19:22',
     FLOOR(RAND() * (1000 - 1 + 1) + 1),
     FLOOR(RAND() * (45 - 1 + 1)
         + 1)),
    ('2022-02-23 09:36:19',
     FLOOR(RAND() * (1000 - 1 + 1) + 1),
     FLOOR(RAND() * (45 - 1 + 1)
         + 1)),
    ('2022-05-23 07:42:08',
     FLOOR(RAND() * (1000 - 1 + 1) + 1),
     FLOOR(RAND() * (45 - 1 + 1)
         + 1)),
    ('2022-05-14 22:37:31',
     FLOOR(RAND() * (1000 - 1 + 1) + 1),
     FLOOR(RAND() * (45 - 1 + 1)
         + 1)),
    ('2022-06-18 08:43:23',
     FLOOR(RAND() * (1000 - 1 + 1) + 1),
     FLOOR(RAND() * (45 - 1 + 1)
         + 1)),
    ('2022-03-05 04:55:02',
     FLOOR(RAND() * (1000 - 1 + 1) + 1),
     FLOOR(RAND() * (45 - 1 + 1)
         + 1)),
    ('2022-06-10 14:36:17',
     FLOOR(RAND() * (1000 - 1 + 1) + 1),
     FLOOR(RAND() * (45 - 1 + 1)
         + 1)),
    ('2022-05-28 20:48:17',
     FLOOR(RAND() * (1000 - 1 + 1) + 1),
     FLOOR(RAND() * (45 - 1 + 1)
         + 1)),
    ('2022-05-24 14:52:44',
     FLOOR(RAND() * (1000 - 1 + 1) + 1),
     FLOOR(RAND() * (45 - 1 + 1)
         + 1)),
    ('2022-02-22 17:51:33',
     FLOOR(RAND() * (1000 - 1 + 1) + 1),
     FLOOR(RAND() * (45 - 1 + 1)
         + 1)),
    ('2022-02-10 07:33:01',
     FLOOR(RAND() * (1000 - 1 + 1) + 1),
     FLOOR(RAND() * (45 - 1 + 1)
         + 1)),
    ('2022-03-05 20:35:31',
     FLOOR(RAND() * (1000 - 1 + 1) + 1),
     FLOOR(RAND() * (45 - 1 + 1)
         + 1)),
    ('2022-06-08 04:53:49',
     FLOOR(RAND() * (1000 - 1 + 1) + 1),
     FLOOR(RAND() * (45 - 1 + 1)
         + 1)),
    ('2022-04-01 08:20:48',
     FLOOR(RAND() * (1000 - 1 + 1) + 1),
     FLOOR(RAND() * (45 - 1 + 1)
         + 1)),
    ('2022-06-21 01:38:04',
     FLOOR(RAND() * (1000 - 1 + 1) + 1),
     FLOOR(RAND() * (45 - 1 + 1)
         + 1)),
    ('2022-04-11 12:03:07',
     FLOOR(RAND() * (1000 - 1 + 1) + 1),
     FLOOR(RAND() * (45 - 1 + 1)
         + 1)),
    ('2022-04-15 17:32:16',
     FLOOR(RAND() * (1000 - 1 + 1) + 1),
     FLOOR(RAND() * (45 - 1 + 1)
         + 1)),
    ('2022-02-28 08:56:33',
     FLOOR(RAND() * (1000 - 1 + 1) + 1),
     FLOOR(RAND() * (45 - 1 + 1)
         + 1)),
    ('2022-06-19 02:23:29',
     FLOOR(RAND() * (1000 - 1 + 1) + 1),
     FLOOR(RAND() * (45 - 1 + 1)
         + 1)),
    ('2022-05-01 04:57:01',
     FLOOR(RAND() * (1000 - 1 + 1) + 1),
     FLOOR(RAND() * (45 - 1 + 1)
         + 1)),
    ('2022-06-19 07:25:13',
     FLOOR(RAND() * (1000 - 1 + 1) + 1),
     FLOOR(RAND() * (45 - 1 + 1)
         + 1)),
    ('2022-03-07 21:20:56',
     FLOOR(RAND() * (1000 - 1 + 1) + 1),
     FLOOR(RAND() * (45 - 1 + 1)
         + 1)),
    ('2022-06-08 16:59:31',
     FLOOR(RAND() * (1000 - 1 + 1) + 1),
     FLOOR(RAND() * (45 - 1 + 1)
         + 1)),
    ('2022-02-04 08:42:08',
     FLOOR(RAND() * (1000 - 1 + 1) + 1),
     FLOOR(RAND() * (45 - 1 + 1)
         + 1)),
    ('2022-04-12 00:19:10',
     FLOOR(RAND() * (1000 - 1 + 1) + 1),
     FLOOR(RAND() * (45 - 1 + 1)
         + 1)),
    ('2022-05-09 01:48:57',
     FLOOR(RAND() * (1000 - 1 + 1) + 1),
     FLOOR(RAND() * (45 - 1 + 1)
         + 1)),
    ('2022-02-20 08:55:56',
     FLOOR(RAND() * (1000 - 1 + 1) + 1),
     FLOOR(RAND() * (45 - 1 + 1)
         + 1)),
    ('2022-02-03 11:19:06',
     FLOOR(RAND() * (1000 - 1 + 1) + 1),
     FLOOR(RAND() * (45 - 1 + 1)
         + 1)),
    ('2022-01-08 06:57:41',
     FLOOR(RAND() * (1000 - 1 + 1) + 1),
     FLOOR(RAND() * (45 - 1 + 1)
         + 1)),
    ('2022-03-07 18:35:04',
     FLOOR(RAND() * (1000 - 1 + 1) + 1),
     FLOOR(RAND() * (45 - 1 + 1)
         + 1)),
    ('2022-01-27 22:41:00',
     FLOOR(RAND() * (1000 - 1 + 1) + 1),
     FLOOR(RAND() * (45 - 1 + 1)
         + 1)),
    ('2022-01-17 14:44:09',
     FLOOR(RAND() * (1000 - 1 + 1) + 1),
     FLOOR(RAND() * (45 - 1 + 1)
         + 1)),
    ('2022-05-25 08:56:45',
     FLOOR(RAND() * (1000 - 1 + 1) + 1),
     FLOOR(RAND() * (45 - 1 + 1)
         + 1)),
    ('2022-02-20 06:29:56',
     FLOOR(RAND() * (1000 - 1 + 1) + 1),
     FLOOR(RAND() * (45 - 1 + 1)
         + 1)),
    ('2022-05-13 22:27:01',
     FLOOR(RAND() * (1000 - 1 + 1) + 1),
     FLOOR(RAND() * (45 - 1 + 1)
         + 1)),
    ('2022-06-04 19:10:53',
     FLOOR(RAND() * (1000 - 1 + 1) + 1),
     FLOOR(RAND() * (45 - 1 + 1)
         + 1)),
    ('2022-03-07 15:14:20',
     FLOOR(RAND() * (1000 - 1 + 1) + 1),
     FLOOR(RAND() * (45 - 1 + 1)
         + 1)),
    ('2022-05-16 21:12:07',
     FLOOR(RAND() * (1000 - 1 + 1) + 1),
     FLOOR(RAND() * (45 - 1 + 1)
         + 1)),
    ('2022-06-26 06:14:09',
     FLOOR(RAND() * (1000 - 1 + 1) + 1),
     FLOOR(RAND() * (45 - 1 + 1)
         + 1)),
    ('2022-04-06 11:35:55',
     FLOOR(RAND() * (1000 - 1 + 1) + 1),
     FLOOR(RAND() * (45 - 1 + 1)
         + 1)),
    ('2022-04-09 15:40:26',
     FLOOR(RAND() * (1000 - 1 + 1) + 1),
     FLOOR(RAND() * (45 - 1 + 1)
         + 1)),
    ('2022-04-23 04:07:39',
     FLOOR(RAND() * (1000 - 1 + 1) + 1),
     FLOOR(RAND() * (45 - 1 + 1)
         + 1)),
    ('2022-02-21 00:36:52',
     FLOOR(RAND() * (1000 - 1 + 1) + 1),
     FLOOR(RAND() * (45 - 1 + 1)
         + 1)),
    ('2022-03-22 04:36:34',
     FLOOR(RAND() * (1000 - 1 + 1) + 1),
     FLOOR(RAND() * (45 - 1 + 1)
         + 1)),
    ('2022-04-03 04:13:24',
     FLOOR(RAND() * (1000 - 1 + 1) + 1),
     FLOOR(RAND() * (45 - 1 + 1)
         + 1)),
    ('2022-04-01 19:03:28',
     FLOOR(RAND() * (1000 - 1 + 1) + 1),
     FLOOR(RAND() * (45 - 1 + 1)
         + 1)),
    ('2022-02-24 20:45:28',
     FLOOR(RAND() * (1000 - 1 + 1) + 1),
     FLOOR(RAND() * (45 - 1 + 1)
         + 1)),
    ('2022-06-03 18:12:59',
     FLOOR(RAND() * (1000 - 1 + 1) + 1),
     FLOOR(RAND() * (45 - 1 + 1)
         + 1)),
    ('2022-01-14 04:30:33',
     FLOOR(RAND() * (1000 - 1 + 1) + 1),
     FLOOR(RAND() * (45 - 1 + 1)
         + 1)),
    ('2022-03-23 15:04:22',
     FLOOR(RAND() * (1000 - 1 + 1) + 1),
     FLOOR(RAND() * (45 - 1 + 1)
         + 1)),
    ('2022-06-05 05:39:30',
     FLOOR(RAND() * (1000 - 1 + 1) + 1),
     FLOOR(RAND() * (45 - 1 + 1)
         + 1)),
    ('2022-03-12 01:39:05',
     FLOOR(RAND() * (1000 - 1 + 1) + 1),
     FLOOR(RAND() * (45 - 1 + 1)
         + 1)),
    ('2022-02-01 21:55:05',
     FLOOR(RAND() * (1000 - 1 + 1) + 1),
     FLOOR(RAND() * (45 - 1 + 1)
         + 1)),
    ('2022-02-10 23:45:23',
     FLOOR(RAND() * (1000 - 1 + 1) + 1),
     FLOOR(RAND() * (45 - 1 + 1)
         + 1)),
    ('2022-02-16 01:09:53',
     FLOOR(RAND() * (1000 - 1 + 1) + 1),
     FLOOR(RAND() * (45 - 1 + 1)
         + 1)),
    ('2022-05-21 23:09:19',
     FLOOR(RAND() * (1000 - 1 + 1) + 1),
     FLOOR(RAND() * (45 - 1 + 1)
         + 1)),
    ('2022-03-01 03:24:45',
     FLOOR(RAND() * (1000 - 1 + 1) + 1),
     FLOOR(RAND() * (45 - 1 + 1)
         + 1)),
    ('2022-04-19 09:17:54',
     FLOOR(RAND() * (1000 - 1 + 1) + 1),
     FLOOR(RAND() * (45 - 1 + 1)
         + 1)),
    ('2022-01-21 02:18:14',
     FLOOR(RAND() * (1000 - 1 + 1) + 1),
     FLOOR(RAND() * (45 - 1 + 1)
         + 1)),
    ('2022-03-14 07:08:16',
     FLOOR(RAND() * (1000 - 1 + 1) + 1),
     FLOOR(RAND() * (45 - 1 + 1)
         + 1)),
    ('2022-06-20 21:23:21',
     FLOOR(RAND() * (1000 - 1 + 1) + 1),
     FLOOR(RAND() * (45 - 1 + 1)
         + 1)),
    ('2022-05-15 08:36:39',
     FLOOR(RAND() * (1000 - 1 + 1) + 1),
     FLOOR(RAND() * (45 - 1 + 1)
         + 1)),
    ('2022-02-17 18:33:07',
     FLOOR(RAND() * (1000 - 1 + 1) + 1),
     FLOOR(RAND() * (45 - 1 + 1)
         + 1)),
    ('2022-05-05 07:54:10',
     FLOOR(RAND() * (1000 - 1 + 1) + 1),
     FLOOR(RAND() * (45 - 1 + 1)
         + 1)),
    ('2022-06-09 00:11:27',
     FLOOR(RAND() * (1000 - 1 + 1) + 1),
     FLOOR(RAND() * (45 - 1 + 1)
         + 1)),
    ('2022-06-18 10:39:54',
     FLOOR(RAND() * (1000 - 1 + 1) + 1),
     FLOOR(RAND() * (45 - 1 + 1)
         + 1)),
    ('2022-02-03 12:10:19',
     FLOOR(RAND() * (1000 - 1 + 1) + 1),
     FLOOR(RAND() * (45 - 1 + 1)
         + 1)),
    ('2022-06-03 14:25:47',
     FLOOR(RAND() * (1000 - 1 + 1) + 1),
     FLOOR(RAND() * (45 - 1 + 1)
         + 1)),
    ('2022-05-20 00:06:02',
     FLOOR(RAND() * (1000 - 1 + 1) + 1),
     FLOOR(RAND() * (45 - 1 + 1)
         + 1)),
    ('2022-04-07 19:01:19',
     FLOOR(RAND() * (1000 - 1 + 1) + 1),
     FLOOR(RAND() * (45 - 1 + 1)
         + 1)),
    ('2022-04-08 21:32:42',
     FLOOR(RAND() * (1000 - 1 + 1) + 1),
     FLOOR(RAND() * (45 - 1 + 1)
         + 1)),
    ('2022-03-05 21:57:36',
     FLOOR(RAND() * (1000 - 1 + 1) + 1),
     FLOOR(RAND() * (45 - 1 + 1)
         + 1)),
    ('2022-05-29 04:02:48',
     FLOOR(RAND() * (1000 - 1 + 1) + 1),
     FLOOR(RAND() * (45 - 1 + 1)
         + 1)),
    ('2022-03-27 19:31:43',
     FLOOR(RAND() * (1000 - 1 + 1) + 1),
     FLOOR(RAND() * (45 - 1 + 1)
         + 1)),
    ('2022-03-28 00:10:48',
     FLOOR(RAND() * (1000 - 1 + 1) + 1),
     FLOOR(RAND() * (45 - 1 + 1)
         + 1)),
    ('2022-03-09 11:14:36',
     FLOOR(RAND() * (1000 - 1 + 1) + 1),
     FLOOR(RAND() * (45 - 1 + 1)
         + 1)),
    ('2022-04-05 06:01:25',
     FLOOR(RAND() * (1000 - 1 + 1) + 1),
     FLOOR(RAND() * (45 - 1 + 1)
         + 1)),
    ('2022-06-03 22:57:48',
     FLOOR(RAND() * (1000 - 1 + 1) + 1),
     FLOOR(RAND() * (45 - 1 + 1)
         + 1)),
    ('2022-02-12 02:02:52',
     FLOOR(RAND() * (1000 - 1 + 1) + 1),
     FLOOR(RAND() * (45 - 1 + 1)
         + 1)),
    ('2022-05-07 01:47:19',
     FLOOR(RAND() * (1000 - 1 + 1) + 1),
     FLOOR(RAND() * (45 - 1 + 1)
         + 1)),
    ('2022-03-08 16:04:32',
     FLOOR(RAND() * (1000 - 1 + 1) + 1),
     FLOOR(RAND() * (45 - 1 + 1)
         + 1)),
    ('2022-01-24 08:25:13',
     FLOOR(RAND() * (1000 - 1 + 1) + 1),
     FLOOR(RAND() * (45 - 1 + 1)
         + 1)),
    ('2022-02-08 17:55:31',
     FLOOR(RAND() * (1000 - 1 + 1) + 1),
     FLOOR(RAND() * (45 - 1 + 1)
         + 1)),
    ('2022-05-10 06:25:24',
     FLOOR(RAND() * (1000 - 1 + 1) + 1),
     FLOOR(RAND() * (45 - 1 + 1)
         + 1)),
    ('2022-06-12 15:15:59',
     FLOOR(RAND() * (1000 - 1 + 1) + 1),
     FLOOR(RAND() * (45 - 1 + 1)
         + 1)),
    ('2022-02-19 21:44:04',
     FLOOR(RAND() * (1000 - 1 + 1) + 1),
     FLOOR(RAND() * (45 - 1 + 1)
         + 1)),
    ('2022-01-04 11:27:35',
     FLOOR(RAND() * (1000 - 1 + 1) + 1),
     FLOOR(RAND() * (45 - 1 + 1)
         + 1)),
    ('2022-01-24 01:05:21',
     FLOOR(RAND() * (1000 - 1 + 1) + 1),
     FLOOR(RAND() * (45 - 1 + 1)
         + 1)),
    ('2022-01-16 10:19:56',
     FLOOR(RAND() * (1000 - 1 + 1) + 1),
     FLOOR(RAND() * (45 - 1 + 1)
         + 1)),
    ('2022-05-19 06:42:03',
     FLOOR(RAND() * (1000 - 1 + 1) + 1),
     FLOOR(RAND() * (45 - 1 + 1)
         + 1)),
    ('2022-04-25 17:02:31',
     FLOOR(RAND() * (1000 - 1 + 1) + 1),
     FLOOR(RAND() * (45 - 1 + 1)
         + 1)),
    ('2022-03-09 05:58:48',
     FLOOR(RAND() * (1000 - 1 + 1) + 1),
     FLOOR(RAND() * (45 - 1 + 1)
         + 1)),
    ('2022-02-05 08:20:22',
     FLOOR(RAND() * (1000 - 1 + 1) + 1),
     FLOOR(RAND() * (45 - 1 + 1)
         + 1)),
    ('2022-03-10 16:47:49',
     FLOOR(RAND() * (1000 - 1 + 1) + 1),
     FLOOR(RAND() * (45 - 1 + 1)
         + 1)),
    ('2022-03-20 16:11:44',
     FLOOR(RAND() * (1000 - 1 + 1) + 1),
     FLOOR(RAND() * (45 - 1 + 1)
         + 1)),
    ('2022-03-14 02:30:04',
     FLOOR(RAND() * (1000 - 1 + 1) + 1),
     FLOOR(RAND() * (45 - 1 + 1)
         + 1)),
    ('2022-01-02 08:12:23',
     FLOOR(RAND() * (1000 - 1 + 1) + 1),
     FLOOR(RAND() * (45 - 1 + 1)
         + 1)),
    ('2022-06-24 03:53:02',
     FLOOR(RAND() * (1000 - 1 + 1) + 1),
     FLOOR(RAND() * (45 - 1 + 1)
         + 1)),
    ('2022-05-01 11:34:03',
     FLOOR(RAND() * (1000 - 1 + 1) + 1),
     FLOOR(RAND() * (45 - 1 + 1)
         + 1)),
    ('2022-04-07 03:44:59',
     FLOOR(RAND() * (1000 - 1 + 1) + 1),
     FLOOR(RAND() * (45 - 1 + 1)
         + 1)),
    ('2022-02-16 09:18:49',
     FLOOR(RAND() * (1000 - 1 + 1) + 1),
     FLOOR(RAND() * (45 - 1 + 1)
         + 1)),
    ('2022-01-15 16:49:37',
     FLOOR(RAND() * (1000 - 1 + 1) + 1),
     FLOOR(RAND() * (45 - 1 + 1)
         + 1)),
    ('2022-04-24 02:50:13',
     FLOOR(RAND() * (1000 - 1 + 1) + 1),
     FLOOR(RAND() * (45 - 1 + 1)
         + 1)),
    ('2022-03-30 18:06:06',
     FLOOR(RAND() * (1000 - 1 + 1) + 1),
     FLOOR(RAND() * (45 - 1 + 1)
         + 1)),
    ('2022-06-04 09:41:40',
     FLOOR(RAND() * (1000 - 1 + 1) + 1),
     FLOOR(RAND() * (45 - 1 + 1)
         + 1)),
    ('2022-03-16 11:31:50',
     FLOOR(RAND() * (1000 - 1 + 1) + 1),
     FLOOR(RAND() * (45 - 1 + 1)
         + 1)),
    ('2022-04-09 23:10:10',
     FLOOR(RAND() * (1000 - 1 + 1) + 1),
     FLOOR(RAND() * (45 - 1 + 1)
         + 1)),
    ('2022-03-17 14:56:13',
     FLOOR(RAND() * (1000 - 1 + 1) + 1),
     FLOOR(RAND() * (45 - 1 + 1)
         + 1)),
    ('2022-04-07 11:57:41',
     FLOOR(RAND() * (1000 - 1 + 1) + 1),
     FLOOR(RAND() * (45 - 1 + 1)
         + 1)),
    ('2022-05-19 04:41:53',
     FLOOR(RAND() * (1000 - 1 + 1) + 1),
     FLOOR(RAND() * (45 - 1 + 1)
         + 1)),
    ('2022-03-26 02:01:13',
     FLOOR(RAND() * (1000 - 1 + 1) + 1),
     FLOOR(RAND() * (45 - 1 + 1)
         + 1)),
    ('2022-03-25 03:30:42',
     FLOOR(RAND() * (1000 - 1 + 1) + 1),
     FLOOR(RAND() * (45 - 1 + 1)
         + 1)),
    ('2022-05-30 02:42:46',
     FLOOR(RAND() * (1000 - 1 + 1) + 1),
     FLOOR(RAND() * (45 - 1 + 1)
         + 1)),
    ('2022-01-15 06:57:46',
     FLOOR(RAND() * (1000 - 1 + 1) + 1),
     FLOOR(RAND() * (45 - 1 + 1)
         + 1)),
    ('2022-03-30 21:08:58',
     FLOOR(RAND() * (1000 - 1 + 1) + 1),
     FLOOR(RAND() * (45 - 1 + 1)
         + 1)),
    ('2022-05-16 18:14:05',
     FLOOR(RAND() * (1000 - 1 + 1) + 1),
     FLOOR(RAND() * (45 - 1 + 1)
         + 1)),
    ('2022-03-15 09:50:46',
     FLOOR(RAND() * (1000 - 1 + 1) + 1),
     FLOOR(RAND() * (45 - 1 + 1)
         + 1)),
    ('2022-05-08 07:27:30',
     FLOOR(RAND() * (1000 - 1 + 1) + 1),
     FLOOR(RAND() * (45 - 1 + 1)
         + 1)),
    ('2022-03-04 09:44:28',
     FLOOR(RAND() * (1000 - 1 + 1) + 1),
     FLOOR(RAND() * (45 - 1 + 1)
         + 1)),
    ('2022-06-13 17:29:34',
     FLOOR(RAND() * (1000 - 1 + 1) + 1),
     FLOOR(RAND() * (45 - 1 + 1)
         + 1)),
    ('2022-01-15 17:53:43',
     FLOOR(RAND() * (1000 - 1 + 1) + 1),
     FLOOR(RAND() * (45 - 1 + 1)
         + 1)),
    ('2022-04-24 11:39:13',
     FLOOR(RAND() * (1000 - 1 + 1) + 1),
     FLOOR(RAND() * (45 - 1 + 1)
         + 1)),
    ('2022-04-16 18:13:14',
     FLOOR(RAND() * (1000 - 1 + 1) + 1),
     FLOOR(RAND() * (45 - 1 + 1)
         + 1)),
    ('2022-01-04 16:07:44',
     FLOOR(RAND() * (1000 - 1 + 1) + 1),
     FLOOR(RAND() * (45 - 1 + 1)
         + 1)),
    ('2022-03-06 10:02:37',
     FLOOR(RAND() * (1000 - 1 + 1) + 1),
     FLOOR(RAND() * (45 - 1 + 1)
         + 1)),
    ('2022-05-28 13:58:17',
     FLOOR(RAND() * (1000 - 1 + 1) + 1),
     FLOOR(RAND() * (45 - 1 + 1)
         + 1)),
    ('2022-01-23 01:33:49',
     FLOOR(RAND() * (1000 - 1 + 1) + 1),
     FLOOR(RAND() * (45 - 1 + 1)
         + 1)),
    ('2022-01-17 17:26:43',
     FLOOR(RAND() * (1000 - 1 + 1) + 1),
     FLOOR(RAND() * (45 - 1 + 1)
         + 1)),
    ('2022-03-18 21:32:04',
     FLOOR(RAND() * (1000 - 1 + 1) + 1),
     FLOOR(RAND() * (45 - 1 + 1)
         + 1)),
    ('2022-05-29 10:38:04',
     FLOOR(RAND() * (1000 - 1 + 1) + 1),
     FLOOR(RAND() * (45 - 1 + 1)
         + 1)),
    ('2022-04-01 13:52:42',
     FLOOR(RAND() * (1000 - 1 + 1) + 1),
     FLOOR(RAND() * (45 - 1 + 1)
         + 1)),
    ('2022-05-23 20:59:09',
     FLOOR(RAND() * (1000 - 1 + 1) + 1),
     FLOOR(RAND() * (45 - 1 + 1)
         + 1)),
    ('2022-05-07 17:40:28',
     FLOOR(RAND() * (1000 - 1 + 1) + 1),
     FLOOR(RAND() * (45 - 1 + 1)
         + 1)),
    ('2022-03-03 22:16:16',
     FLOOR(RAND() * (1000 - 1 + 1) + 1),
     FLOOR(RAND() * (45 - 1 + 1)
         + 1)),
    ('2022-05-30 08:55:44',
     FLOOR(RAND() * (1000 - 1 + 1) + 1),
     FLOOR(RAND() * (45 - 1 + 1)
         + 1)),
    ('2022-04-05 01:08:47',
     FLOOR(RAND() * (1000 - 1 + 1) + 1),
     FLOOR(RAND() * (45 - 1 + 1)
         + 1)),
    ('2022-06-12 07:11:49',
     FLOOR(RAND() * (1000 - 1 + 1) + 1),
     FLOOR(RAND() * (45 - 1 + 1)
         + 1)),
    ('2022-03-28 13:47:48',
     FLOOR(RAND() * (1000 - 1 + 1) + 1),
     FLOOR(RAND() * (45 - 1 + 1)
         + 1)),
    ('2022-03-17 15:06:00',
     FLOOR(RAND() * (1000 - 1 + 1) + 1),
     FLOOR(RAND() * (45 - 1 + 1)
         + 1)),
    ('2022-03-26 00:29:28',
     FLOOR(RAND() * (1000 - 1 + 1) + 1),
     FLOOR(RAND() * (45 - 1 + 1)
         + 1)),
    ('2022-06-05 10:41:31',
     FLOOR(RAND() * (1000 - 1 + 1) + 1),
     FLOOR(RAND() * (45 - 1 + 1)
         + 1)),
    ('2022-01-18 05:10:54',
     FLOOR(RAND() * (1000 - 1 + 1) + 1),
     FLOOR(RAND() * (45 - 1 + 1)
         + 1)),
    ('2022-01-19 02:09:37',
     FLOOR(RAND() * (1000 - 1 + 1) + 1),
     FLOOR(RAND() * (45 - 1 + 1)
         + 1)),
    ('2022-04-17 21:35:39',
     FLOOR(RAND() * (1000 - 1 + 1) + 1),
     FLOOR(RAND() * (45 - 1 + 1)
         + 1)),
    ('2022-01-06 10:28:42',
     FLOOR(RAND() * (1000 - 1 + 1) + 1),
     FLOOR(RAND() * (45 - 1 + 1)
         + 1)),
    ('2022-03-08 11:46:49',
     FLOOR(RAND() * (1000 - 1 + 1) + 1),
     FLOOR(RAND() * (45 - 1 + 1)
         + 1)),
    ('2022-02-20 02:30:31',
     FLOOR(RAND() * (1000 - 1 + 1) + 1),
     FLOOR(RAND() * (45 - 1 + 1)
         + 1)),
    ('2022-02-09 11:04:56',
     FLOOR(RAND() * (1000 - 1 + 1) + 1),
     FLOOR(RAND() * (45 - 1 + 1)
         + 1)),
    ('2022-05-08 06:10:42',
     FLOOR(RAND() * (1000 - 1 + 1) + 1),
     FLOOR(RAND() * (45 - 1 + 1)
         + 1)),
    ('2022-02-13 17:02:35',
     FLOOR(RAND() * (1000 - 1 + 1) + 1),
     FLOOR(RAND() * (45 - 1 + 1)
         + 1)),
    ('2022-05-07 12:17:52',
     FLOOR(RAND() * (1000 - 1 + 1) + 1),
     FLOOR(RAND() * (45 - 1 + 1)
         + 1)),
    ('2022-04-26 02:05:46',
     FLOOR(RAND() * (1000 - 1 + 1) + 1),
     FLOOR(RAND() * (45 - 1 + 1)
         + 1)),
    ('2022-06-01 07:56:32',
     FLOOR(RAND() * (1000 - 1 + 1) + 1),
     FLOOR(RAND() * (45 - 1 + 1)
         + 1)),
    ('2022-01-01 02:38:26',
     FLOOR(RAND() * (1000 - 1 + 1) + 1),
     FLOOR(RAND() * (45 - 1 + 1)
         + 1)),
    ('2022-04-01 00:28:09',
     FLOOR(RAND() * (1000 - 1 + 1) + 1),
     FLOOR(RAND() * (45 - 1 + 1)
         + 1)),
    ('2022-02-16 01:41:46',
     FLOOR(RAND() * (1000 - 1 + 1) + 1),
     FLOOR(RAND() * (45 - 1 + 1)
         + 1)),
    ('2022-06-22 22:19:07',
     FLOOR(RAND() * (1000 - 1 + 1) + 1),
     FLOOR(RAND() * (45 - 1 + 1)
         + 1)),
    ('2022-01-29 01:35:35',
     FLOOR(RAND() * (1000 - 1 + 1) + 1),
     FLOOR(RAND() * (45 - 1 + 1)
         + 1)),
    ('2022-02-26 10:56:39',
     FLOOR(RAND() * (1000 - 1 + 1) + 1),
     FLOOR(RAND() * (45 - 1 + 1)
         + 1)),
    ('2022-01-30 00:50:58',
     FLOOR(RAND() * (1000 - 1 + 1) + 1),
     FLOOR(RAND() * (45 - 1 + 1)
         + 1)),
    ('2022-01-20 14:04:16',
     FLOOR(RAND() * (1000 - 1 + 1) + 1),
     FLOOR(RAND() * (45 - 1 + 1)
         + 1)),
    ('2022-01-03 18:02:27',
     FLOOR(RAND() * (1000 - 1 + 1) + 1),
     FLOOR(RAND() * (45 - 1 + 1)
         + 1)),
    ('2022-02-15 23:07:47',
     FLOOR(RAND() * (1000 - 1 + 1) + 1),
     FLOOR(RAND() * (45 - 1 + 1)
         + 1)),
    ('2022-02-10 18:04:35',
     FLOOR(RAND() * (1000 - 1 + 1) + 1),
     FLOOR(RAND() * (45 - 1 + 1)
         + 1)),
    ('2022-01-02 13:36:59',
     FLOOR(RAND() * (1000 - 1 + 1) + 1),
     FLOOR(RAND() * (45 - 1 + 1)
         + 1)),
    ('2022-02-28 22:07:30',
     FLOOR(RAND() * (1000 - 1 + 1) + 1),
     FLOOR(RAND() * (45 - 1 + 1)
         + 1)),
    ('2022-03-18 20:07:38',
     FLOOR(RAND() * (1000 - 1 + 1) + 1),
     FLOOR(RAND() * (45 - 1 + 1)
         + 1)),
    ('2022-06-02 20:13:53',
     FLOOR(RAND() * (1000 - 1 + 1) + 1),
     FLOOR(RAND() * (45 - 1 + 1)
         + 1)),
    ('2022-06-21 02:44:11',
     FLOOR(RAND() * (1000 - 1 + 1) + 1),
     FLOOR(RAND() * (45 - 1 + 1)
         + 1)),
    ('2022-05-10 22:31:02',
     FLOOR(RAND() * (1000 - 1 + 1) + 1),
     FLOOR(RAND() * (45 - 1 + 1)
         + 1)),
    ('2022-02-22 15:35:23',
     FLOOR(RAND() * (1000 - 1 + 1) + 1),
     FLOOR(RAND() * (45 - 1 + 1)
         + 1)),
    ('2022-05-18 18:57:45',
     FLOOR(RAND() * (1000 - 1 + 1) + 1),
     FLOOR(RAND() * (45 - 1 + 1)
         + 1)),
    ('2022-05-09 03:05:13',
     FLOOR(RAND() * (1000 - 1 + 1) + 1),
     FLOOR(RAND() * (45 - 1 + 1)
         + 1)),
    ('2022-01-20 06:20:53',
     FLOOR(RAND() * (1000 - 1 + 1) + 1),
     FLOOR(RAND() * (45 - 1 + 1)
         + 1)),
    ('2022-03-08 16:13:54',
     FLOOR(RAND() * (1000 - 1 + 1) + 1),
     FLOOR(RAND() * (45 - 1 + 1)
         + 1)),
    ('2022-05-10 04:30:31',
     FLOOR(RAND() * (1000 - 1 + 1) + 1),
     FLOOR(RAND() * (45 - 1 + 1)
         + 1)),
    ('2022-03-04 18:29:15',
     FLOOR(RAND() * (1000 - 1 + 1) + 1),
     FLOOR(RAND() * (45 - 1 + 1)
         + 1)),
    ('2022-06-04 04:58:27',
     FLOOR(RAND() * (1000 - 1 + 1) + 1),
     FLOOR(RAND() * (45 - 1 + 1)
         + 1)),
    ('2022-01-03 18:16:15',
     FLOOR(RAND() * (1000 - 1 + 1) + 1),
     FLOOR(RAND() * (45 - 1 + 1)
         + 1)),
    ('2022-02-09 04:59:22',
     FLOOR(RAND() * (1000 - 1 + 1) + 1),
     FLOOR(RAND() * (45 - 1 + 1)
         + 1)),
    ('2022-05-16 09:34:44',
     FLOOR(RAND() * (1000 - 1 + 1) + 1),
     FLOOR(RAND() * (45 - 1 + 1)
         + 1)),
    ('2022-01-02 11:17:36',
     FLOOR(RAND() * (1000 - 1 + 1) + 1),
     FLOOR(RAND() * (45 - 1 + 1)
         + 1)),
    ('2022-05-12 18:26:25',
     FLOOR(RAND() * (1000 - 1 + 1) + 1),
     FLOOR(RAND() * (45 - 1 + 1)
         + 1)),
    ('2022-03-04 00:30:56',
     FLOOR(RAND() * (1000 - 1 + 1) + 1),
     FLOOR(RAND() * (45 - 1 + 1)
         + 1)),
    ('2022-04-20 22:09:13',
     FLOOR(RAND() * (1000 - 1 + 1) + 1),
     FLOOR(RAND() * (45 - 1 + 1)
         + 1)),
    ('2022-04-14 13:17:41',
     FLOOR(RAND() * (1000 - 1 + 1) + 1),
     FLOOR(RAND() * (45 - 1 + 1)
         + 1)),
    ('2022-01-16 02:09:44',
     FLOOR(RAND() * (1000 - 1 + 1) + 1),
     FLOOR(RAND() * (45 - 1 + 1)
         + 1)),
    ('2022-01-21 16:33:12',
     FLOOR(RAND() * (1000 - 1 + 1) + 1),
     FLOOR(RAND() * (45 - 1 + 1)
         + 1)),
    ('2022-04-05 16:24:53',
     FLOOR(RAND() * (1000 - 1 + 1) + 1),
     FLOOR(RAND() * (45 - 1 + 1)
         + 1)),
    ('2022-06-09 18:00:05',
     FLOOR(RAND() * (1000 - 1 + 1) + 1),
     FLOOR(RAND() * (45 - 1 + 1)
         + 1)),
    ('2022-03-17 00:39:04',
     FLOOR(RAND() * (1000 - 1 + 1) + 1),
     FLOOR(RAND() * (45 - 1 + 1)
         + 1)),
    ('2022-04-14 05:34:15',
     FLOOR(RAND() * (1000 - 1 + 1) + 1),
     FLOOR(RAND() * (45 - 1 + 1)
         + 1)),
    ('2022-05-15 20:48:47',
     FLOOR(RAND() * (1000 - 1 + 1) + 1),
     FLOOR(RAND() * (45 - 1 + 1)
         + 1)),
    ('2022-05-12 07:28:57',
     FLOOR(RAND() * (1000 - 1 + 1) + 1),
     FLOOR(RAND() * (45 - 1 + 1)
         + 1)),
    ('2022-05-20 12:50:05',
     FLOOR(RAND() * (1000 - 1 + 1) + 1),
     FLOOR(RAND() * (45 - 1 + 1)
         + 1)),
    ('2022-03-08 19:12:41',
     FLOOR(RAND() * (1000 - 1 + 1) + 1),
     FLOOR(RAND() * (45 - 1 + 1)
         + 1)),
    ('2022-05-31 05:13:21',
     FLOOR(RAND() * (1000 - 1 + 1) + 1),
     FLOOR(RAND() * (45 - 1 + 1)
         + 1)),
    ('2022-03-08 11:57:52',
     FLOOR(RAND() * (1000 - 1 + 1) + 1),
     FLOOR(RAND() * (45 - 1 + 1)
         + 1)),
    ('2022-06-09 03:37:53',
     FLOOR(RAND() * (1000 - 1 + 1) + 1),
     FLOOR(RAND() * (45 - 1 + 1)
         + 1)),
    ('2022-06-26 12:50:40',
     FLOOR(RAND() * (1000 - 1 + 1) + 1),
     FLOOR(RAND() * (45 - 1 + 1)
         + 1)),
    ('2022-03-31 10:36:49',
     FLOOR(RAND() * (1000 - 1 + 1) + 1),
     FLOOR(RAND() * (45 - 1 + 1)
         + 1)),
    ('2022-03-06 17:18:26',
     FLOOR(RAND() * (1000 - 1 + 1) + 1),
     FLOOR(RAND() * (45 - 1 + 1)
         + 1)),
    ('2022-02-12 00:41:35',
     FLOOR(RAND() * (1000 - 1 + 1) + 1),
     FLOOR(RAND() * (45 - 1 + 1)
         + 1)),
    ('2022-06-11 23:06:20',
     FLOOR(RAND() * (1000 - 1 + 1) + 1),
     FLOOR(RAND() * (45 - 1 + 1)
         + 1)),
    ('2022-05-24 12:32:17',
     FLOOR(RAND() * (1000 - 1 + 1) + 1),
     FLOOR(RAND() * (45 - 1 + 1)
         + 1)),
    ('2022-02-17 17:13:18',
     FLOOR(RAND() * (1000 - 1 + 1) + 1),
     FLOOR(RAND() * (45 - 1 + 1)
         + 1)),
    ('2022-05-16 16:50:04',
     FLOOR(RAND() * (1000 - 1 + 1) + 1),
     FLOOR(RAND() * (45 - 1 + 1)
         + 1)),
    ('2022-03-18 23:34:15',
     FLOOR(RAND() * (1000 - 1 + 1) + 1),
     FLOOR(RAND() * (45 - 1 + 1)
         + 1)),
    ('2022-05-02 11:59:48',
     FLOOR(RAND() * (1000 - 1 + 1) + 1),
     FLOOR(RAND() * (45 - 1 + 1)
         + 1)),
    ('2022-05-13 14:41:45',
     FLOOR(RAND() * (1000 - 1 + 1) + 1),
     FLOOR(RAND() * (45 - 1 + 1)
         + 1)),
    ('2022-03-05 09:24:49',
     FLOOR(RAND() * (1000 - 1 + 1) + 1),
     FLOOR(RAND() * (45 - 1 + 1)
         + 1)),
    ('2022-05-11 03:46:17',
     FLOOR(RAND() * (1000 - 1 + 1) + 1),
     FLOOR(RAND() * (45 - 1 + 1)
         + 1)),
    ('2022-06-04 13:17:50',
     FLOOR(RAND() * (1000 - 1 + 1) + 1),
     FLOOR(RAND() * (45 - 1 + 1)
         + 1)),
    ('2022-06-26 20:18:54',
     FLOOR(RAND() * (1000 - 1 + 1) + 1),
     FLOOR(RAND() * (45 - 1 + 1)
         + 1)),
    ('2022-01-27 23:55:56',
     FLOOR(RAND() * (1000 - 1 + 1) + 1),
     FLOOR(RAND() * (45 - 1 + 1)
         + 1)),
    ('2022-03-14 18:18:22',
     FLOOR(RAND() * (1000 - 1 + 1) + 1),
     FLOOR(RAND() * (45 - 1 + 1)
         + 1)),
    ('2022-02-25 04:01:18',
     FLOOR(RAND() * (1000 - 1 + 1) + 1),
     FLOOR(RAND() * (45 - 1 + 1)
         + 1)),
    ('2022-05-19 15:22:36',
     FLOOR(RAND() * (1000 - 1 + 1) + 1),
     FLOOR(RAND() * (45 - 1 + 1)
         + 1)),
    ('2022-03-06 03:34:48',
     FLOOR(RAND() * (1000 - 1 + 1) + 1),
     FLOOR(RAND() * (45 - 1 + 1)
         + 1)),
    ('2022-04-21 09:45:49',
     FLOOR(RAND() * (1000 - 1 + 1) + 1),
     FLOOR(RAND() * (45 - 1 + 1)
         + 1)),
    ('2022-05-06 14:25:22',
     FLOOR(RAND() * (1000 - 1 + 1) + 1),
     FLOOR(RAND() * (45 - 1 + 1)
         + 1)),
    ('2022-04-13 10:55:22',
     FLOOR(RAND() * (1000 - 1 + 1) + 1),
     FLOOR(RAND() * (45 - 1 + 1)
         + 1)),
    ('2022-01-19 20:43:44',
     FLOOR(RAND() * (1000 - 1 + 1) + 1),
     FLOOR(RAND() * (45 - 1 + 1)
         + 1)),
    ('2022-01-20 22:53:24',
     FLOOR(RAND() * (1000 - 1 + 1) + 1),
     FLOOR(RAND() * (45 - 1 + 1)
         + 1)),
    ('2022-05-12 14:33:20',
     FLOOR(RAND() * (1000 - 1 + 1) + 1),
     FLOOR(RAND() * (45 - 1 + 1)
         + 1)),
    ('2022-03-15 06:51:44',
     FLOOR(RAND() * (1000 - 1 + 1) + 1),
     FLOOR(RAND() * (45 - 1 + 1)
         + 1)),
    ('2022-03-22 17:32:28',
     FLOOR(RAND() * (1000 - 1 + 1) + 1),
     FLOOR(RAND() * (45 - 1 + 1)
         + 1)),
    ('2022-01-22 21:05:50',
     FLOOR(RAND() * (1000 - 1 + 1) + 1),
     FLOOR(RAND() * (45 - 1 + 1)
         + 1)),
    ('2022-06-25 01:44:45',
     FLOOR(RAND() * (1000 - 1 + 1) + 1),
     FLOOR(RAND() * (45 - 1 + 1)
         + 1)),
    ('2022-04-19 05:25:12',
     FLOOR(RAND() * (1000 - 1 + 1) + 1),
     FLOOR(RAND() * (45 - 1 + 1)
         + 1)),
    ('2022-03-31 21:43:45',
     FLOOR(RAND() * (1000 - 1 + 1) + 1),
     FLOOR(RAND() * (45 - 1 + 1)
         + 1)),
    ('2022-03-04 15:29:42',
     FLOOR(RAND() * (1000 - 1 + 1) + 1),
     FLOOR(RAND() * (45 - 1 + 1)
         + 1)),
    ('2022-01-27 08:40:19',
     FLOOR(RAND() * (1000 - 1 + 1) + 1),
     FLOOR(RAND() * (45 - 1 + 1)
         + 1)),
    ('2022-05-18 20:39:36',
     FLOOR(RAND() * (1000 - 1 + 1) + 1),
     FLOOR(RAND() * (45 - 1 + 1)
         + 1)),
    ('2022-06-22 09:51:46',
     FLOOR(RAND() * (1000 - 1 + 1) + 1),
     FLOOR(RAND() * (45 - 1 + 1)
         + 1)),
    ('2022-05-16 08:53:01',
     FLOOR(RAND() * (1000 - 1 + 1) + 1),
     FLOOR(RAND() * (45 - 1 + 1)
         + 1)),
    ('2022-03-02 00:14:47',
     FLOOR(RAND() * (1000 - 1 + 1) + 1),
     FLOOR(RAND() * (45 - 1 + 1)
         + 1)),
    ('2022-04-03 15:42:51',
     FLOOR(RAND() * (1000 - 1 + 1) + 1),
     FLOOR(RAND() * (45 - 1 + 1)
         + 1)),
    ('2022-02-14 15:50:03',
     FLOOR(RAND() * (1000 - 1 + 1) + 1),
     FLOOR(RAND() * (45 - 1 + 1)
         + 1)),
    ('2022-01-05 07:13:05',
     FLOOR(RAND() * (1000 - 1 + 1) + 1),
     FLOOR(RAND() * (45 - 1 + 1)
         + 1)),
    ('2022-02-12 19:31:09',
     FLOOR(RAND() * (1000 - 1 + 1) + 1),
     FLOOR(RAND() * (45 - 1 + 1)
         + 1)),
    ('2022-01-05 06:39:24',
     FLOOR(RAND() * (1000 - 1 + 1) + 1),
     FLOOR(RAND() * (45 - 1 + 1)
         + 1)),
    ('2022-01-20 21:10:28',
     FLOOR(RAND() * (1000 - 1 + 1) + 1),
     FLOOR(RAND() * (45 - 1 + 1)
         + 1)),
    ('2022-01-28 05:01:57',
     FLOOR(RAND() * (1000 - 1 + 1) + 1),
     FLOOR(RAND() * (45 - 1 + 1)
         + 1)),
    ('2022-04-23 07:50:02',
     FLOOR(RAND() * (1000 - 1 + 1) + 1),
     FLOOR(RAND() * (45 - 1 + 1)
         + 1)),
    ('2022-06-15 00:04:24',
     FLOOR(RAND() * (1000 - 1 + 1) + 1),
     FLOOR(RAND() * (45 - 1 + 1)
         + 1)),
    ('2022-05-27 19:48:32',
     FLOOR(RAND() * (1000 - 1 + 1) + 1),
     FLOOR(RAND() * (45 - 1 + 1)
         + 1)),
    ('2022-05-09 20:22:41',
     FLOOR(RAND() * (1000 - 1 + 1) + 1),
     FLOOR(RAND() * (45 - 1 + 1)
         + 1)),
    ('2022-01-26 03:21:17',
     FLOOR(RAND() * (1000 - 1 + 1) + 1),
     FLOOR(RAND() * (45 - 1 + 1)
         + 1)),
    ('2022-04-18 13:13:09',
     FLOOR(RAND() * (1000 - 1 + 1) + 1),
     FLOOR(RAND() * (45 - 1 + 1)
         + 1)),
    ('2022-06-07 04:54:07',
     FLOOR(RAND() * (1000 - 1 + 1) + 1),
     FLOOR(RAND() * (45 - 1 + 1)
         + 1)),
    ('2022-03-14 18:14:42',
     FLOOR(RAND() * (1000 - 1 + 1) + 1),
     FLOOR(RAND() * (45 - 1 + 1)
         + 1)),
    ('2022-04-08 16:35:12',
     FLOOR(RAND() * (1000 - 1 + 1) + 1),
     FLOOR(RAND() * (45 - 1 + 1)
         + 1)),
    ('2022-06-15 22:44:12',
     FLOOR(RAND() * (1000 - 1 + 1) + 1),
     FLOOR(RAND() * (45 - 1 + 1)
         + 1)),
    ('2022-04-18 00:42:21',
     FLOOR(RAND() * (1000 - 1 + 1) + 1),
     FLOOR(RAND() * (45 - 1 + 1)
         + 1)),
    ('2022-02-03 10:40:17',
     FLOOR(RAND() * (1000 - 1 + 1) + 1),
     FLOOR(RAND() * (45 - 1 + 1)
         + 1)),
    ('2022-02-18 09:55:42',
     FLOOR(RAND() * (1000 - 1 + 1) + 1),
     FLOOR(RAND() * (45 - 1 + 1)
         + 1)),
    ('2022-06-10 19:21:52',
     FLOOR(RAND() * (1000 - 1 + 1) + 1),
     FLOOR(RAND() * (45 - 1 + 1)
         + 1)),
    ('2022-01-18 04:34:40',
     FLOOR(RAND() * (1000 - 1 + 1) + 1),
     FLOOR(RAND() * (45 - 1 + 1)
         + 1)),
    ('2022-01-17 21:06:41',
     FLOOR(RAND() * (1000 - 1 + 1) + 1),
     FLOOR(RAND() * (45 - 1 + 1)
         + 1)),
    ('2022-05-21 16:04:59',
     FLOOR(RAND() * (1000 - 1 + 1) + 1),
     FLOOR(RAND() * (45 - 1 + 1)
         + 1)),
    ('2022-03-05 09:08:05',
     FLOOR(RAND() * (1000 - 1 + 1) + 1),
     FLOOR(RAND() * (45 - 1 + 1)
         + 1)),
    ('2022-03-27 08:28:43',
     FLOOR(RAND() * (1000 - 1 + 1) + 1),
     FLOOR(RAND() * (45 - 1 + 1)
         + 1)),
    ('2022-04-10 16:10:24',
     FLOOR(RAND() * (1000 - 1 + 1) + 1),
     FLOOR(RAND() * (45 - 1 + 1)
         + 1)),
    ('2022-06-11 14:52:56',
     FLOOR(RAND() * (1000 - 1 + 1) + 1),
     FLOOR(RAND() * (45 - 1 + 1)
         + 1)),
    ('2022-03-22 01:55:54',
     FLOOR(RAND() * (1000 - 1 + 1) + 1),
     FLOOR(RAND() * (45 - 1 + 1)
         + 1)),
    ('2022-05-26 13:02:33',
     FLOOR(RAND() * (1000 - 1 + 1) + 1),
     FLOOR(RAND() * (45 - 1 + 1)
         + 1)),
    ('2022-01-24 08:12:44',
     FLOOR(RAND() * (1000 - 1 + 1) + 1),
     FLOOR(RAND() * (45 - 1 + 1)
         + 1)),
    ('2022-06-27 08:49:15',
     FLOOR(RAND() * (1000 - 1 + 1) + 1),
     FLOOR(RAND() * (45 - 1 + 1)
         + 1)),
    ('2022-01-09 12:09:32',
     FLOOR(RAND() * (1000 - 1 + 1) + 1),
     FLOOR(RAND() * (45 - 1 + 1)
         + 1)),
    ('2022-03-13 22:40:41',
     FLOOR(RAND() * (1000 - 1 + 1) + 1),
     FLOOR(RAND() * (45 - 1 + 1)
         + 1)),
    ('2022-04-29 01:55:07',
     FLOOR(RAND() * (1000 - 1 + 1) + 1),
     FLOOR(RAND() * (45 - 1 + 1)
         + 1)),
    ('2022-02-23 01:01:26',
     FLOOR(RAND() * (1000 - 1 + 1) + 1),
     FLOOR(RAND() * (45 - 1 + 1)
         + 1)),
    ('2022-01-20 20:21:42',
     FLOOR(RAND() * (1000 - 1 + 1) + 1),
     FLOOR(RAND() * (45 - 1 + 1)
         + 1)),
    ('2022-02-26 00:29:01',
     FLOOR(RAND() * (1000 - 1 + 1) + 1),
     FLOOR(RAND() * (45 - 1 + 1)
         + 1)),
    ('2022-04-29 14:08:22',
     FLOOR(RAND() * (1000 - 1 + 1) + 1),
     FLOOR(RAND() * (45 - 1 + 1)
         + 1)),
    ('2022-02-09 23:12:53',
     FLOOR(RAND() * (1000 - 1 + 1) + 1),
     FLOOR(RAND() * (45 - 1 + 1)
         + 1)),
    ('2022-03-29 19:43:21',
     FLOOR(RAND() * (1000 - 1 + 1) + 1),
     FLOOR(RAND() * (45 - 1 + 1)
         + 1)),
    ('2022-06-09 14:26:36',
     FLOOR(RAND() * (1000 - 1 + 1) + 1),
     FLOOR(RAND() * (45 - 1 + 1)
         + 1)),
    ('2022-01-02 11:44:01',
     FLOOR(RAND() * (1000 - 1 + 1) + 1),
     FLOOR(RAND() * (45 - 1 + 1)
         + 1)),
    ('2022-02-17 02:19:07',
     FLOOR(RAND() * (1000 - 1 + 1) + 1),
     FLOOR(RAND() * (45 - 1 + 1)
         + 1)),
    ('2022-06-25 00:35:04',
     FLOOR(RAND() * (1000 - 1 + 1) + 1),
     FLOOR(RAND() * (45 - 1 + 1)
         + 1)),
    ('2022-02-13 06:05:33',
     FLOOR(RAND() * (1000 - 1 + 1) + 1),
     FLOOR(RAND() * (45 - 1 + 1)
         + 1)),
    ('2022-02-17 09:25:48',
     FLOOR(RAND() * (1000 - 1 + 1) + 1),
     FLOOR(RAND() * (45 - 1 + 1)
         + 1)),
    ('2022-06-15 20:00:33',
     FLOOR(RAND() * (1000 - 1 + 1) + 1),
     FLOOR(RAND() * (45 - 1 + 1)
         + 1)),
    ('2022-03-03 16:00:39',
     FLOOR(RAND() * (1000 - 1 + 1) + 1),
     FLOOR(RAND() * (45 - 1 + 1)
         + 1)),
    ('2022-04-13 09:09:48',
     FLOOR(RAND() * (1000 - 1 + 1) + 1),
     FLOOR(RAND() * (45 - 1 + 1)
         + 1)),
    ('2022-02-28 05:40:43',
     FLOOR(RAND() * (1000 - 1 + 1) + 1),
     FLOOR(RAND() * (45 - 1 + 1)
         + 1)),
    ('2022-05-27 19:34:35',
     FLOOR(RAND() * (1000 - 1 + 1) + 1),
     FLOOR(RAND() * (45 - 1 + 1)
         + 1)),
    ('2022-02-08 19:34:59',
     FLOOR(RAND() * (1000 - 1 + 1) + 1),
     FLOOR(RAND() * (45 - 1 + 1)
         + 1)),
    ('2022-01-22 07:04:51',
     FLOOR(RAND() * (1000 - 1 + 1) + 1),
     FLOOR(RAND() * (45 - 1 + 1)
         + 1)),
    ('2022-03-16 01:20:36',
     FLOOR(RAND() * (1000 - 1 + 1) + 1),
     FLOOR(RAND() * (45 - 1 + 1)
         + 1)),
    ('2022-02-22 14:25:46',
     FLOOR(RAND() * (1000 - 1 + 1) + 1),
     FLOOR(RAND() * (45 - 1 + 1)
         + 1)),
    ('2022-06-22 02:08:39',
     FLOOR(RAND() * (1000 - 1 + 1) + 1),
     FLOOR(RAND() * (45 - 1 + 1)
         + 1)),
    ('2022-05-29 23:56:26',
     FLOOR(RAND() * (1000 - 1 + 1) + 1),
     FLOOR(RAND() * (45 - 1 + 1)
         + 1)),
    ('2022-06-16 17:32:05',
     FLOOR(RAND() * (1000 - 1 + 1) + 1),
     FLOOR(RAND() * (45 - 1 + 1)
         + 1)),
    ('2022-05-24 05:42:32',
     FLOOR(RAND() * (1000 - 1 + 1) + 1),
     FLOOR(RAND() * (45 - 1 + 1)
         + 1)),
    ('2022-02-27 06:49:31',
     FLOOR(RAND() * (1000 - 1 + 1) + 1),
     FLOOR(RAND() * (45 - 1 + 1)
         + 1)),
    ('2022-03-19 15:38:56',
     FLOOR(RAND() * (1000 - 1 + 1) + 1),
     FLOOR(RAND() * (45 - 1 + 1)
         + 1)),
    ('2022-06-07 08:12:58',
     FLOOR(RAND() * (1000 - 1 + 1) + 1),
     FLOOR(RAND() * (45 - 1 + 1)
         + 1)),
    ('2022-06-23 03:20:56',
     FLOOR(RAND() * (1000 - 1 + 1) + 1),
     FLOOR(RAND() * (45 - 1 + 1)
         + 1)),
    ('2022-01-03 19:17:32',
     FLOOR(RAND() * (1000 - 1 + 1) + 1),
     FLOOR(RAND() * (45 - 1 + 1)
         + 1)),
    ('2022-05-08 17:27:08',
     FLOOR(RAND() * (1000 - 1 + 1) + 1),
     FLOOR(RAND() * (45 - 1 + 1)
         + 1)),
    ('2022-05-30 22:52:43',
     FLOOR(RAND() * (1000 - 1 + 1) + 1),
     FLOOR(RAND() * (45 - 1 + 1)
         + 1)),
    ('2022-06-10 01:27:51',
     FLOOR(RAND() * (1000 - 1 + 1) + 1),
     FLOOR(RAND() * (45 - 1 + 1)
         + 1)),
    ('2022-06-17 06:49:40',
     FLOOR(RAND() * (1000 - 1 + 1) + 1),
     FLOOR(RAND() * (45 - 1 + 1)
         + 1)),
    ('2022-04-01 01:21:10',
     FLOOR(RAND() * (1000 - 1 + 1) + 1),
     FLOOR(RAND() * (45 - 1 + 1)
         + 1)),
    ('2022-03-16 21:00:39',
     FLOOR(RAND() * (1000 - 1 + 1) + 1),
     FLOOR(RAND() * (45 - 1 + 1)
         + 1)),
    ('2022-05-30 06:03:11',
     FLOOR(RAND() * (1000 - 1 + 1) + 1),
     FLOOR(RAND() * (45 - 1 + 1)
         + 1)),
    ('2022-01-17 13:53:37',
     FLOOR(RAND() * (1000 - 1 + 1) + 1),
     FLOOR(RAND() * (45 - 1 + 1)
         + 1)),
    ('2022-06-18 14:50:46',
     FLOOR(RAND() * (1000 - 1 + 1) + 1),
     FLOOR(RAND() * (45 - 1 + 1)
         + 1)),
    ('2022-01-01 21:32:06',
     FLOOR(RAND() * (1000 - 1 + 1) + 1),
     FLOOR(RAND() * (45 - 1 + 1)
         + 1)),
    ('2022-01-05 06:48:56',
     FLOOR(RAND() * (1000 - 1 + 1) + 1),
     FLOOR(RAND() * (45 - 1 + 1)
         + 1)),
    ('2022-06-23 17:16:47',
     FLOOR(RAND() * (1000 - 1 + 1) + 1),
     FLOOR(RAND() * (45 - 1 + 1)
         + 1)),
    ('2022-01-27 01:07:32',
     FLOOR(RAND() * (1000 - 1 + 1) + 1),
     FLOOR(RAND() * (45 - 1 + 1)
         + 1)),
    ('2022-06-02 10:18:13',
     FLOOR(RAND() * (1000 - 1 + 1) + 1),
     FLOOR(RAND() * (45 - 1 + 1)
         + 1)),
    ('2022-01-23 14:11:08',
     FLOOR(RAND() * (1000 - 1 + 1) + 1),
     FLOOR(RAND() * (45 - 1 + 1)
         + 1)),
    ('2022-01-17 00:26:06',
     FLOOR(RAND() * (1000 - 1 + 1) + 1),
     FLOOR(RAND() * (45 - 1 + 1)
         + 1)),
    ('2022-01-29 16:45:25',
     FLOOR(RAND() * (1000 - 1 + 1) + 1),
     FLOOR(RAND() * (45 - 1 + 1)
         + 1)),
    ('2022-06-05 09:29:59',
     FLOOR(RAND() * (1000 - 1 + 1) + 1),
     FLOOR(RAND() * (45 - 1 + 1)
         + 1)),
    ('2022-06-11 10:33:02',
     FLOOR(RAND() * (1000 - 1 + 1) + 1),
     FLOOR(RAND() * (45 - 1 + 1)
         + 1)),
    ('2022-06-05 21:39:17',
     FLOOR(RAND() * (1000 - 1 + 1) + 1),
     FLOOR(RAND() * (45 - 1 + 1)
         + 1)),
    ('2022-04-03 11:59:04',
     FLOOR(RAND() * (1000 - 1 + 1) + 1),
     FLOOR(RAND() * (45 - 1 + 1)
         + 1)),
    ('2022-05-25 01:48:43',
     FLOOR(RAND() * (1000 - 1 + 1) + 1),
     FLOOR(RAND() * (45 - 1 + 1)
         + 1)),
    ('2022-04-02 07:01:01',
     FLOOR(RAND() * (1000 - 1 + 1) + 1),
     FLOOR(RAND() * (45 - 1 + 1)
         + 1)),
    ('2022-02-20 17:10:47',
     FLOOR(RAND() * (1000 - 1 + 1) + 1),
     FLOOR(RAND() * (45 - 1 + 1)
         + 1)),
    ('2022-03-23 09:11:35',
     FLOOR(RAND() * (1000 - 1 + 1) + 1),
     FLOOR(RAND() * (45 - 1 + 1)
         + 1)),
    ('2022-03-10 11:50:03',
     FLOOR(RAND() * (1000 - 1 + 1) + 1),
     FLOOR(RAND() * (45 - 1 + 1)
         + 1)),
    ('2022-01-01 07:55:28',
     FLOOR(RAND() * (1000 - 1 + 1) + 1),
     FLOOR(RAND() * (45 - 1 + 1)
         + 1)),
    ('2022-03-08 22:08:49',
     FLOOR(RAND() * (1000 - 1 + 1) + 1),
     FLOOR(RAND() * (45 - 1 + 1)
         + 1)),
    ('2022-05-25 13:56:04',
     FLOOR(RAND() * (1000 - 1 + 1) + 1),
     FLOOR(RAND() * (45 - 1 + 1)
         + 1)),
    ('2022-05-21 19:27:51',
     FLOOR(RAND() * (1000 - 1 + 1) + 1),
     FLOOR(RAND() * (45 - 1 + 1)
         + 1)),
    ('2022-03-23 11:16:00',
     FLOOR(RAND() * (1000 - 1 + 1) + 1),
     FLOOR(RAND() * (45 - 1 + 1)
         + 1)),
    ('2022-02-04 14:19:51',
     FLOOR(RAND() * (1000 - 1 + 1) + 1),
     FLOOR(RAND() * (45 - 1 + 1)
         + 1)),
    ('2022-01-19 17:55:07',
     FLOOR(RAND() * (1000 - 1 + 1) + 1),
     FLOOR(RAND() * (45 - 1 + 1)
         + 1)),
    ('2022-04-04 05:07:22',
     FLOOR(RAND() * (1000 - 1 + 1) + 1),
     FLOOR(RAND() * (45 - 1 + 1)
         + 1)),
    ('2022-06-21 06:18:03',
     FLOOR(RAND() * (1000 - 1 + 1) + 1),
     FLOOR(RAND() * (45 - 1 + 1)
         + 1)),
    ('2022-04-29 18:50:12',
     FLOOR(RAND() * (1000 - 1 + 1) + 1),
     FLOOR(RAND() * (45 - 1 + 1)
         + 1)),
    ('2022-01-08 14:21:43',
     FLOOR(RAND() * (1000 - 1 + 1) + 1),
     FLOOR(RAND() * (45 - 1 + 1)
         + 1)),
    ('2022-05-28 02:12:59',
     FLOOR(RAND() * (1000 - 1 + 1) + 1),
     FLOOR(RAND() * (45 - 1 + 1)
         + 1)),
    ('2022-04-30 03:10:11',
     FLOOR(RAND() * (1000 - 1 + 1) + 1),
     FLOOR(RAND() * (45 - 1 + 1)
         + 1)),
    ('2022-01-21 16:10:38',
     FLOOR(RAND() * (1000 - 1 + 1) + 1),
     FLOOR(RAND() * (45 - 1 + 1)
         + 1)),
    ('2022-05-29 03:26:21',
     FLOOR(RAND() * (1000 - 1 + 1) + 1),
     FLOOR(RAND() * (45 - 1 + 1)
         + 1)),
    ('2022-03-21 10:12:14',
     FLOOR(RAND() * (1000 - 1 + 1) + 1),
     FLOOR(RAND() * (45 - 1 + 1)
         + 1)),
    ('2022-02-23 23:33:27',
     FLOOR(RAND() * (1000 - 1 + 1) + 1),
     FLOOR(RAND() * (45 - 1 + 1)
         + 1)),
    ('2022-01-15 17:50:26',
     FLOOR(RAND() * (1000 - 1 + 1) + 1),
     FLOOR(RAND() * (45 - 1 + 1)
         + 1)),
    ('2022-02-06 19:48:21',
     FLOOR(RAND() * (1000 - 1 + 1) + 1),
     FLOOR(RAND() * (45 - 1 + 1)
         + 1)),
    ('2022-06-13 01:50:36',
     FLOOR(RAND() * (1000 - 1 + 1) + 1),
     FLOOR(RAND() * (45 - 1 + 1)
         + 1)),
    ('2022-02-16 16:05:05',
     FLOOR(RAND() * (1000 - 1 + 1) + 1),
     FLOOR(RAND() * (45 - 1 + 1)
         + 1)),
    ('2022-05-21 08:55:50',
     FLOOR(RAND() * (1000 - 1 + 1) + 1),
     FLOOR(RAND() * (45 - 1 + 1)
         + 1)),
    ('2022-01-26 09:34:18',
     FLOOR(RAND() * (1000 - 1 + 1) + 1),
     FLOOR(RAND() * (45 - 1 + 1)
         + 1)),
    ('2022-02-25 15:13:28',
     FLOOR(RAND() * (1000 - 1 + 1) + 1),
     FLOOR(RAND() * (45 - 1 + 1)
         + 1)),
    ('2022-02-22 20:45:15',
     FLOOR(RAND() * (1000 - 1 + 1) + 1),
     FLOOR(RAND() * (45 - 1 + 1)
         + 1)),
    ('2022-05-04 14:29:34',
     FLOOR(RAND() * (1000 - 1 + 1) + 1),
     FLOOR(RAND() * (45 - 1 + 1)
         + 1)),
    ('2022-06-20 04:54:58',
     FLOOR(RAND() * (1000 - 1 + 1) + 1),
     FLOOR(RAND() * (45 - 1 + 1)
         + 1)),
    ('2022-03-23 12:49:09',
     FLOOR(RAND() * (1000 - 1 + 1) + 1),
     FLOOR(RAND() * (45 - 1 + 1)
         + 1)),
    ('2022-03-01 03:41:03',
     FLOOR(RAND() * (1000 - 1 + 1) + 1),
     FLOOR(RAND() * (45 - 1 + 1)
         + 1)),
    ('2022-05-14 16:56:32',
     FLOOR(RAND() * (1000 - 1 + 1) + 1),
     FLOOR(RAND() * (45 - 1 + 1)
         + 1)),
    ('2022-01-24 19:54:50',
     FLOOR(RAND() * (1000 - 1 + 1) + 1),
     FLOOR(RAND() * (45 - 1 + 1)
         + 1)),
    ('2022-01-03 03:46:16',
     FLOOR(RAND() * (1000 - 1 + 1) + 1),
     FLOOR(RAND() * (45 - 1 + 1)
         + 1)),
    ('2022-05-07 07:21:52',
     FLOOR(RAND() * (1000 - 1 + 1) + 1),
     FLOOR(RAND() * (45 - 1 + 1)
         + 1)),
    ('2022-01-03 01:17:12',
     FLOOR(RAND() * (1000 - 1 + 1) + 1),
     FLOOR(RAND() * (45 - 1 + 1)
         + 1)),
    ('2022-01-29 22:49:28',
     FLOOR(RAND() * (1000 - 1 + 1) + 1),
     FLOOR(RAND() * (45 - 1 + 1)
         + 1)),
    ('2022-02-02 19:29:04',
     FLOOR(RAND() * (1000 - 1 + 1) + 1),
     FLOOR(RAND() * (45 - 1 + 1)
         + 1)),
    ('2022-02-27 10:12:05',
     FLOOR(RAND() * (1000 - 1 + 1) + 1),
     FLOOR(RAND() * (45 - 1 + 1)
         + 1)),
    ('2022-04-01 09:11:34',
     FLOOR(RAND() * (1000 - 1 + 1) + 1),
     FLOOR(RAND() * (45 - 1 + 1)
         + 1)),
    ('2022-06-27 01:52:57',
     FLOOR(RAND() * (1000 - 1 + 1) + 1),
     FLOOR(RAND() * (45 - 1 + 1)
         + 1)),
    ('2022-06-07 00:08:15',
     FLOOR(RAND() * (1000 - 1 + 1) + 1),
     FLOOR(RAND() * (45 - 1 + 1)
         + 1)),
    ('2022-04-14 13:34:34',
     FLOOR(RAND() * (1000 - 1 + 1) + 1),
     FLOOR(RAND() * (45 - 1 + 1)
         + 1)),
    ('2022-04-20 16:07:27',
     FLOOR(RAND() * (1000 - 1 + 1) + 1),
     FLOOR(RAND() * (45 - 1 + 1)
         + 1)),
    ('2022-06-11 02:52:11',
     FLOOR(RAND() * (1000 - 1 + 1) + 1),
     FLOOR(RAND() * (45 - 1 + 1)
         + 1)),
    ('2022-03-17 15:21:02',
     FLOOR(RAND() * (1000 - 1 + 1) + 1),
     FLOOR(RAND() * (45 - 1 + 1)
         + 1)),
    ('2022-02-10 09:15:28',
     FLOOR(RAND() * (1000 - 1 + 1) + 1),
     FLOOR(RAND() * (45 - 1 + 1)
         + 1)),
    ('2022-06-25 06:27:37',
     FLOOR(RAND() * (1000 - 1 + 1) + 1),
     FLOOR(RAND() * (45 - 1 + 1)
         + 1)),
    ('2022-01-11 09:14:25',
     FLOOR(RAND() * (1000 - 1 + 1) + 1),
     FLOOR(RAND() * (45 - 1 + 1)
         + 1)),
    ('2022-01-05 13:14:11',
     FLOOR(RAND() * (1000 - 1 + 1) + 1),
     FLOOR(RAND() * (45 - 1 + 1)
         + 1)),
    ('2022-05-03 01:16:50',
     FLOOR(RAND() * (1000 - 1 + 1) + 1),
     FLOOR(RAND() * (45 - 1 + 1)
         + 1)),
    ('2022-01-23 07:16:45',
     FLOOR(RAND() * (1000 - 1 + 1) + 1),
     FLOOR(RAND() * (45 - 1 + 1)
         + 1)),
    ('2022-03-01 15:49:53',
     FLOOR(RAND() * (1000 - 1 + 1) + 1),
     FLOOR(RAND() * (45 - 1 + 1)
         + 1)),
    ('2022-04-02 10:49:31',
     FLOOR(RAND() * (1000 - 1 + 1) + 1),
     FLOOR(RAND() * (45 - 1 + 1)
         + 1)),
    ('2022-05-14 05:14:11',
     FLOOR(RAND() * (1000 - 1 + 1) + 1),
     FLOOR(RAND() * (45 - 1 + 1)
         + 1)),
    ('2022-06-26 04:18:01',
     FLOOR(RAND() * (1000 - 1 + 1) + 1),
     FLOOR(RAND() * (45 - 1 + 1)
         + 1)),
    ('2022-03-07 16:39:14',
     FLOOR(RAND() * (1000 - 1 + 1) + 1),
     FLOOR(RAND() * (45 - 1 + 1)
         + 1)),
    ('2022-02-24 13:05:20',
     FLOOR(RAND() * (1000 - 1 + 1) + 1),
     FLOOR(RAND() * (45 - 1 + 1)
         + 1)),
    ('2022-03-31 03:19:34',
     FLOOR(RAND() * (1000 - 1 + 1) + 1),
     FLOOR(RAND() * (45 - 1 + 1)
         + 1)),
    ('2022-02-08 09:28:21',
     FLOOR(RAND() * (1000 - 1 + 1) + 1),
     FLOOR(RAND() * (45 - 1 + 1)
         + 1)),
    ('2022-02-02 22:12:36',
     FLOOR(RAND() * (1000 - 1 + 1) + 1),
     FLOOR(RAND() * (45 - 1 + 1)
         + 1)),
    ('2022-05-01 09:17:20',
     FLOOR(RAND() * (1000 - 1 + 1) + 1),
     FLOOR(RAND() * (45 - 1 + 1)
         + 1)),
    ('2022-01-05 01:39:41',
     FLOOR(RAND() * (1000 - 1 + 1) + 1),
     FLOOR(RAND() * (45 - 1 + 1)
         + 1)),
    ('2022-01-19 02:23:07',
     FLOOR(RAND() * (1000 - 1 + 1) + 1),
     FLOOR(RAND() * (45 - 1 + 1)
         + 1)),
    ('2022-03-04 05:41:39',
     FLOOR(RAND() * (1000 - 1 + 1) + 1),
     FLOOR(RAND() * (45 - 1 + 1)
         + 1)),
    ('2022-01-04 04:24:12',
     FLOOR(RAND() * (1000 - 1 + 1) + 1),
     FLOOR(RAND() * (45 - 1 + 1)
         + 1)),
    ('2022-01-29 01:03:32',
     FLOOR(RAND() * (1000 - 1 + 1) + 1),
     FLOOR(RAND() * (45 - 1 + 1)
         + 1)),
    ('2022-01-11 00:49:50',
     FLOOR(RAND() * (1000 - 1 + 1) + 1),
     FLOOR(RAND() * (45 - 1 + 1)
         + 1)),
    ('2022-02-03 20:06:19',
     FLOOR(RAND() * (1000 - 1 + 1) + 1),
     FLOOR(RAND() * (45 - 1 + 1)
         + 1)),
    ('2022-01-07 01:14:25',
     FLOOR(RAND() * (1000 - 1 + 1) + 1),
     FLOOR(RAND() * (45 - 1 + 1)
         + 1)),
    ('2022-03-27 09:38:19',
     FLOOR(RAND() * (1000 - 1 + 1) + 1),
     FLOOR(RAND() * (45 - 1 + 1)
         + 1)),
    ('2022-03-26 02:44:41',
     FLOOR(RAND() * (1000 - 1 + 1) + 1),
     FLOOR(RAND() * (45 - 1 + 1)
         + 1)),
    ('2022-06-03 12:14:21',
     FLOOR(RAND() * (1000 - 1 + 1) + 1),
     FLOOR(RAND() * (45 - 1 + 1)
         + 1)),
    ('2022-01-22 18:37:11',
     FLOOR(RAND() * (1000 - 1 + 1) + 1),
     FLOOR(RAND() * (45 - 1 + 1)
         + 1)),
    ('2022-01-12 21:38:37',
     FLOOR(RAND() * (1000 - 1 + 1) + 1),
     FLOOR(RAND() * (45 - 1 + 1)
         + 1)),
    ('2022-01-05 11:23:20',
     FLOOR(RAND() * (1000 - 1 + 1) + 1),
     FLOOR(RAND() * (45 - 1 + 1)
         + 1)),
    ('2022-03-21 21:02:35',
     FLOOR(RAND() * (1000 - 1 + 1) + 1),
     FLOOR(RAND() * (45 - 1 + 1)
         + 1)),
    ('2022-02-09 04:42:24',
     FLOOR(RAND() * (1000 - 1 + 1) + 1),
     FLOOR(RAND() * (45 - 1 + 1)
         + 1)),
    ('2022-04-19 05:10:48',
     FLOOR(RAND() * (1000 - 1 + 1) + 1),
     FLOOR(RAND() * (45 - 1 + 1)
         + 1)),
    ('2022-03-29 03:56:00',
     FLOOR(RAND() * (1000 - 1 + 1) + 1),
     FLOOR(RAND() * (45 - 1 + 1)
         + 1)),
    ('2022-02-01 00:44:22',
     FLOOR(RAND() * (1000 - 1 + 1) + 1),
     FLOOR(RAND() * (45 - 1 + 1)
         + 1)),
    ('2022-05-02 23:51:06',
     FLOOR(RAND() * (1000 - 1 + 1) + 1),
     FLOOR(RAND() * (45 - 1 + 1)
         + 1)),
    ('2022-03-02 03:56:17',
     FLOOR(RAND() * (1000 - 1 + 1) + 1),
     FLOOR(RAND() * (45 - 1 + 1)
         + 1)),
    ('2022-05-19 12:31:22',
     FLOOR(RAND() * (1000 - 1 + 1) + 1),
     FLOOR(RAND() * (45 - 1 + 1)
         + 1)),
    ('2022-01-17 02:03:13',
     FLOOR(RAND() * (1000 - 1 + 1) + 1),
     FLOOR(RAND() * (45 - 1 + 1)
         + 1)),
    ('2022-02-09 02:53:39',
     FLOOR(RAND() * (1000 - 1 + 1) + 1),
     FLOOR(RAND() * (45 - 1 + 1)
         + 1)),
    ('2022-03-31 04:11:16',
     FLOOR(RAND() * (1000 - 1 + 1) + 1),
     FLOOR(RAND() * (45 - 1 + 1)
         + 1)),
    ('2022-02-20 06:02:24',
     FLOOR(RAND() * (1000 - 1 + 1) + 1),
     FLOOR(RAND() * (45 - 1 + 1)
         + 1)),
    ('2022-01-05 11:06:05',
     FLOOR(RAND() * (1000 - 1 + 1) + 1),
     FLOOR(RAND() * (45 - 1 + 1)
         + 1)),
    ('2022-05-15 07:30:37',
     FLOOR(RAND() * (1000 - 1 + 1) + 1),
     FLOOR(RAND() * (45 - 1 + 1)
         + 1)),
    ('2022-06-29 00:03:16',
     FLOOR(RAND() * (1000 - 1 + 1) + 1),
     FLOOR(RAND() * (45 - 1 + 1)
         + 1)),
    ('2022-01-25 03:44:46',
     FLOOR(RAND() * (1000 - 1 + 1) + 1),
     FLOOR(RAND() * (45 - 1 + 1)
         + 1)),
    ('2022-05-07 05:03:08',
     FLOOR(RAND() * (1000 - 1 + 1) + 1),
     FLOOR(RAND() * (45 - 1 + 1)
         + 1)),
    ('2022-06-04 12:07:58',
     FLOOR(RAND() * (1000 - 1 + 1) + 1),
     FLOOR(RAND() * (45 - 1 + 1)
         + 1)),
    ('2022-02-12 21:28:42',
     FLOOR(RAND() * (1000 - 1 + 1) + 1),
     FLOOR(RAND() * (45 - 1 + 1)
         + 1)),
    ('2022-03-28 20:58:17',
     FLOOR(RAND() * (1000 - 1 + 1) + 1),
     FLOOR(RAND() * (45 - 1 + 1)
         + 1)),
    ('2022-04-15 15:14:18',
     FLOOR(RAND() * (1000 - 1 + 1) + 1),
     FLOOR(RAND() * (45 - 1 + 1)
         + 1)),
    ('2022-01-14 18:25:30',
     FLOOR(RAND() * (1000 - 1 + 1) + 1),
     FLOOR(RAND() * (45 - 1 + 1)
         + 1)),
    ('2022-02-14 09:38:11',
     FLOOR(RAND() * (1000 - 1 + 1) + 1),
     FLOOR(RAND() * (45 - 1 + 1)
         + 1)),
    ('2022-03-17 21:59:55',
     FLOOR(RAND() * (1000 - 1 + 1) + 1),
     FLOOR(RAND() * (45 - 1 + 1)
         + 1)),
    ('2022-02-03 04:19:17',
     FLOOR(RAND() * (1000 - 1 + 1) + 1),
     FLOOR(RAND() * (45 - 1 + 1)
         + 1)),
    ('2022-02-16 23:45:21',
     FLOOR(RAND() * (1000 - 1 + 1) + 1),
     FLOOR(RAND() * (45 - 1 + 1)
         + 1)),
    ('2022-04-23 19:17:06',
     FLOOR(RAND() * (1000 - 1 + 1) + 1),
     FLOOR(RAND() * (45 - 1 + 1)
         + 1)),
    ('2022-01-17 01:59:39',
     FLOOR(RAND() * (1000 - 1 + 1) + 1),
     FLOOR(RAND() * (45 - 1 + 1)
         + 1)),
    ('2022-06-17 23:41:49',
     FLOOR(RAND() * (1000 - 1 + 1) + 1),
     FLOOR(RAND() * (45 - 1 + 1)
         + 1)),
    ('2022-04-23 02:54:05',
     FLOOR(RAND() * (1000 - 1 + 1) + 1),
     FLOOR(RAND() * (45 - 1 + 1)
         + 1)),
    ('2022-03-25 01:14:51',
     FLOOR(RAND() * (1000 - 1 + 1) + 1),
     FLOOR(RAND() * (45 - 1 + 1)
         + 1)),
    ('2022-03-05 09:11:57',
     FLOOR(RAND() * (1000 - 1 + 1) + 1),
     FLOOR(RAND() * (45 - 1 + 1)
         + 1)),
    ('2022-04-11 14:59:45',
     FLOOR(RAND() * (1000 - 1 + 1) + 1),
     FLOOR(RAND() * (45 - 1 + 1)
         + 1)),
    ('2022-05-25 06:48:18',
     FLOOR(RAND() * (1000 - 1 + 1) + 1),
     FLOOR(RAND() * (45 - 1 + 1)
         + 1)),
    ('2022-04-23 11:55:38',
     FLOOR(RAND() * (1000 - 1 + 1) + 1),
     FLOOR(RAND() * (45 - 1 + 1)
         + 1)),
    ('2022-01-23 21:17:31',
     FLOOR(RAND() * (1000 - 1 + 1) + 1),
     FLOOR(RAND() * (45 - 1 + 1)
         + 1)),
    ('2022-02-23 14:41:56',
     FLOOR(RAND() * (1000 - 1 + 1) + 1),
     FLOOR(RAND() * (45 - 1 + 1)
         + 1)),
    ('2022-04-24 07:06:44',
     FLOOR(RAND() * (1000 - 1 + 1) + 1),
     FLOOR(RAND() * (45 - 1 + 1)
         + 1)),
    ('2022-01-17 16:58:50',
     FLOOR(RAND() * (1000 - 1 + 1) + 1),
     FLOOR(RAND() * (45 - 1 + 1)
         + 1)),
    ('2022-04-24 23:08:15',
     FLOOR(RAND() * (1000 - 1 + 1) + 1),
     FLOOR(RAND() * (45 - 1 + 1)
         + 1)),
    ('2022-01-23 04:12:54',
     FLOOR(RAND() * (1000 - 1 + 1) + 1),
     FLOOR(RAND() * (45 - 1 + 1)
         + 1)),
    ('2022-04-24 20:02:19',
     FLOOR(RAND() * (1000 - 1 + 1) + 1),
     FLOOR(RAND() * (45 - 1 + 1)
         + 1)),
    ('2022-05-19 05:11:43',
     FLOOR(RAND() * (1000 - 1 + 1) + 1),
     FLOOR(RAND() * (45 - 1 + 1)
         + 1)),
    ('2022-04-08 08:03:47',
     FLOOR(RAND() * (1000 - 1 + 1) + 1),
     FLOOR(RAND() * (45 - 1 + 1)
         + 1)),
    ('2022-06-19 10:29:47',
     FLOOR(RAND() * (1000 - 1 + 1) + 1),
     FLOOR(RAND() * (45 - 1 + 1)
         + 1)),
    ('2022-05-15 01:56:16',
     FLOOR(RAND() * (1000 - 1 + 1) + 1),
     FLOOR(RAND() * (45 - 1 + 1)
         + 1)),
    ('2022-06-05 03:16:17',
     FLOOR(RAND() * (1000 - 1 + 1) + 1),
     FLOOR(RAND() * (45 - 1 + 1)
         + 1)),
    ('2022-01-25 11:43:38',
     FLOOR(RAND() * (1000 - 1 + 1) + 1),
     FLOOR(RAND() * (45 - 1 + 1)
         + 1)),
    ('2022-03-15 06:23:23',
     FLOOR(RAND() * (1000 - 1 + 1) + 1),
     FLOOR(RAND() * (45 - 1 + 1)
         + 1)),
    ('2022-01-16 02:33:09',
     FLOOR(RAND() * (1000 - 1 + 1) + 1),
     FLOOR(RAND() * (45 - 1 + 1)
         + 1)),
    ('2022-01-15 21:38:01',
     FLOOR(RAND() * (1000 - 1 + 1) + 1),
     FLOOR(RAND() * (45 - 1 + 1)
         + 1)),
    ('2022-04-17 18:52:10',
     FLOOR(RAND() * (1000 - 1 + 1) + 1),
     FLOOR(RAND() * (45 - 1 + 1)
         + 1)),
    ('2022-05-29 02:03:36',
     FLOOR(RAND() * (1000 - 1 + 1) + 1),
     FLOOR(RAND() * (45 - 1 + 1)
         + 1)),
    ('2022-01-31 20:29:06',
     FLOOR(RAND() * (1000 - 1 + 1) + 1),
     FLOOR(RAND() * (45 - 1 + 1)
         + 1)),
    ('2022-03-27 02:43:54',
     FLOOR(RAND() * (1000 - 1 + 1) + 1),
     FLOOR(RAND() * (45 - 1 + 1)
         + 1)),
    ('2022-05-16 14:39:58',
     FLOOR(RAND() * (1000 - 1 + 1) + 1),
     FLOOR(RAND() * (45 - 1 + 1)
         + 1)),
    ('2022-01-05 07:54:00',
     FLOOR(RAND() * (1000 - 1 + 1) + 1),
     FLOOR(RAND() * (45 - 1 + 1)
         + 1)),
    ('2022-05-27 01:21:08',
     FLOOR(RAND() * (1000 - 1 + 1) + 1),
     FLOOR(RAND() * (45 - 1 + 1)
         + 1)),
    ('2022-02-25 13:53:25',
     FLOOR(RAND() * (1000 - 1 + 1) + 1),
     FLOOR(RAND() * (45 - 1 + 1)
         + 1)),
    ('2022-04-17 05:54:03',
     FLOOR(RAND() * (1000 - 1 + 1) + 1),
     FLOOR(RAND() * (45 - 1 + 1)
         + 1)),
    ('2022-01-24 04:51:58',
     FLOOR(RAND() * (1000 - 1 + 1) + 1),
     FLOOR(RAND() * (45 - 1 + 1)
         + 1)),
    ('2022-01-20 16:34:11',
     FLOOR(RAND() * (1000 - 1 + 1) + 1),
     FLOOR(RAND() * (45 - 1 + 1)
         + 1)),
    ('2022-04-21 16:32:02',
     FLOOR(RAND() * (1000 - 1 + 1) + 1),
     FLOOR(RAND() * (45 - 1 + 1)
         + 1)),
    ('2022-04-12 09:46:33',
     FLOOR(RAND() * (1000 - 1 + 1) + 1),
     FLOOR(RAND() * (45 - 1 + 1)
         + 1)),
    ('2022-06-03 06:04:16',
     FLOOR(RAND() * (1000 - 1 + 1) + 1),
     FLOOR(RAND() * (45 - 1 + 1)
         + 1)),
    ('2022-05-19 15:00:13',
     FLOOR(RAND() * (1000 - 1 + 1) + 1),
     FLOOR(RAND() * (45 - 1 + 1)
         + 1)),
    ('2022-06-14 02:19:18',
     FLOOR(RAND() * (1000 - 1 + 1) + 1),
     FLOOR(RAND() * (45 - 1 + 1)
         + 1)),
    ('2022-04-25 00:41:24',
     FLOOR(RAND() * (1000 - 1 + 1) + 1),
     FLOOR(RAND() * (45 - 1 + 1)
         + 1)),
    ('2022-01-19 04:11:14',
     FLOOR(RAND() * (1000 - 1 + 1) + 1),
     FLOOR(RAND() * (45 - 1 + 1)
         + 1)),
    ('2022-03-05 15:01:18',
     FLOOR(RAND() * (1000 - 1 + 1) + 1),
     FLOOR(RAND() * (45 - 1 + 1)
         + 1)),
    ('2022-02-09 08:19:03',
     FLOOR(RAND() * (1000 - 1 + 1) + 1),
     FLOOR(RAND() * (45 - 1 + 1)
         + 1)),
    ('2022-06-26 12:18:22',
     FLOOR(RAND() * (1000 - 1 + 1) + 1),
     FLOOR(RAND() * (45 - 1 + 1)
         + 1)),
    ('2022-02-02 07:35:29',
     FLOOR(RAND() * (1000 - 1 + 1) + 1),
     FLOOR(RAND() * (45 - 1 + 1)
         + 1)),
    ('2022-04-18 08:32:22',
     FLOOR(RAND() * (1000 - 1 + 1) + 1),
     FLOOR(RAND() * (45 - 1 + 1)
         + 1)),
    ('2022-06-13 07:15:51',
     FLOOR(RAND() * (1000 - 1 + 1) + 1),
     FLOOR(RAND() * (45 - 1 + 1)
         + 1)),
    ('2022-01-22 19:08:57',
     FLOOR(RAND() * (1000 - 1 + 1) + 1),
     FLOOR(RAND() * (45 - 1 + 1)
         + 1)),
    ('2022-06-09 14:56:11',
     FLOOR(RAND() * (1000 - 1 + 1) + 1),
     FLOOR(RAND() * (45 - 1 + 1)
         + 1)),
    ('2022-05-05 09:33:54',
     FLOOR(RAND() * (1000 - 1 + 1) + 1),
     FLOOR(RAND() * (45 - 1 + 1)
         + 1)),
    ('2022-03-03 11:08:59',
     FLOOR(RAND() * (1000 - 1 + 1) + 1),
     FLOOR(RAND() * (45 - 1 + 1)
         + 1)),
    ('2022-06-10 18:14:01',
     FLOOR(RAND() * (1000 - 1 + 1) + 1),
     FLOOR(RAND() * (45 - 1 + 1)
         + 1)),
    ('2022-03-05 08:37:35',
     FLOOR(RAND() * (1000 - 1 + 1) + 1),
     FLOOR(RAND() * (45 - 1 + 1)
         + 1)),
    ('2022-06-29 22:18:25',
     FLOOR(RAND() * (1000 - 1 + 1) + 1),
     FLOOR(RAND() * (45 - 1 + 1)
         + 1)),
    ('2022-01-29 11:09:03',
     FLOOR(RAND() * (1000 - 1 + 1) + 1),
     FLOOR(RAND() * (45 - 1 + 1)
         + 1)),
    ('2022-05-14 12:21:13',
     FLOOR(RAND() * (1000 - 1 + 1) + 1),
     FLOOR(RAND() * (45 - 1 + 1)
         + 1)),
    ('2022-04-06 10:12:49',
     FLOOR(RAND() * (1000 - 1 + 1) + 1),
     FLOOR(RAND() * (45 - 1 + 1)
         + 1)),
    ('2022-04-26 08:51:09',
     FLOOR(RAND() * (1000 - 1 + 1) + 1),
     FLOOR(RAND() * (45 - 1 + 1)
         + 1)),
    ('2022-02-16 19:25:14',
     FLOOR(RAND() * (1000 - 1 + 1) + 1),
     FLOOR(RAND() * (45 - 1 + 1)
         + 1)),
    ('2022-06-08 18:26:02',
     FLOOR(RAND() * (1000 - 1 + 1) + 1),
     FLOOR(RAND() * (45 - 1 + 1)
         + 1)),
    ('2022-06-10 02:12:06',
     FLOOR(RAND() * (1000 - 1 + 1) + 1),
     FLOOR(RAND() * (45 - 1 + 1)
         + 1)),
    ('2022-01-10 15:54:40',
     FLOOR(RAND() * (1000 - 1 + 1) + 1),
     FLOOR(RAND() * (45 - 1 + 1)
         + 1)),
    ('2022-06-27 22:15:13',
     FLOOR(RAND() * (1000 - 1 + 1) + 1),
     FLOOR(RAND() * (45 - 1 + 1)
         + 1)),
    ('2022-05-26 07:05:17',
     FLOOR(RAND() * (1000 - 1 + 1) + 1),
     FLOOR(RAND() * (45 - 1 + 1)
         + 1)),
    ('2022-05-05 03:00:11',
     FLOOR(RAND() * (1000 - 1 + 1) + 1),
     FLOOR(RAND() * (45 - 1 + 1)
         + 1)),
    ('2022-04-14 06:14:18',
     FLOOR(RAND() * (1000 - 1 + 1) + 1),
     FLOOR(RAND() * (45 - 1 + 1)
         + 1)),
    ('2022-03-07 23:28:05',
     FLOOR(RAND() * (1000 - 1 + 1) + 1),
     FLOOR(RAND() * (45 - 1 + 1)
         + 1)),
    ('2022-03-16 13:51:29',
     FLOOR(RAND() * (1000 - 1 + 1) + 1),
     FLOOR(RAND() * (45 - 1 + 1)
         + 1)),
    ('2022-04-22 00:02:11',
     FLOOR(RAND() * (1000 - 1 + 1) + 1),
     FLOOR(RAND() * (45 - 1 + 1)
         + 1)),
    ('2022-06-27 13:06:02',
     FLOOR(RAND() * (1000 - 1 + 1) + 1),
     FLOOR(RAND() * (45 - 1 + 1)
         + 1)),
    ('2022-06-22 16:26:22',
     FLOOR(RAND() * (1000 - 1 + 1) + 1),
     FLOOR(RAND() * (45 - 1 + 1)
         + 1)),
    ('2022-02-15 05:42:47',
     FLOOR(RAND() * (1000 - 1 + 1) + 1),
     FLOOR(RAND() * (45 - 1 + 1)
         + 1)),
    ('2022-05-23 22:51:58',
     FLOOR(RAND() * (1000 - 1 + 1) + 1),
     FLOOR(RAND() * (45 - 1 + 1)
         + 1)),
    ('2022-04-17 22:28:00',
     FLOOR(RAND() * (1000 - 1 + 1) + 1),
     FLOOR(RAND() * (45 - 1 + 1)
         + 1)),
    ('2022-02-27 03:03:18',
     FLOOR(RAND() * (1000 - 1 + 1) + 1),
     FLOOR(RAND() * (45 - 1 + 1)
         + 1)),
    ('2022-06-28 05:51:07',
     FLOOR(RAND() * (1000 - 1 + 1) + 1),
     FLOOR(RAND() * (45 - 1 + 1)
         + 1)),
    ('2022-04-20 08:00:43',
     FLOOR(RAND() * (1000 - 1 + 1) + 1),
     FLOOR(RAND() * (45 - 1 + 1)
         + 1)),
    ('2022-06-22 05:16:10',
     FLOOR(RAND() * (1000 - 1 + 1) + 1),
     FLOOR(RAND() * (45 - 1 + 1)
         + 1)),
    ('2022-02-07 06:53:05',
     FLOOR(RAND() * (1000 - 1 + 1) + 1),
     FLOOR(RAND() * (45 - 1 + 1)
         + 1)),
    ('2022-01-31 02:21:05',
     FLOOR(RAND() * (1000 - 1 + 1) + 1),
     FLOOR(RAND() * (45 - 1 + 1)
         + 1)),
    ('2022-05-05 14:06:17',
     FLOOR(RAND() * (1000 - 1 + 1) + 1),
     FLOOR(RAND() * (45 - 1 + 1)
         + 1)),
    ('2022-02-24 14:27:33',
     FLOOR(RAND() * (1000 - 1 + 1) + 1),
     FLOOR(RAND() * (45 - 1 + 1)
         + 1)),
    ('2022-01-10 18:15:42',
     FLOOR(RAND() * (1000 - 1 + 1) + 1),
     FLOOR(RAND() * (45 - 1 + 1)
         + 1)),
    ('2022-03-28 20:48:31',
     FLOOR(RAND() * (1000 - 1 + 1) + 1),
     FLOOR(RAND() * (45 - 1 + 1)
         + 1)),
    ('2022-03-13 19:36:36',
     FLOOR(RAND() * (1000 - 1 + 1) + 1),
     FLOOR(RAND() * (45 - 1 + 1)
         + 1)),
    ('2022-01-04 14:36:41',
     FLOOR(RAND() * (1000 - 1 + 1) + 1),
     FLOOR(RAND() * (45 - 1 + 1)
         + 1)),
    ('2022-05-18 05:14:38',
     FLOOR(RAND() * (1000 - 1 + 1) + 1),
     FLOOR(RAND() * (45 - 1 + 1)
         + 1)),
    ('2022-06-02 08:43:25',
     FLOOR(RAND() * (1000 - 1 + 1) + 1),
     FLOOR(RAND() * (45 - 1 + 1)
         + 1)),
    ('2022-01-31 22:07:35',
     FLOOR(RAND() * (1000 - 1 + 1) + 1),
     FLOOR(RAND() * (45 - 1 + 1)
         + 1)),
    ('2022-03-09 22:43:14',
     FLOOR(RAND() * (1000 - 1 + 1) + 1),
     FLOOR(RAND() * (45 - 1 + 1)
         + 1)),
    ('2022-01-18 02:31:36',
     FLOOR(RAND() * (1000 - 1 + 1) + 1),
     FLOOR(RAND() * (45 - 1 + 1)
         + 1)),
    ('2022-01-03 08:13:51',
     FLOOR(RAND() * (1000 - 1 + 1) + 1),
     FLOOR(RAND() * (45 - 1 + 1)
         + 1)),
    ('2022-01-13 18:28:29',
     FLOOR(RAND() * (1000 - 1 + 1) + 1),
     FLOOR(RAND() * (45 - 1 + 1)
         + 1)),
    ('2022-05-31 12:00:10',
     FLOOR(RAND() * (1000 - 1 + 1) + 1),
     FLOOR(RAND() * (45 - 1 + 1)
         + 1)),
    ('2022-06-16 07:28:53',
     FLOOR(RAND() * (1000 - 1 + 1) + 1),
     FLOOR(RAND() * (45 - 1 + 1)
         + 1)),
    ('2022-02-19 06:22:30',
     FLOOR(RAND() * (1000 - 1 + 1) + 1),
     FLOOR(RAND() * (45 - 1 + 1)
         + 1)),
    ('2022-05-12 15:12:54',
     FLOOR(RAND() * (1000 - 1 + 1) + 1),
     FLOOR(RAND() * (45 - 1 + 1)
         + 1)),
    ('2022-04-10 19:08:41',
     FLOOR(RAND() * (1000 - 1 + 1) + 1),
     FLOOR(RAND() * (45 - 1 + 1)
         + 1)),
    ('2022-02-09 09:17:05',
     FLOOR(RAND() * (1000 - 1 + 1) + 1),
     FLOOR(RAND() * (45 - 1 + 1)
         + 1)),
    ('2022-03-12 11:36:51',
     FLOOR(RAND() * (1000 - 1 + 1) + 1),
     FLOOR(RAND() * (45 - 1 + 1)
         + 1)),
    ('2022-05-10 09:17:22',
     FLOOR(RAND() * (1000 - 1 + 1) + 1),
     FLOOR(RAND() * (45 - 1 + 1)
         + 1)),
    ('2022-05-03 01:31:43',
     FLOOR(RAND() * (1000 - 1 + 1) + 1),
     FLOOR(RAND() * (45 - 1 + 1)
         + 1)),
    ('2022-06-27 14:48:12',
     FLOOR(RAND() * (1000 - 1 + 1) + 1),
     FLOOR(RAND() * (45 - 1 + 1)
         + 1)),
    ('2022-02-24 10:31:53',
     FLOOR(RAND() * (1000 - 1 + 1) + 1),
     FLOOR(RAND() * (45 - 1 + 1)
         + 1)),
    ('2022-05-08 10:44:16',
     FLOOR(RAND() * (1000 - 1 + 1) + 1),
     FLOOR(RAND() * (45 - 1 + 1)
         + 1)),
    ('2022-04-02 01:26:23',
     FLOOR(RAND() * (1000 - 1 + 1) + 1),
     FLOOR(RAND() * (45 - 1 + 1)
         + 1)),
    ('2022-01-21 18:17:42',
     FLOOR(RAND() * (1000 - 1 + 1) + 1),
     FLOOR(RAND() * (45 - 1 + 1)
         + 1)),
    ('2022-06-26 21:14:28',
     FLOOR(RAND() * (1000 - 1 + 1) + 1),
     FLOOR(RAND() * (45 - 1 + 1)
         + 1)),
    ('2022-02-19 13:14:22',
     FLOOR(RAND() * (1000 - 1 + 1) + 1),
     FLOOR(RAND() * (45 - 1 + 1)
         + 1)),
    ('2022-01-23 17:08:01',
     FLOOR(RAND() * (1000 - 1 + 1) + 1),
     FLOOR(RAND() * (45 - 1 + 1)
         + 1)),
    ('2022-03-24 13:28:30',
     FLOOR(RAND() * (1000 - 1 + 1) + 1),
     FLOOR(RAND() * (45 - 1 + 1)
         + 1)),
    ('2022-04-28 00:43:43',
     FLOOR(RAND() * (1000 - 1 + 1) + 1),
     FLOOR(RAND() * (45 - 1 + 1)
         + 1)),
    ('2022-06-12 10:51:55',
     FLOOR(RAND() * (1000 - 1 + 1) + 1),
     FLOOR(RAND() * (45 - 1 + 1)
         + 1)),
    ('2022-04-23 02:06:16',
     FLOOR(RAND() * (1000 - 1 + 1) + 1),
     FLOOR(RAND() * (45 - 1 + 1)
         + 1)),
    ('2022-04-16 18:19:48',
     FLOOR(RAND() * (1000 - 1 + 1) + 1),
     FLOOR(RAND() * (45 - 1 + 1)
         + 1)),
    ('2022-01-20 23:52:16',
     FLOOR(RAND() * (1000 - 1 + 1) + 1),
     FLOOR(RAND() * (45 - 1 + 1)
         + 1)),
    ('2022-03-14 23:24:11',
     FLOOR(RAND() * (1000 - 1 + 1) + 1),
     FLOOR(RAND() * (45 - 1 + 1)
         + 1)),
    ('2022-03-30 11:42:23',
     FLOOR(RAND() * (1000 - 1 + 1) + 1),
     FLOOR(RAND() * (45 - 1 + 1)
         + 1)),
    ('2022-01-19 05:00:11',
     FLOOR(RAND() * (1000 - 1 + 1) + 1),
     FLOOR(RAND() * (45 - 1 + 1)
         + 1)),
    ('2022-06-01 07:00:42',
     FLOOR(RAND() * (1000 - 1 + 1) + 1),
     FLOOR(RAND() * (45 - 1 + 1)
         + 1)),
    ('2022-03-11 23:12:06',
     FLOOR(RAND() * (1000 - 1 + 1) + 1),
     FLOOR(RAND() * (45 - 1 + 1)
         + 1)),
    ('2022-06-25 10:52:52',
     FLOOR(RAND() * (1000 - 1 + 1) + 1),
     FLOOR(RAND() * (45 - 1 + 1)
         + 1)),
    ('2022-02-14 08:19:14',
     FLOOR(RAND() * (1000 - 1 + 1) + 1),
     FLOOR(RAND() * (45 - 1 + 1)
         + 1)),
    ('2022-04-22 11:05:46',
     FLOOR(RAND() * (1000 - 1 + 1) + 1),
     FLOOR(RAND() * (45 - 1 + 1)
         + 1)),
    ('2022-03-11 20:20:39',
     FLOOR(RAND() * (1000 - 1 + 1) + 1),
     FLOOR(RAND() * (45 - 1 + 1)
         + 1)),
    ('2022-05-16 16:21:04',
     FLOOR(RAND() * (1000 - 1 + 1) + 1),
     FLOOR(RAND() * (45 - 1 + 1)
         + 1)),
    ('2022-06-07 02:30:45',
     FLOOR(RAND() * (1000 - 1 + 1) + 1),
     FLOOR(RAND() * (45 - 1 + 1)
         + 1)),
    ('2022-02-21 11:31:23',
     FLOOR(RAND() * (1000 - 1 + 1) + 1),
     FLOOR(RAND() * (45 - 1 + 1)
         + 1)),
    ('2022-02-16 11:21:32',
     FLOOR(RAND() * (1000 - 1 + 1) + 1),
     FLOOR(RAND() * (45 - 1 + 1)
         + 1)),
    ('2022-01-13 20:19:31',
     FLOOR(RAND() * (1000 - 1 + 1) + 1),
     FLOOR(RAND() * (45 - 1 + 1)
         + 1)),
    ('2022-02-07 02:00:24',
     FLOOR(RAND() * (1000 - 1 + 1) + 1),
     FLOOR(RAND() * (45 - 1 + 1)
         + 1)),
    ('2022-01-15 09:54:24',
     FLOOR(RAND() * (1000 - 1 + 1) + 1),
     FLOOR(RAND() * (45 - 1 + 1)
         + 1)),
    ('2022-03-10 13:32:21',
     FLOOR(RAND() * (1000 - 1 + 1) + 1),
     FLOOR(RAND() * (45 - 1 + 1)
         + 1)),
    ('2022-05-21 19:18:29',
     FLOOR(RAND() * (1000 - 1 + 1) + 1),
     FLOOR(RAND() * (45 - 1 + 1)
         + 1)),
    ('2022-02-05 08:48:20',
     FLOOR(RAND() * (1000 - 1 + 1) + 1),
     FLOOR(RAND() * (45 - 1 + 1)
         + 1)),
    ('2022-02-26 07:20:16',
     FLOOR(RAND() * (1000 - 1 + 1) + 1),
     FLOOR(RAND() * (45 - 1 + 1)
         + 1)),
    ('2022-03-10 12:24:04',
     FLOOR(RAND() * (1000 - 1 + 1) + 1),
     FLOOR(RAND() * (45 - 1 + 1)
         + 1)),
    ('2022-04-16 20:42:42',
     FLOOR(RAND() * (1000 - 1 + 1) + 1),
     FLOOR(RAND() * (45 - 1 + 1)
         + 1)),
    ('2022-01-17 16:45:55',
     FLOOR(RAND() * (1000 - 1 + 1) + 1),
     FLOOR(RAND() * (45 - 1 + 1)
         + 1)),
    ('2022-02-10 15:29:44',
     FLOOR(RAND() * (1000 - 1 + 1) + 1),
     FLOOR(RAND() * (45 - 1 + 1)
         + 1)),
    ('2022-01-19 18:39:48',
     FLOOR(RAND() * (1000 - 1 + 1) + 1),
     FLOOR(RAND() * (45 - 1 + 1)
         + 1)),
    ('2022-02-15 00:26:38',
     FLOOR(RAND() * (1000 - 1 + 1) + 1),
     FLOOR(RAND() * (45 - 1 + 1)
         + 1)),
    ('2022-01-06 07:35:31',
     FLOOR(RAND() * (1000 - 1 + 1) + 1),
     FLOOR(RAND() * (45 - 1 + 1)
         + 1)),
    ('2022-05-10 11:34:45',
     FLOOR(RAND() * (1000 - 1 + 1) + 1),
     FLOOR(RAND() * (45 - 1 + 1)
         + 1)),
    ('2022-02-12 02:08:08',
     FLOOR(RAND() * (1000 - 1 + 1) + 1),
     FLOOR(RAND() * (45 - 1 + 1)
         + 1)),
    ('2022-06-21 05:48:24',
     FLOOR(RAND() * (1000 - 1 + 1) + 1),
     FLOOR(RAND() * (45 - 1 + 1)
         + 1)),
    ('2022-03-05 21:29:10',
     FLOOR(RAND() * (1000 - 1 + 1) + 1),
     FLOOR(RAND() * (45 - 1 + 1)
         + 1)),
    ('2022-01-16 09:23:03',
     FLOOR(RAND() * (1000 - 1 + 1) + 1),
     FLOOR(RAND() * (45 - 1 + 1)
         + 1)),
    ('2022-01-01 18:29:26',
     FLOOR(RAND() * (1000 - 1 + 1) + 1),
     FLOOR(RAND() * (45 - 1 + 1)
         + 1)),
    ('2022-02-02 19:55:04',
     FLOOR(RAND() * (1000 - 1 + 1) + 1),
     FLOOR(RAND() * (45 - 1 + 1)
         + 1)),
    ('2022-02-22 20:49:26',
     FLOOR(RAND() * (1000 - 1 + 1) + 1),
     FLOOR(RAND() * (45 - 1 + 1)
         + 1)),
    ('2022-06-16 20:20:50',
     FLOOR(RAND() * (1000 - 1 + 1) + 1),
     FLOOR(RAND() * (45 - 1 + 1)
         + 1)),
    ('2022-02-25 04:46:06',
     FLOOR(RAND() * (1000 - 1 + 1) + 1),
     FLOOR(RAND() * (45 - 1 + 1)
         + 1)),
    ('2022-06-28 20:08:27',
     FLOOR(RAND() * (1000 - 1 + 1) + 1),
     FLOOR(RAND() * (45 - 1 + 1)
         + 1)),
    ('2022-03-28 16:03:48',
     FLOOR(RAND() * (1000 - 1 + 1) + 1),
     FLOOR(RAND() * (45 - 1 + 1)
         + 1)),
    ('2022-03-27 08:51:54',
     FLOOR(RAND() * (1000 - 1 + 1) + 1),
     FLOOR(RAND() * (45 - 1 + 1)
         + 1)),
    ('2022-02-28 09:50:16',
     FLOOR(RAND() * (1000 - 1 + 1) + 1),
     FLOOR(RAND() * (45 - 1 + 1)
         + 1)),
    ('2022-02-01 06:17:22',
     FLOOR(RAND() * (1000 - 1 + 1) + 1),
     FLOOR(RAND() * (45 - 1 + 1)
         + 1)),
    ('2022-02-03 03:00:57',
     FLOOR(RAND() * (1000 - 1 + 1) + 1),
     FLOOR(RAND() * (45 - 1 + 1)
         + 1)),
    ('2022-05-20 20:17:41',
     FLOOR(RAND() * (1000 - 1 + 1) + 1),
     FLOOR(RAND() * (45 - 1 + 1)
         + 1)),
    ('2022-04-10 01:17:26',
     FLOOR(RAND() * (1000 - 1 + 1) + 1),
     FLOOR(RAND() * (45 - 1 + 1)
         + 1)),
    ('2022-04-02 13:09:55',
     FLOOR(RAND() * (1000 - 1 + 1) + 1),
     FLOOR(RAND() * (45 - 1 + 1)
         + 1)),
    ('2022-03-02 06:12:35',
     FLOOR(RAND() * (1000 - 1 + 1) + 1),
     FLOOR(RAND() * (45 - 1 + 1)
         + 1)),
    ('2022-03-31 20:31:49',
     FLOOR(RAND() * (1000 - 1 + 1) + 1),
     FLOOR(RAND() * (45 - 1 + 1)
         + 1)),
    ('2022-02-08 19:09:48',
     FLOOR(RAND() * (1000 - 1 + 1) + 1),
     FLOOR(RAND() * (45 - 1 + 1)
         + 1)),
    ('2022-05-14 16:51:25',
     FLOOR(RAND() * (1000 - 1 + 1) + 1),
     FLOOR(RAND() * (45 - 1 + 1)
         + 1)),
    ('2022-04-02 17:04:43',
     FLOOR(RAND() * (1000 - 1 + 1) + 1),
     FLOOR(RAND() * (45 - 1 + 1)
         + 1)),
    ('2022-05-03 00:26:47',
     FLOOR(RAND() * (1000 - 1 + 1) + 1),
     FLOOR(RAND() * (45 - 1 + 1)
         + 1)),
    ('2022-04-30 21:06:19',
     FLOOR(RAND() * (1000 - 1 + 1) + 1),
     FLOOR(RAND() * (45 - 1 + 1)
         + 1)),
    ('2022-02-21 05:39:35',
     FLOOR(RAND() * (1000 - 1 + 1) + 1),
     FLOOR(RAND() * (45 - 1 + 1)
         + 1)),
    ('2022-06-21 01:56:15',
     FLOOR(RAND() * (1000 - 1 + 1) + 1),
     FLOOR(RAND() * (45 - 1 + 1)
         + 1)),
    ('2022-04-09 23:13:19',
     FLOOR(RAND() * (1000 - 1 + 1) + 1),
     FLOOR(RAND() * (45 - 1 + 1)
         + 1)),
    ('2022-06-03 13:23:53',
     FLOOR(RAND() * (1000 - 1 + 1) + 1),
     FLOOR(RAND() * (45 - 1 + 1)
         + 1)),
    ('2022-06-01 11:16:09',
     FLOOR(RAND() * (1000 - 1 + 1) + 1),
     FLOOR(RAND() * (45 - 1 + 1)
         + 1)),
    ('2022-06-26 02:13:16',
     FLOOR(RAND() * (1000 - 1 + 1) + 1),
     FLOOR(RAND() * (45 - 1 + 1)
         + 1)),
    ('2022-06-17 18:23:02',
     FLOOR(RAND() * (1000 - 1 + 1) + 1),
     FLOOR(RAND() * (45 - 1 + 1)
         + 1)),
    ('2022-05-09 16:24:46',
     FLOOR(RAND() * (1000 - 1 + 1) + 1),
     FLOOR(RAND() * (45 - 1 + 1)
         + 1)),
    ('2022-06-12 19:18:22',
     FLOOR(RAND() * (1000 - 1 + 1) + 1),
     FLOOR(RAND() * (45 - 1 + 1)
         + 1)),
    ('2022-05-01 13:54:25',
     FLOOR(RAND() * (1000 - 1 + 1) + 1),
     FLOOR(RAND() * (45 - 1 + 1)
         + 1)),
    ('2022-03-15 10:32:57',
     FLOOR(RAND() * (1000 - 1 + 1) + 1),
     FLOOR(RAND() * (45 - 1 + 1)
         + 1)),
    ('2022-05-28 19:22:42',
     FLOOR(RAND() * (1000 - 1 + 1) + 1),
     FLOOR(RAND() * (45 - 1 + 1)
         + 1)),
    ('2022-02-22 00:06:51',
     FLOOR(RAND() * (1000 - 1 + 1) + 1),
     FLOOR(RAND() * (45 - 1 + 1)
         + 1)),
    ('2022-04-07 16:03:59',
     FLOOR(RAND() * (1000 - 1 + 1) + 1),
     FLOOR(RAND() * (45 - 1 + 1)
         + 1)),
    ('2022-03-21 08:40:30',
     FLOOR(RAND() * (1000 - 1 + 1) + 1),
     FLOOR(RAND() * (45 - 1 + 1)
         + 1)),
    ('2022-04-04 16:13:28',
     FLOOR(RAND() * (1000 - 1 + 1) + 1),
     FLOOR(RAND() * (45 - 1 + 1)
         + 1)),
    ('2022-05-09 07:57:55',
     FLOOR(RAND() * (1000 - 1 + 1) + 1),
     FLOOR(RAND() * (45 - 1 + 1)
         + 1)),
    ('2022-06-28 23:55:32',
     FLOOR(RAND() * (1000 - 1 + 1) + 1),
     FLOOR(RAND() * (45 - 1 + 1)
         + 1)),
    ('2022-02-10 10:22:15',
     FLOOR(RAND() * (1000 - 1 + 1) + 1),
     FLOOR(RAND() * (45 - 1 + 1)
         + 1)),
    ('2022-04-29 22:48:48',
     FLOOR(RAND() * (1000 - 1 + 1) + 1),
     FLOOR(RAND() * (45 - 1 + 1)
         + 1)),
    ('2022-01-21 14:27:56',
     FLOOR(RAND() * (1000 - 1 + 1) + 1),
     FLOOR(RAND() * (45 - 1 + 1)
         + 1)),
    ('2022-01-17 21:12:16',
     FLOOR(RAND() * (1000 - 1 + 1) + 1),
     FLOOR(RAND() * (45 - 1 + 1)
         + 1)),
    ('2022-05-31 14:51:24',
     FLOOR(RAND() * (1000 - 1 + 1) + 1),
     FLOOR(RAND() * (45 - 1 + 1)
         + 1)),
    ('2022-04-15 04:20:42',
     FLOOR(RAND() * (1000 - 1 + 1) + 1),
     FLOOR(RAND() * (45 - 1 + 1)
         + 1)),
    ('2022-04-16 11:50:24',
     FLOOR(RAND() * (1000 - 1 + 1) + 1),
     FLOOR(RAND() * (45 - 1 + 1)
         + 1)),
    ('2022-04-13 15:51:47',
     FLOOR(RAND() * (1000 - 1 + 1) + 1),
     FLOOR(RAND() * (45 - 1 + 1)
         + 1)),
    ('2022-06-04 15:37:59',
     FLOOR(RAND() * (1000 - 1 + 1) + 1),
     FLOOR(RAND() * (45 - 1 + 1)
         + 1)),
    ('2022-03-24 16:04:26',
     FLOOR(RAND() * (1000 - 1 + 1) + 1),
     FLOOR(RAND() * (45 - 1 + 1)
         + 1)),
    ('2022-03-08 23:25:12',
     FLOOR(RAND() * (1000 - 1 + 1) + 1),
     FLOOR(RAND() * (45 - 1 + 1)
         + 1)),
    ('2022-05-27 09:28:38',
     FLOOR(RAND() * (1000 - 1 + 1) + 1),
     FLOOR(RAND() * (45 - 1 + 1)
         + 1)),
    ('2022-06-14 09:46:12',
     FLOOR(RAND() * (1000 - 1 + 1) + 1),
     FLOOR(RAND() * (45 - 1 + 1)
         + 1)),
    ('2022-02-10 00:13:17',
     FLOOR(RAND() * (1000 - 1 + 1) + 1),
     FLOOR(RAND() * (45 - 1 + 1)
         + 1)),
    ('2022-03-03 03:04:36',
     FLOOR(RAND() * (1000 - 1 + 1) + 1),
     FLOOR(RAND() * (45 - 1 + 1)
         + 1)),
    ('2022-04-10 22:33:42',
     FLOOR(RAND() * (1000 - 1 + 1) + 1),
     FLOOR(RAND() * (45 - 1 + 1)
         + 1)),
    ('2022-04-11 21:49:07',
     FLOOR(RAND() * (1000 - 1 + 1) + 1),
     FLOOR(RAND() * (45 - 1 + 1)
         + 1)),
    ('2022-05-23 22:42:32',
     FLOOR(RAND() * (1000 - 1 + 1) + 1),
     FLOOR(RAND() * (45 - 1 + 1)
         + 1)),
    ('2022-03-27 14:37:15',
     FLOOR(RAND() * (1000 - 1 + 1) + 1),
     FLOOR(RAND() * (45 - 1 + 1)
         + 1)),
    ('2022-01-18 21:02:45',
     FLOOR(RAND() * (1000 - 1 + 1) + 1),
     FLOOR(RAND() * (45 - 1 + 1)
         + 1)),
    ('2022-03-22 19:37:43',
     FLOOR(RAND() * (1000 - 1 + 1) + 1),
     FLOOR(RAND() * (45 - 1 + 1)
         + 1)),
    ('2022-06-06 22:26:17',
     FLOOR(RAND() * (1000 - 1 + 1) + 1),
     FLOOR(RAND() * (45 - 1 + 1)
         + 1)),
    ('2022-03-19 11:54:45',
     FLOOR(RAND() * (1000 - 1 + 1) + 1),
     FLOOR(RAND() * (45 - 1 + 1)
         + 1)),
    ('2022-06-27 20:49:22',
     FLOOR(RAND() * (1000 - 1 + 1) + 1),
     FLOOR(RAND() * (45 - 1 + 1)
         + 1)),
    ('2022-01-24 16:09:20',
     FLOOR(RAND() * (1000 - 1 + 1) + 1),
     FLOOR(RAND() * (45 - 1 + 1)
         + 1)),
    ('2022-05-15 09:42:58',
     FLOOR(RAND() * (1000 - 1 + 1) + 1),
     FLOOR(RAND() * (45 - 1 + 1)
         + 1)),
    ('2022-05-19 15:20:05',
     FLOOR(RAND() * (1000 - 1 + 1) + 1),
     FLOOR(RAND() * (45 - 1 + 1)
         + 1)),
    ('2022-05-27 21:04:27',
     FLOOR(RAND() * (1000 - 1 + 1) + 1),
     FLOOR(RAND() * (45 - 1 + 1)
         + 1)),
    ('2022-06-17 10:16:24',
     FLOOR(RAND() * (1000 - 1 + 1) + 1),
     FLOOR(RAND() * (45 - 1 + 1)
         + 1)),
    ('2022-06-05 09:16:57',
     FLOOR(RAND() * (1000 - 1 + 1) + 1),
     FLOOR(RAND() * (45 - 1 + 1)
         + 1)),
    ('2022-04-26 00:52:12',
     FLOOR(RAND() * (1000 - 1 + 1) + 1),
     FLOOR(RAND() * (45 - 1 + 1)
         + 1)),
    ('2022-06-15 02:24:35',
     FLOOR(RAND() * (1000 - 1 + 1) + 1),
     FLOOR(RAND() * (45 - 1 + 1)
         + 1)),
    ('2022-03-25 03:56:07',
     FLOOR(RAND() * (1000 - 1 + 1) + 1),
     FLOOR(RAND() * (45 - 1 + 1)
         + 1)),
    ('2022-06-17 05:12:16',
     FLOOR(RAND() * (1000 - 1 + 1) + 1),
     FLOOR(RAND() * (45 - 1 + 1)
         + 1)),
    ('2022-06-20 18:12:23',
     FLOOR(RAND() * (1000 - 1 + 1) + 1),
     FLOOR(RAND() * (45 - 1 + 1)
         + 1)),
    ('2022-02-25 06:36:22',
     FLOOR(RAND() * (1000 - 1 + 1) + 1),
     FLOOR(RAND() * (45 - 1 + 1)
         + 1)),
    ('2022-04-28 19:54:08',
     FLOOR(RAND() * (1000 - 1 + 1) + 1),
     FLOOR(RAND() * (45 - 1 + 1)
         + 1)),
    ('2022-03-16 23:20:52',
     FLOOR(RAND() * (1000 - 1 + 1) + 1),
     FLOOR(RAND() * (45 - 1 + 1)
         + 1)),
    ('2022-04-19 06:01:35',
     FLOOR(RAND() * (1000 - 1 + 1) + 1),
     FLOOR(RAND() * (45 - 1 + 1)
         + 1)),
    ('2022-05-26 17:38:02',
     FLOOR(RAND() * (1000 - 1 + 1) + 1),
     FLOOR(RAND() * (45 - 1 + 1)
         + 1)),
    ('2022-02-21 01:50:57',
     FLOOR(RAND() * (1000 - 1 + 1) + 1),
     FLOOR(RAND() * (45 - 1 + 1)
         + 1)),
    ('2022-02-12 10:15:53',
     FLOOR(RAND() * (1000 - 1 + 1) + 1),
     FLOOR(RAND() * (45 - 1 + 1)
         + 1)),
    ('2022-06-28 07:26:08',
     FLOOR(RAND() * (1000 - 1 + 1) + 1),
     FLOOR(RAND() * (45 - 1 + 1)
         + 1)),
    ('2022-05-31 04:13:11',
     FLOOR(RAND() * (1000 - 1 + 1) + 1),
     FLOOR(RAND() * (45 - 1 + 1)
         + 1)),
    ('2022-05-12 12:36:15',
     FLOOR(RAND() * (1000 - 1 + 1) + 1),
     FLOOR(RAND() * (45 - 1 + 1)
         + 1)),
    ('2022-01-25 19:26:06',
     FLOOR(RAND() * (1000 - 1 + 1) + 1),
     FLOOR(RAND() * (45 - 1 + 1)
         + 1)),
    ('2022-04-06 20:39:31',
     FLOOR(RAND() * (1000 - 1 + 1) + 1),
     FLOOR(RAND() * (45 - 1 + 1)
         + 1)),
    ('2022-03-22 00:01:06',
     FLOOR(RAND() * (1000 - 1 + 1) + 1),
     FLOOR(RAND() * (45 - 1 + 1)
         + 1)),
    ('2022-05-02 09:22:32',
     FLOOR(RAND() * (1000 - 1 + 1) + 1),
     FLOOR(RAND() * (45 - 1 + 1)
         + 1)),
    ('2022-03-15 01:43:19',
     FLOOR(RAND() * (1000 - 1 + 1) + 1),
     FLOOR(RAND() * (45 - 1 + 1)
         + 1)),
    ('2022-06-22 00:15:23',
     FLOOR(RAND() * (1000 - 1 + 1) + 1),
     FLOOR(RAND() * (45 - 1 + 1)
         + 1)),
    ('2022-05-15 11:27:14',
     FLOOR(RAND() * (1000 - 1 + 1) + 1),
     FLOOR(RAND() * (45 - 1 + 1)
         + 1)),
    ('2022-01-27 19:21:10',
     FLOOR(RAND() * (1000 - 1 + 1) + 1),
     FLOOR(RAND() * (45 - 1 + 1)
         + 1)),
    ('2022-03-17 02:50:46',
     FLOOR(RAND() * (1000 - 1 + 1) + 1),
     FLOOR(RAND() * (45 - 1 + 1)
         + 1)),
    ('2022-01-23 20:46:26',
     FLOOR(RAND() * (1000 - 1 + 1) + 1),
     FLOOR(RAND() * (45 - 1 + 1)
         + 1)),
    ('2022-06-10 10:10:16',
     FLOOR(RAND() * (1000 - 1 + 1) + 1),
     FLOOR(RAND() * (45 - 1 + 1)
         + 1)),
    ('2022-02-09 08:34:12',
     FLOOR(RAND() * (1000 - 1 + 1) + 1),
     FLOOR(RAND() * (45 - 1 + 1)
         + 1)),
    ('2022-03-29 22:46:53',
     FLOOR(RAND() * (1000 - 1 + 1) + 1),
     FLOOR(RAND() * (45 - 1 + 1)
         + 1)),
    ('2022-01-21 18:30:36',
     FLOOR(RAND() * (1000 - 1 + 1) + 1),
     FLOOR(RAND() * (45 - 1 + 1)
         + 1)),
    ('2022-01-31 22:28:33',
     FLOOR(RAND() * (1000 - 1 + 1) + 1),
     FLOOR(RAND() * (45 - 1 + 1)
         + 1)),
    ('2022-06-04 00:00:34',
     FLOOR(RAND() * (1000 - 1 + 1) + 1),
     FLOOR(RAND() * (45 - 1 + 1)
         + 1)),
    ('2022-02-23 06:50:10',
     FLOOR(RAND() * (1000 - 1 + 1) + 1),
     FLOOR(RAND() * (45 - 1 + 1)
         + 1)),
    ('2022-04-23 10:16:24',
     FLOOR(RAND() * (1000 - 1 + 1) + 1),
     FLOOR(RAND() * (45 - 1 + 1)
         + 1)),
    ('2022-06-12 23:23:12',
     FLOOR(RAND() * (1000 - 1 + 1) + 1),
     FLOOR(RAND() * (45 - 1 + 1)
         + 1)),
    ('2022-05-05 11:14:03',
     FLOOR(RAND() * (1000 - 1 + 1) + 1),
     FLOOR(RAND() * (45 - 1 + 1)
         + 1)),
    ('2022-01-04 16:58:58',
     FLOOR(RAND() * (1000 - 1 + 1) + 1),
     FLOOR(RAND() * (45 - 1 + 1)
         + 1)),
    ('2022-05-25 15:51:02',
     FLOOR(RAND() * (1000 - 1 + 1) + 1),
     FLOOR(RAND() * (45 - 1 + 1)
         + 1)),
    ('2022-03-16 16:05:07',
     FLOOR(RAND() * (1000 - 1 + 1) + 1),
     FLOOR(RAND() * (45 - 1 + 1)
         + 1)),
    ('2022-04-20 11:43:54',
     FLOOR(RAND() * (1000 - 1 + 1) + 1),
     FLOOR(RAND() * (45 - 1 + 1)
         + 1)),
    ('2022-03-21 21:28:58',
     FLOOR(RAND() * (1000 - 1 + 1) + 1),
     FLOOR(RAND() * (45 - 1 + 1)
         + 1)),
    ('2022-06-19 19:10:57',
     FLOOR(RAND() * (1000 - 1 + 1) + 1),
     FLOOR(RAND() * (45 - 1 + 1)
         + 1)),
    ('2022-05-03 04:07:43',
     FLOOR(RAND() * (1000 - 1 + 1) + 1),
     FLOOR(RAND() * (45 - 1 + 1)
         + 1)),
    ('2022-02-01 06:48:54',
     FLOOR(RAND() * (1000 - 1 + 1) + 1),
     FLOOR(RAND() * (45 - 1 + 1)
         + 1)),
    ('2022-03-10 18:12:43',
     FLOOR(RAND() * (1000 - 1 + 1) + 1),
     FLOOR(RAND() * (45 - 1 + 1)
         + 1)),
    ('2022-05-03 08:48:29',
     FLOOR(RAND() * (1000 - 1 + 1) + 1),
     FLOOR(RAND() * (45 - 1 + 1)
         + 1)),
    ('2022-02-27 06:49:36',
     FLOOR(RAND() * (1000 - 1 + 1) + 1),
     FLOOR(RAND() * (45 - 1 + 1)
         + 1)),
    ('2022-01-06 08:10:56',
     FLOOR(RAND() * (1000 - 1 + 1) + 1),
     FLOOR(RAND() * (45 - 1 + 1)
         + 1)),
    ('2022-01-26 10:33:29',
     FLOOR(RAND() * (1000 - 1 + 1) + 1),
     FLOOR(RAND() * (45 - 1 + 1)
         + 1)),
    ('2022-03-27 17:39:51',
     FLOOR(RAND() * (1000 - 1 + 1) + 1),
     FLOOR(RAND() * (45 - 1 + 1)
         + 1)),
    ('2022-03-02 09:41:25',
     FLOOR(RAND() * (1000 - 1 + 1) + 1),
     FLOOR(RAND() * (45 - 1 + 1)
         + 1)),
    ('2022-05-06 17:49:31',
     FLOOR(RAND() * (1000 - 1 + 1) + 1),
     FLOOR(RAND() * (45 - 1 + 1)
         + 1)),
    ('2022-01-20 14:31:53',
     FLOOR(RAND() * (1000 - 1 + 1) + 1),
     FLOOR(RAND() * (45 - 1 + 1)
         + 1)),
    ('2022-04-26 07:43:19',
     FLOOR(RAND() * (1000 - 1 + 1) + 1),
     FLOOR(RAND() * (45 - 1 + 1)
         + 1)),
    ('2022-04-10 00:24:57',
     FLOOR(RAND() * (1000 - 1 + 1) + 1),
     FLOOR(RAND() * (45 - 1 + 1)
         + 1)),
    ('2022-02-03 11:57:32',
     FLOOR(RAND() * (1000 - 1 + 1) + 1),
     FLOOR(RAND() * (45 - 1 + 1)
         + 1)),
    ('2022-05-20 04:28:15',
     FLOOR(RAND() * (1000 - 1 + 1) + 1),
     FLOOR(RAND() * (45 - 1 + 1)
         + 1)),
    ('2022-01-20 17:35:11',
     FLOOR(RAND() * (1000 - 1 + 1) + 1),
     FLOOR(RAND() * (45 - 1 + 1)
         + 1)),
    ('2022-03-23 11:35:12',
     FLOOR(RAND() * (1000 - 1 + 1) + 1),
     FLOOR(RAND() * (45 - 1 + 1)
         + 1)),
    ('2022-03-13 23:15:53',
     FLOOR(RAND() * (1000 - 1 + 1) + 1),
     FLOOR(RAND() * (45 - 1 + 1)
         + 1)),
    ('2022-06-15 00:16:30',
     FLOOR(RAND() * (1000 - 1 + 1) + 1),
     FLOOR(RAND() * (45 - 1 + 1)
         + 1)),
    ('2022-06-19 19:45:52',
     FLOOR(RAND() * (1000 - 1 + 1) + 1),
     FLOOR(RAND() * (45 - 1 + 1)
         + 1)),
    ('2022-04-16 05:05:17',
     FLOOR(RAND() * (1000 - 1 + 1) + 1),
     FLOOR(RAND() * (45 - 1 + 1)
         + 1)),
    ('2022-06-10 22:42:50',
     FLOOR(RAND() * (1000 - 1 + 1) + 1),
     FLOOR(RAND() * (45 - 1 + 1)
         + 1)),
    ('2022-06-13 04:53:49',
     FLOOR(RAND() * (1000 - 1 + 1) + 1),
     FLOOR(RAND() * (45 - 1 + 1)
         + 1)),
    ('2022-04-03 05:25:22',
     FLOOR(RAND() * (1000 - 1 + 1) + 1),
     FLOOR(RAND() * (45 - 1 + 1)
         + 1)),
    ('2022-05-08 01:20:48',
     FLOOR(RAND() * (1000 - 1 + 1) + 1),
     FLOOR(RAND() * (45 - 1 + 1)
         + 1)),
    ('2022-03-13 15:53:02',
     FLOOR(RAND() * (1000 - 1 + 1) + 1),
     FLOOR(RAND() * (45 - 1 + 1)
         + 1)),
    ('2022-06-12 04:00:05',
     FLOOR(RAND() * (1000 - 1 + 1) + 1),
     FLOOR(RAND() * (45 - 1 + 1)
         + 1)),
    ('2022-01-10 07:39:26',
     FLOOR(RAND() * (1000 - 1 + 1) + 1),
     FLOOR(RAND() * (45 - 1 + 1)
         + 1)),
    ('2022-04-25 06:32:08',
     FLOOR(RAND() * (1000 - 1 + 1) + 1),
     FLOOR(RAND() * (45 - 1 + 1)
         + 1)),
    ('2022-02-02 19:04:27',
     FLOOR(RAND() * (1000 - 1 + 1) + 1),
     FLOOR(RAND() * (45 - 1 + 1)
         + 1)),
    ('2022-05-25 02:52:08',
     FLOOR(RAND() * (1000 - 1 + 1) + 1),
     FLOOR(RAND() * (45 - 1 + 1)
         + 1)),
    ('2022-04-28 11:37:59',
     FLOOR(RAND() * (1000 - 1 + 1) + 1),
     FLOOR(RAND() * (45 - 1 + 1)
         + 1)),
    ('2022-05-09 21:58:22',
     FLOOR(RAND() * (1000 - 1 + 1) + 1),
     FLOOR(RAND() * (45 - 1 + 1)
         + 1)),
    ('2022-06-27 11:16:30',
     FLOOR(RAND() * (1000 - 1 + 1) + 1),
     FLOOR(RAND() * (45 - 1 + 1)
         + 1)),
    ('2022-02-09 02:09:33',
     FLOOR(RAND() * (1000 - 1 + 1) + 1),
     FLOOR(RAND() * (45 - 1 + 1)
         + 1)),
    ('2022-03-01 10:01:02',
     FLOOR(RAND() * (1000 - 1 + 1) + 1),
     FLOOR(RAND() * (45 - 1 + 1)
         + 1)),
    ('2022-02-19 02:32:48',
     FLOOR(RAND() * (1000 - 1 + 1) + 1),
     FLOOR(RAND() * (45 - 1 + 1)
         + 1)),
    ('2022-05-01 14:59:13',
     FLOOR(RAND() * (1000 - 1 + 1) + 1),
     FLOOR(RAND() * (45 - 1 + 1)
         + 1)),
    ('2022-01-01 12:03:16',
     FLOOR(RAND() * (1000 - 1 + 1) + 1),
     FLOOR(RAND() * (45 - 1 + 1)
         + 1)),
    ('2022-03-18 04:26:36',
     FLOOR(RAND() * (1000 - 1 + 1) + 1),
     FLOOR(RAND() * (45 - 1 + 1)
         + 1)),
    ('2022-05-28 12:28:52',
     FLOOR(RAND() * (1000 - 1 + 1) + 1),
     FLOOR(RAND() * (45 - 1 + 1)
         + 1)),
    ('2022-04-09 17:16:44',
     FLOOR(RAND() * (1000 - 1 + 1) + 1),
     FLOOR(RAND() * (45 - 1 + 1)
         + 1)),
    ('2022-02-08 23:01:15',
     FLOOR(RAND() * (1000 - 1 + 1) + 1),
     FLOOR(RAND() * (45 - 1 + 1)
         + 1)),
    ('2022-02-22 04:39:35',
     FLOOR(RAND() * (1000 - 1 + 1) + 1),
     FLOOR(RAND() * (45 - 1 + 1)
         + 1)),
    ('2022-01-04 02:34:16',
     FLOOR(RAND() * (1000 - 1 + 1) + 1),
     FLOOR(RAND() * (45 - 1 + 1)
         + 1)),
    ('2022-06-25 21:46:40',
     FLOOR(RAND() * (1000 - 1 + 1) + 1),
     FLOOR(RAND() * (45 - 1 + 1)
         + 1)),
    ('2022-03-20 14:11:27',
     FLOOR(RAND() * (1000 - 1 + 1) + 1),
     FLOOR(RAND() * (45 - 1 + 1)
         + 1)),
    ('2022-02-08 04:52:49',
     FLOOR(RAND() * (1000 - 1 + 1) + 1),
     FLOOR(RAND() * (45 - 1 + 1)
         + 1)),
    ('2022-05-13 12:39:47',
     FLOOR(RAND() * (1000 - 1 + 1) + 1),
     FLOOR(RAND() * (45 - 1 + 1)
         + 1)),
    ('2022-04-25 21:12:20',
     FLOOR(RAND() * (1000 - 1 + 1) + 1),
     FLOOR(RAND() * (45 - 1 + 1)
         + 1)),
    ('2022-05-12 16:20:54',
     FLOOR(RAND() * (1000 - 1 + 1) + 1),
     FLOOR(RAND() * (45 - 1 + 1)
         + 1)),
    ('2022-04-10 13:40:08',
     FLOOR(RAND() * (1000 - 1 + 1) + 1),
     FLOOR(RAND() * (45 - 1 + 1)
         + 1)),
    ('2022-06-26 08:30:07',
     FLOOR(RAND() * (1000 - 1 + 1) + 1),
     FLOOR(RAND() * (45 - 1 + 1)
         + 1)),
    ('2022-05-04 22:25:16',
     FLOOR(RAND() * (1000 - 1 + 1) + 1),
     FLOOR(RAND() * (45 - 1 + 1)
         + 1)),
    ('2022-02-04 12:46:25',
     FLOOR(RAND() * (1000 - 1 + 1) + 1),
     FLOOR(RAND() * (45 - 1 + 1)
         + 1)),
    ('2022-01-16 22:21:44',
     FLOOR(RAND() * (1000 - 1 + 1) + 1),
     FLOOR(RAND() * (45 - 1 + 1)
         + 1)),
    ('2022-06-09 04:56:29',
     FLOOR(RAND() * (1000 - 1 + 1) + 1),
     FLOOR(RAND() * (45 - 1 + 1)
         + 1)),
    ('2022-05-23 21:13:04',
     FLOOR(RAND() * (1000 - 1 + 1) + 1),
     FLOOR(RAND() * (45 - 1 + 1)
         + 1)),
    ('2022-03-25 21:54:46',
     FLOOR(RAND() * (1000 - 1 + 1) + 1),
     FLOOR(RAND() * (45 - 1 + 1)
         + 1)),
    ('2022-02-28 23:06:19',
     FLOOR(RAND() * (1000 - 1 + 1) + 1),
     FLOOR(RAND() * (45 - 1 + 1)
         + 1)),
    ('2022-01-13 14:27:17',
     FLOOR(RAND() * (1000 - 1 + 1) + 1),
     FLOOR(RAND() * (45 - 1 + 1)
         + 1)),
    ('2022-05-24 20:14:46',
     FLOOR(RAND() * (1000 - 1 + 1) + 1),
     FLOOR(RAND() * (45 - 1 + 1)
         + 1)),
    ('2022-01-20 01:16:47',
     FLOOR(RAND() * (1000 - 1 + 1) + 1),
     FLOOR(RAND() * (45 - 1 + 1)
         + 1)),
    ('2022-06-23 20:50:22',
     FLOOR(RAND() * (1000 - 1 + 1) + 1),
     FLOOR(RAND() * (45 - 1 + 1)
         + 1)),
    ('2022-04-30 00:19:27',
     FLOOR(RAND() * (1000 - 1 + 1) + 1),
     FLOOR(RAND() * (45 - 1 + 1)
         + 1)),
    ('2022-04-06 08:01:51',
     FLOOR(RAND() * (1000 - 1 + 1) + 1),
     FLOOR(RAND() * (45 - 1 + 1)
         + 1)),
    ('2022-05-28 00:09:49',
     FLOOR(RAND() * (1000 - 1 + 1) + 1),
     FLOOR(RAND() * (45 - 1 + 1)
         + 1)),
    ('2022-05-13 10:15:28',
     FLOOR(RAND() * (1000 - 1 + 1) + 1),
     FLOOR(RAND() * (45 - 1 + 1)
         + 1)),
    ('2022-04-10 11:49:03',
     FLOOR(RAND() * (1000 - 1 + 1) + 1),
     FLOOR(RAND() * (45 - 1 + 1)
         + 1)),
    ('2022-06-19 09:57:39',
     FLOOR(RAND() * (1000 - 1 + 1) + 1),
     FLOOR(RAND() * (45 - 1 + 1)
         + 1)),
    ('2022-03-18 15:39:47',
     FLOOR(RAND() * (1000 - 1 + 1) + 1),
     FLOOR(RAND() * (45 - 1 + 1)
         + 1)),
    ('2022-03-05 12:43:00',
     FLOOR(RAND() * (1000 - 1 + 1) + 1),
     FLOOR(RAND() * (45 - 1 + 1)
         + 1)),
    ('2022-02-18 12:00:30',
     FLOOR(RAND() * (1000 - 1 + 1) + 1),
     FLOOR(RAND() * (45 - 1 + 1)
         + 1)),
    ('2022-04-27 22:08:45',
     FLOOR(RAND() * (1000 - 1 + 1) + 1),
     FLOOR(RAND() * (45 - 1 + 1)
         + 1)),
    ('2022-01-28 08:32:14',
     FLOOR(RAND() * (1000 - 1 + 1) + 1),
     FLOOR(RAND() * (45 - 1 + 1)
         + 1)),
    ('2022-05-30 19:11:25',
     FLOOR(RAND() * (1000 - 1 + 1) + 1),
     FLOOR(RAND() * (45 - 1 + 1)
         + 1)),
    ('2022-01-31 18:46:42',
     FLOOR(RAND() * (1000 - 1 + 1) + 1),
     FLOOR(RAND() * (45 - 1 + 1)
         + 1)),
    ('2022-03-20 18:36:06',
     FLOOR(RAND() * (1000 - 1 + 1) + 1),
     FLOOR(RAND() * (45 - 1 + 1)
         + 1)),
    ('2022-06-17 11:53:24',
     FLOOR(RAND() * (1000 - 1 + 1) + 1),
     FLOOR(RAND() * (45 - 1 + 1)
         + 1)),
    ('2022-04-20 19:29:01',
     FLOOR(RAND() * (1000 - 1 + 1) + 1),
     FLOOR(RAND() * (45 - 1 + 1)
         + 1)),
    ('2022-04-09 06:49:08',
     FLOOR(RAND() * (1000 - 1 + 1) + 1),
     FLOOR(RAND() * (45 - 1 + 1)
         + 1)),
    ('2022-01-23 00:37:34',
     FLOOR(RAND() * (1000 - 1 + 1) + 1),
     FLOOR(RAND() * (45 - 1 + 1)
         + 1)),
    ('2022-05-20 14:24:40',
     FLOOR(RAND() * (1000 - 1 + 1) + 1),
     FLOOR(RAND() * (45 - 1 + 1)
         + 1)),
    ('2022-06-05 17:36:51',
     FLOOR(RAND() * (1000 - 1 + 1) + 1),
     FLOOR(RAND() * (45 - 1 + 1)
         + 1)),
    ('2022-04-19 23:03:00',
     FLOOR(RAND() * (1000 - 1 + 1) + 1),
     FLOOR(RAND() * (45 - 1 + 1)
         + 1)),
    ('2022-04-15 03:28:57',
     FLOOR(RAND() * (1000 - 1 + 1) + 1),
     FLOOR(RAND() * (45 - 1 + 1)
         + 1)),
    ('2022-02-09 04:19:14',
     FLOOR(RAND() * (1000 - 1 + 1) + 1),
     FLOOR(RAND() * (45 - 1 + 1)
         + 1)),
    ('2022-02-09 11:51:55',
     FLOOR(RAND() * (1000 - 1 + 1) + 1),
     FLOOR(RAND() * (45 - 1 + 1)
         + 1)),
    ('2022-05-23 13:14:25',
     FLOOR(RAND() * (1000 - 1 + 1) + 1),
     FLOOR(RAND() * (45 - 1 + 1)
         + 1)),
    ('2022-05-30 18:45:03',
     FLOOR(RAND() * (1000 - 1 + 1) + 1),
     FLOOR(RAND() * (45 - 1 + 1)
         + 1)),
    ('2022-05-23 11:57:45',
     FLOOR(RAND() * (1000 - 1 + 1) + 1),
     FLOOR(RAND() * (45 - 1 + 1)
         + 1)),
    ('2022-02-07 03:53:21',
     FLOOR(RAND() * (1000 - 1 + 1) + 1),
     FLOOR(RAND() * (45 - 1 + 1)
         + 1)),
    ('2022-01-20 20:14:53',
     FLOOR(RAND() * (1000 - 1 + 1) + 1),
     FLOOR(RAND() * (45 - 1 + 1)
         + 1)),
    ('2022-06-07 10:52:10',
     FLOOR(RAND() * (1000 - 1 + 1) + 1),
     FLOOR(RAND() * (45 - 1 + 1)
         + 1)),
    ('2022-02-17 11:19:03',
     FLOOR(RAND() * (1000 - 1 + 1) + 1),
     FLOOR(RAND() * (45 - 1 + 1)
         + 1)),
    ('2022-02-20 15:57:47',
     FLOOR(RAND() * (1000 - 1 + 1) + 1),
     FLOOR(RAND() * (45 - 1 + 1)
         + 1)),
    ('2022-06-01 07:03:51',
     FLOOR(RAND() * (1000 - 1 + 1) + 1),
     FLOOR(RAND() * (45 - 1 + 1)
         + 1)),
    ('2022-01-07 13:26:31',
     FLOOR(RAND() * (1000 - 1 + 1) + 1),
     FLOOR(RAND() * (45 - 1 + 1)
         + 1)),
    ('2022-06-08 19:20:18',
     FLOOR(RAND() * (1000 - 1 + 1) + 1),
     FLOOR(RAND() * (45 - 1 + 1)
         + 1)),
    ('2022-01-17 17:45:51',
     FLOOR(RAND() * (1000 - 1 + 1) + 1),
     FLOOR(RAND() * (45 - 1 + 1)
         + 1)),
    ('2022-02-27 22:03:31',
     FLOOR(RAND() * (1000 - 1 + 1) + 1),
     FLOOR(RAND() * (45 - 1 + 1)
         + 1)),
    ('2022-03-21 10:53:32',
     FLOOR(RAND() * (1000 - 1 + 1) + 1),
     FLOOR(RAND() * (45 - 1 + 1)
         + 1)),
    ('2022-02-27 19:00:32',
     FLOOR(RAND() * (1000 - 1 + 1) + 1),
     FLOOR(RAND() * (45 - 1 + 1)
         + 1)),
    ('2022-04-07 13:38:19',
     FLOOR(RAND() * (1000 - 1 + 1) + 1),
     FLOOR(RAND() * (45 - 1 + 1)
         + 1)),
    ('2022-02-20 13:33:16',
     FLOOR(RAND() * (1000 - 1 + 1) + 1),
     FLOOR(RAND() * (45 - 1 + 1)
         + 1)),
    ('2022-03-18 13:28:30',
     FLOOR(RAND() * (1000 - 1 + 1) + 1),
     FLOOR(RAND() * (45 - 1 + 1)
         + 1)),
    ('2022-01-31 23:41:15',
     FLOOR(RAND() * (1000 - 1 + 1) + 1),
     FLOOR(RAND() * (45 - 1 + 1)
         + 1)),
    ('2022-03-31 06:31:28',
     FLOOR(RAND() * (1000 - 1 + 1) + 1),
     FLOOR(RAND() * (45 - 1 + 1)
         + 1)),
    ('2022-06-24 01:07:11',
     FLOOR(RAND() * (1000 - 1 + 1) + 1),
     FLOOR(RAND() * (45 - 1 + 1)
         + 1)),
    ('2022-05-07 00:36:10',
     FLOOR(RAND() * (1000 - 1 + 1) + 1),
     FLOOR(RAND() * (45 - 1 + 1)
         + 1)),
    ('2022-06-15 06:06:15',
     FLOOR(RAND() * (1000 - 1 + 1) + 1),
     FLOOR(RAND() * (45 - 1 + 1)
         + 1)),
    ('2022-01-06 01:27:46',
     FLOOR(RAND() * (1000 - 1 + 1) + 1),
     FLOOR(RAND() * (45 - 1 + 1)
         + 1)),
    ('2022-05-20 06:21:55',
     FLOOR(RAND() * (1000 - 1 + 1) + 1),
     FLOOR(RAND() * (45 - 1 + 1)
         + 1)),
    ('2022-04-22 22:04:18',
     FLOOR(RAND() * (1000 - 1 + 1) + 1),
     FLOOR(RAND() * (45 - 1 + 1)
         + 1)),
    ('2022-02-25 08:07:26',
     FLOOR(RAND() * (1000 - 1 + 1) + 1),
     FLOOR(RAND() * (45 - 1 + 1)
         + 1)),
    ('2022-05-18 07:30:40',
     FLOOR(RAND() * (1000 - 1 + 1) + 1),
     FLOOR(RAND() * (45 - 1 + 1)
         + 1)),
    ('2022-06-23 10:56:52',
     FLOOR(RAND() * (1000 - 1 + 1) + 1),
     FLOOR(RAND() * (45 - 1 + 1)
         + 1)),
    ('2022-01-19 07:18:34',
     FLOOR(RAND() * (1000 - 1 + 1) + 1),
     FLOOR(RAND() * (45 - 1 + 1)
         + 1)),
    ('2022-05-12 19:09:22',
     FLOOR(RAND() * (1000 - 1 + 1) + 1),
     FLOOR(RAND() * (45 - 1 + 1)
         + 1)),
    ('2022-06-23 13:31:26',
     FLOOR(RAND() * (1000 - 1 + 1) + 1),
     FLOOR(RAND() * (45 - 1 + 1)
         + 1)),
    ('2022-04-22 19:35:57',
     FLOOR(RAND() * (1000 - 1 + 1) + 1),
     FLOOR(RAND() * (45 - 1 + 1)
         + 1)),
    ('2022-03-29 10:45:46',
     FLOOR(RAND() * (1000 - 1 + 1) + 1),
     FLOOR(RAND() * (45 - 1 + 1)
         + 1)),
    ('2022-06-13 07:03:38',
     FLOOR(RAND() * (1000 - 1 + 1) + 1),
     FLOOR(RAND() * (45 - 1 + 1)
         + 1)),
    ('2022-06-03 05:42:03',
     FLOOR(RAND() * (1000 - 1 + 1) + 1),
     FLOOR(RAND() * (45 - 1 + 1)
         + 1)),
    ('2022-06-18 13:41:00',
     FLOOR(RAND() * (1000 - 1 + 1) + 1),
     FLOOR(RAND() * (45 - 1 + 1)
         + 1)),
    ('2022-03-24 03:53:45',
     FLOOR(RAND() * (1000 - 1 + 1) + 1),
     FLOOR(RAND() * (45 - 1 + 1)
         + 1)),
    ('2022-06-02 16:42:45',
     FLOOR(RAND() * (1000 - 1 + 1) + 1),
     FLOOR(RAND() * (45 - 1 + 1)
         + 1)),
    ('2022-01-09 12:06:36',
     FLOOR(RAND() * (1000 - 1 + 1) + 1),
     FLOOR(RAND() * (45 - 1 + 1)
         + 1)),
    ('2022-02-15 08:03:13',
     FLOOR(RAND() * (1000 - 1 + 1) + 1),
     FLOOR(RAND() * (45 - 1 + 1)
         + 1)),
    ('2022-03-19 13:47:45',
     FLOOR(RAND() * (1000 - 1 + 1) + 1),
     FLOOR(RAND() * (45 - 1 + 1)
         + 1)),
    ('2022-02-28 13:33:10',
     FLOOR(RAND() * (1000 - 1 + 1) + 1),
     FLOOR(RAND() * (45 - 1 + 1)
         + 1)),
    ('2022-03-23 00:41:01',
     FLOOR(RAND() * (1000 - 1 + 1) + 1),
     FLOOR(RAND() * (45 - 1 + 1)
         + 1)),
    ('2022-03-24 00:21:13',
     FLOOR(RAND() * (1000 - 1 + 1) + 1),
     FLOOR(RAND() * (45 - 1 + 1)
         + 1)),
    ('2022-01-04 23:45:47',
     FLOOR(RAND() * (1000 - 1 + 1) + 1),
     FLOOR(RAND() * (45 - 1 + 1)
         + 1)),
    ('2022-05-23 03:32:49',
     FLOOR(RAND() * (1000 - 1 + 1) + 1),
     FLOOR(RAND() * (45 - 1 + 1)
         + 1)),
    ('2022-03-18 03:47:05',
     FLOOR(RAND() * (1000 - 1 + 1) + 1),
     FLOOR(RAND() * (45 - 1 + 1)
         + 1)),
    ('2022-01-02 11:08:02',
     FLOOR(RAND() * (1000 - 1 + 1) + 1),
     FLOOR(RAND() * (45 - 1 + 1)
         + 1)),
    ('2022-02-22 18:27:34',
     FLOOR(RAND() * (1000 - 1 + 1) + 1),
     FLOOR(RAND() * (45 - 1 + 1)
         + 1)),
    ('2022-05-16 14:56:26',
     FLOOR(RAND() * (1000 - 1 + 1) + 1),
     FLOOR(RAND() * (45 - 1 + 1)
         + 1)),
    ('2022-01-09 22:54:47',
     FLOOR(RAND() * (1000 - 1 + 1) + 1),
     FLOOR(RAND() * (45 - 1 + 1)
         + 1)),
    ('2022-05-31 08:01:15',
     FLOOR(RAND() * (1000 - 1 + 1) + 1),
     FLOOR(RAND() * (45 - 1 + 1)
         + 1)),
    ('2022-04-09 06:34:10',
     FLOOR(RAND() * (1000 - 1 + 1) + 1),
     FLOOR(RAND() * (45 - 1 + 1)
         + 1)),
    ('2022-04-28 13:23:42',
     FLOOR(RAND() * (1000 - 1 + 1) + 1),
     FLOOR(RAND() * (45 - 1 + 1)
         + 1)),
    ('2022-01-06 18:25:04',
     FLOOR(RAND() * (1000 - 1 + 1) + 1),
     FLOOR(RAND() * (45 - 1 + 1)
         + 1)),
    ('2022-04-19 02:23:33',
     FLOOR(RAND() * (1000 - 1 + 1) + 1),
     FLOOR(RAND() * (45 - 1 + 1)
         + 1)),
    ('2022-04-28 04:20:09',
     FLOOR(RAND() * (1000 - 1 + 1) + 1),
     FLOOR(RAND() * (45 - 1 + 1)
         + 1)),
    ('2022-06-16 03:01:22',
     FLOOR(RAND() * (1000 - 1 + 1) + 1),
     FLOOR(RAND() * (45 - 1 + 1)
         + 1)),
    ('2022-05-01 15:17:27',
     FLOOR(RAND() * (1000 - 1 + 1) + 1),
     FLOOR(RAND() * (45 - 1 + 1)
         + 1)),
    ('2022-03-03 12:06:38',
     FLOOR(RAND() * (1000 - 1 + 1) + 1),
     FLOOR(RAND() * (45 - 1 + 1)
         + 1)),
    ('2022-03-04 22:36:06',
     FLOOR(RAND() * (1000 - 1 + 1) + 1),
     FLOOR(RAND() * (45 - 1 + 1)
         + 1)),
    ('2022-04-30 23:00:36',
     FLOOR(RAND() * (1000 - 1 + 1) + 1),
     FLOOR(RAND() * (45 - 1 + 1)
         + 1)),
    ('2022-01-17 10:29:17',
     FLOOR(RAND() * (1000 - 1 + 1) + 1),
     FLOOR(RAND() * (45 - 1 + 1)
         + 1)),
    ('2022-03-25 18:25:40',
     FLOOR(RAND() * (1000 - 1 + 1) + 1),
     FLOOR(RAND() * (45 - 1 + 1)
         + 1)),
    ('2022-04-14 16:25:18',
     FLOOR(RAND() * (1000 - 1 + 1) + 1),
     FLOOR(RAND() * (45 - 1 + 1)
         + 1)),
    ('2022-03-30 01:25:58',
     FLOOR(RAND() * (1000 - 1 + 1) + 1),
     FLOOR(RAND() * (45 - 1 + 1)
         + 1)),
    ('2022-05-28 07:43:48',
     FLOOR(RAND() * (1000 - 1 + 1) + 1),
     FLOOR(RAND() * (45 - 1 + 1)
         + 1)),
    ('2022-02-23 08:51:44',
     FLOOR(RAND() * (1000 - 1 + 1) + 1),
     FLOOR(RAND() * (45 - 1 + 1)
         + 1)),
    ('2022-06-16 14:12:12',
     FLOOR(RAND() * (1000 - 1 + 1) + 1),
     FLOOR(RAND() * (45 - 1 + 1)
         + 1)),
    ('2022-05-28 06:36:49',
     FLOOR(RAND() * (1000 - 1 + 1) + 1),
     FLOOR(RAND() * (45 - 1 + 1)
         + 1)),
    ('2022-04-24 16:13:52',
     FLOOR(RAND() * (1000 - 1 + 1) + 1),
     FLOOR(RAND() * (45 - 1 + 1)
         + 1)),
    ('2022-05-30 20:31:18',
     FLOOR(RAND() * (1000 - 1 + 1) + 1),
     FLOOR(RAND() * (45 - 1 + 1)
         + 1)),
    ('2022-05-07 09:14:05',
     FLOOR(RAND() * (1000 - 1 + 1) + 1),
     FLOOR(RAND() * (45 - 1 + 1)
         + 1)),
    ('2022-04-10 04:56:46',
     FLOOR(RAND() * (1000 - 1 + 1) + 1),
     FLOOR(RAND() * (45 - 1 + 1)
         + 1)),
    ('2022-03-10 11:46:08',
     FLOOR(RAND() * (1000 - 1 + 1) + 1),
     FLOOR(RAND() * (45 - 1 + 1)
         + 1)),
    ('2022-06-06 22:38:00',
     FLOOR(RAND() * (1000 - 1 + 1) + 1),
     FLOOR(RAND() * (45 - 1 + 1)
         + 1)),
    ('2022-06-02 13:18:25',
     FLOOR(RAND() * (1000 - 1 + 1) + 1),
     FLOOR(RAND() * (45 - 1 + 1)
         + 1)),
    ('2022-03-15 07:08:02',
     FLOOR(RAND() * (1000 - 1 + 1) + 1),
     FLOOR(RAND() * (45 - 1 + 1)
         + 1)),
    ('2022-01-31 07:40:14',
     FLOOR(RAND() * (1000 - 1 + 1) + 1),
     FLOOR(RAND() * (45 - 1 + 1)
         + 1)),
    ('2022-05-03 12:38:26',
     FLOOR(RAND() * (1000 - 1 + 1) + 1),
     FLOOR(RAND() * (45 - 1 + 1)
         + 1)),
    ('2022-03-01 22:24:43',
     FLOOR(RAND() * (1000 - 1 + 1) + 1),
     FLOOR(RAND() * (45 - 1 + 1)
         + 1)),
    ('2022-06-10 23:37:06',
     FLOOR(RAND() * (1000 - 1 + 1) + 1),
     FLOOR(RAND() * (45 - 1 + 1)
         + 1)),
    ('2022-01-03 05:50:12',
     FLOOR(RAND() * (1000 - 1 + 1) + 1),
     FLOOR(RAND() * (45 - 1 + 1)
         + 1)),
    ('2022-04-25 09:17:40',
     FLOOR(RAND() * (1000 - 1 + 1) + 1),
     FLOOR(RAND() * (45 - 1 + 1)
         + 1)),
    ('2022-04-08 16:32:10',
     FLOOR(RAND() * (1000 - 1 + 1) + 1),
     FLOOR(RAND() * (45 - 1 + 1)
         + 1)),
    ('2022-02-26 12:34:22',
     FLOOR(RAND() * (1000 - 1 + 1) + 1),
     FLOOR(RAND() * (45 - 1 + 1)
         + 1)),
    ('2022-06-23 20:46:24',
     FLOOR(RAND() * (1000 - 1 + 1) + 1),
     FLOOR(RAND() * (45 - 1 + 1)
         + 1)),
    ('2022-03-05 18:06:22',
     FLOOR(RAND() * (1000 - 1 + 1) + 1),
     FLOOR(RAND() * (45 - 1 + 1)
         + 1)),
    ('2022-04-28 21:33:29',
     FLOOR(RAND() * (1000 - 1 + 1) + 1),
     FLOOR(RAND() * (45 - 1 + 1)
         + 1)),
    ('2022-01-29 03:07:06',
     FLOOR(RAND() * (1000 - 1 + 1) + 1),
     FLOOR(RAND() * (45 - 1 + 1)
         + 1)),
    ('2022-05-09 20:12:08',
     FLOOR(RAND() * (1000 - 1 + 1) + 1),
     FLOOR(RAND() * (45 - 1 + 1)
         + 1)),
    ('2022-05-14 05:23:05',
     FLOOR(RAND() * (1000 - 1 + 1) + 1),
     FLOOR(RAND() * (45 - 1 + 1)
         + 1)),
    ('2022-02-26 12:35:57',
     FLOOR(RAND() * (1000 - 1 + 1) + 1),
     FLOOR(RAND() * (45 - 1 + 1)
         + 1)),
    ('2022-03-14 22:45:41',
     FLOOR(RAND() * (1000 - 1 + 1) + 1),
     FLOOR(RAND() * (45 - 1 + 1)
         + 1)),
    ('2022-03-06 16:04:48',
     FLOOR(RAND() * (1000 - 1 + 1) + 1),
     FLOOR(RAND() * (45 - 1 + 1)
         + 1)),
    ('2022-05-15 21:36:50',
     FLOOR(RAND() * (1000 - 1 + 1) + 1),
     FLOOR(RAND() * (45 - 1 + 1)
         + 1)),
    ('2022-03-29 07:14:38',
     FLOOR(RAND() * (1000 - 1 + 1) + 1),
     FLOOR(RAND() * (45 - 1 + 1)
         + 1)),
    ('2022-05-17 02:19:17',
     FLOOR(RAND() * (1000 - 1 + 1) + 1),
     FLOOR(RAND() * (45 - 1 + 1)
         + 1)),
    ('2022-05-10 23:14:02',
     FLOOR(RAND() * (1000 - 1 + 1) + 1),
     FLOOR(RAND() * (45 - 1 + 1)
         + 1)),
    ('2022-03-18 13:20:39',
     FLOOR(RAND() * (1000 - 1 + 1) + 1),
     FLOOR(RAND() * (45 - 1 + 1)
         + 1)),
    ('2022-06-28 09:27:37',
     FLOOR(RAND() * (1000 - 1 + 1) + 1),
     FLOOR(RAND() * (45 - 1 + 1)
         + 1)),
    ('2022-06-11 10:41:28',
     FLOOR(RAND() * (1000 - 1 + 1) + 1),
     FLOOR(RAND() * (45 - 1 + 1)
         + 1)),
    ('2022-05-12 20:54:28',
     FLOOR(RAND() * (1000 - 1 + 1) + 1),
     FLOOR(RAND() * (45 - 1 + 1)
         + 1)),
    ('2022-04-21 14:44:36',
     FLOOR(RAND() * (1000 - 1 + 1) + 1),
     FLOOR(RAND() * (45 - 1 + 1)
         + 1)),
    ('2022-03-24 17:25:24',
     FLOOR(RAND() * (1000 - 1 + 1) + 1),
     FLOOR(RAND() * (45 - 1 + 1)
         + 1)),
    ('2022-05-23 11:56:22',
     FLOOR(RAND() * (1000 - 1 + 1) + 1),
     FLOOR(RAND() * (45 - 1 + 1)
         + 1)),
    ('2022-03-31 15:01:38',
     FLOOR(RAND() * (1000 - 1 + 1) + 1),
     FLOOR(RAND() * (45 - 1 + 1)
         + 1)),
    ('2022-04-16 08:28:14',
     FLOOR(RAND() * (1000 - 1 + 1) + 1),
     FLOOR(RAND() * (45 - 1 + 1)
         + 1)),
    ('2022-02-04 05:09:37',
     FLOOR(RAND() * (1000 - 1 + 1) + 1),
     FLOOR(RAND() * (45 - 1 + 1)
         + 1)),
    ('2022-03-09 00:13:00',
     FLOOR(RAND() * (1000 - 1 + 1) + 1),
     FLOOR(RAND() * (45 - 1 + 1)
         + 1)),
    ('2022-01-16 02:50:22',
     FLOOR(RAND() * (1000 - 1 + 1) + 1),
     FLOOR(RAND() * (45 - 1 + 1)
         + 1)),
    ('2022-03-11 14:40:19',
     FLOOR(RAND() * (1000 - 1 + 1) + 1),
     FLOOR(RAND() * (45 - 1 + 1)
         + 1)),
    ('2022-03-19 17:13:37',
     FLOOR(RAND() * (1000 - 1 + 1) + 1),
     FLOOR(RAND() * (45 - 1 + 1)
         + 1)),
    ('2022-05-14 15:56:18',
     FLOOR(RAND() * (1000 - 1 + 1) + 1),
     FLOOR(RAND() * (45 - 1 + 1)
         + 1)),
    ('2022-01-16 04:59:46',
     FLOOR(RAND() * (1000 - 1 + 1) + 1),
     FLOOR(RAND() * (45 - 1 + 1)
         + 1)),
    ('2022-03-16 22:00:51',
     FLOOR(RAND() * (1000 - 1 + 1) + 1),
     FLOOR(RAND() * (45 - 1 + 1)
         + 1)),
    ('2022-06-24 17:22:38',
     FLOOR(RAND() * (1000 - 1 + 1) + 1),
     FLOOR(RAND() * (45 - 1 + 1)
         + 1)),
    ('2022-04-30 03:52:23',
     FLOOR(RAND() * (1000 - 1 + 1) + 1),
     FLOOR(RAND() * (45 - 1 + 1)
         + 1)),
    ('2022-06-17 14:58:59',
     FLOOR(RAND() * (1000 - 1 + 1) + 1),
     FLOOR(RAND() * (45 - 1 + 1)
         + 1)),
    ('2022-06-14 16:02:39',
     FLOOR(RAND() * (1000 - 1 + 1) + 1),
     FLOOR(RAND() * (45 - 1 + 1)
         + 1)),
    ('2022-05-28 02:04:26',
     FLOOR(RAND() * (1000 - 1 + 1) + 1),
     FLOOR(RAND() * (45 - 1 + 1)
         + 1)),
    ('2022-03-06 10:46:09',
     FLOOR(RAND() * (1000 - 1 + 1) + 1),
     FLOOR(RAND() * (45 - 1 + 1)
         + 1)),
    ('2022-06-21 17:45:30',
     FLOOR(RAND() * (1000 - 1 + 1) + 1),
     FLOOR(RAND() * (45 - 1 + 1)
         + 1)),
    ('2022-04-09 21:48:58',
     FLOOR(RAND() * (1000 - 1 + 1) + 1),
     FLOOR(RAND() * (45 - 1 + 1)
         + 1)),
    ('2022-05-31 04:25:08',
     FLOOR(RAND() * (1000 - 1 + 1) + 1),
     FLOOR(RAND() * (45 - 1 + 1)
         + 1)),
    ('2022-04-20 02:55:14',
     FLOOR(RAND() * (1000 - 1 + 1) + 1),
     FLOOR(RAND() * (45 - 1 + 1)
         + 1)),
    ('2022-03-29 16:06:15',
     FLOOR(RAND() * (1000 - 1 + 1) + 1),
     FLOOR(RAND() * (45 - 1 + 1)
         + 1)),
    ('2022-03-10 01:28:05',
     FLOOR(RAND() * (1000 - 1 + 1) + 1),
     FLOOR(RAND() * (45 - 1 + 1)
         + 1)),
    ('2022-01-16 09:55:22',
     FLOOR(RAND() * (1000 - 1 + 1) + 1),
     FLOOR(RAND() * (45 - 1 + 1)
         + 1)),
    ('2022-03-06 05:14:17',
     FLOOR(RAND() * (1000 - 1 + 1) + 1),
     FLOOR(RAND() * (45 - 1 + 1)
         + 1)),
    ('2022-01-19 22:56:50',
     FLOOR(RAND() * (1000 - 1 + 1) + 1),
     FLOOR(RAND() * (45 - 1 + 1)
         + 1)),
    ('2022-05-25 11:19:20',
     FLOOR(RAND() * (1000 - 1 + 1) + 1),
     FLOOR(RAND() * (45 - 1 + 1)
         + 1)),
    ('2022-05-25 04:49:35',
     FLOOR(RAND() * (1000 - 1 + 1) + 1),
     FLOOR(RAND() * (45 - 1 + 1)
         + 1)),
    ('2022-01-26 00:58:51',
     FLOOR(RAND() * (1000 - 1 + 1) + 1),
     FLOOR(RAND() * (45 - 1 + 1)
         + 1)),
    ('2022-03-20 01:12:27',
     FLOOR(RAND() * (1000 - 1 + 1) + 1),
     FLOOR(RAND() * (45 - 1 + 1)
         + 1)),
    ('2022-02-15 23:03:27',
     FLOOR(RAND() * (1000 - 1 + 1) + 1),
     FLOOR(RAND() * (45 - 1 + 1)
         + 1)),
    ('2022-05-29 02:33:52',
     FLOOR(RAND() * (1000 - 1 + 1) + 1),
     FLOOR(RAND() * (45 - 1 + 1)
         + 1)),
    ('2022-01-26 08:11:26',
     FLOOR(RAND() * (1000 - 1 + 1) + 1),
     FLOOR(RAND() * (45 - 1 + 1)
         + 1)),
    ('2022-01-28 08:05:20',
     FLOOR(RAND() * (1000 - 1 + 1) + 1),
     FLOOR(RAND() * (45 - 1 + 1)
         + 1)),
    ('2022-01-22 00:24:40',
     FLOOR(RAND() * (1000 - 1 + 1) + 1),
     FLOOR(RAND() * (45 - 1 + 1)
         + 1)),
    ('2022-04-02 03:58:09',
     FLOOR(RAND() * (1000 - 1 + 1) + 1),
     FLOOR(RAND() * (45 - 1 + 1)
         + 1)),
    ('2022-01-15 22:51:13',
     FLOOR(RAND() * (1000 - 1 + 1) + 1),
     FLOOR(RAND() * (45 - 1 + 1)
         + 1)),
    ('2022-02-18 18:39:40',
     FLOOR(RAND() * (1000 - 1 + 1) + 1),
     FLOOR(RAND() * (45 - 1 + 1)
         + 1)),
    ('2022-03-22 08:18:49',
     FLOOR(RAND() * (1000 - 1 + 1) + 1),
     FLOOR(RAND() * (45 - 1 + 1)
         + 1)),
    ('2022-06-10 21:08:22',
     FLOOR(RAND() * (1000 - 1 + 1) + 1),
     FLOOR(RAND() * (45 - 1 + 1)
         + 1)),
    ('2022-06-05 12:38:55',
     FLOOR(RAND() * (1000 - 1 + 1) + 1),
     FLOOR(RAND() * (45 - 1 + 1)
         + 1)),
    ('2022-02-20 03:21:13',
     FLOOR(RAND() * (1000 - 1 + 1) + 1),
     FLOOR(RAND() * (45 - 1 + 1)
         + 1)),
    ('2022-04-13 11:51:17',
     FLOOR(RAND() * (1000 - 1 + 1) + 1),
     FLOOR(RAND() * (45 - 1 + 1)
         + 1)),
    ('2022-03-17 09:10:55',
     FLOOR(RAND() * (1000 - 1 + 1) + 1),
     FLOOR(RAND() * (45 - 1 + 1)
         + 1)),
    ('2022-06-11 15:54:20',
     FLOOR(RAND() * (1000 - 1 + 1) + 1),
     FLOOR(RAND() * (45 - 1 + 1)
         + 1)),
    ('2022-04-09 07:23:22',
     FLOOR(RAND() * (1000 - 1 + 1) + 1),
     FLOOR(RAND() * (45 - 1 + 1)
         + 1)),
    ('2022-06-03 22:23:50',
     FLOOR(RAND() * (1000 - 1 + 1) + 1),
     FLOOR(RAND() * (45 - 1 + 1)
         + 1)),
    ('2022-01-07 16:18:33',
     FLOOR(RAND() * (1000 - 1 + 1) + 1),
     FLOOR(RAND() * (45 - 1 + 1)
         + 1)),
    ('2022-05-18 15:09:04',
     FLOOR(RAND() * (1000 - 1 + 1) + 1),
     FLOOR(RAND() * (45 - 1 + 1)
         + 1)),
    ('2022-06-14 19:20:44',
     FLOOR(RAND() * (1000 - 1 + 1) + 1),
     FLOOR(RAND() * (45 - 1 + 1)
         + 1)),
    ('2022-05-14 18:28:58',
     FLOOR(RAND() * (1000 - 1 + 1) + 1),
     FLOOR(RAND() * (45 - 1 + 1)
         + 1)),
    ('2022-06-21 07:55:56',
     FLOOR(RAND() * (1000 - 1 + 1) + 1),
     FLOOR(RAND() * (45 - 1 + 1)
         + 1)),
    ('2022-05-18 22:24:24',
     FLOOR(RAND() * (1000 - 1 + 1) + 1),
     FLOOR(RAND() * (45 - 1 + 1)
         + 1)),
    ('2022-06-29 14:44:03',
     FLOOR(RAND() * (1000 - 1 + 1) + 1),
     FLOOR(RAND() * (45 - 1 + 1)
         + 1)),
    ('2022-01-16 18:01:06',
     FLOOR(RAND() * (1000 - 1 + 1) + 1),
     FLOOR(RAND() * (45 - 1 + 1)
         + 1)),
    ('2022-04-17 10:35:55',
     FLOOR(RAND() * (1000 - 1 + 1) + 1),
     FLOOR(RAND() * (45 - 1 + 1)
         + 1)),
    ('2022-01-18 06:41:12',
     FLOOR(RAND() * (1000 - 1 + 1) + 1),
     FLOOR(RAND() * (45 - 1 + 1)
         + 1)),
    ('2022-03-31 16:30:06',
     FLOOR(RAND() * (1000 - 1 + 1) + 1),
     FLOOR(RAND() * (45 - 1 + 1)
         + 1)),
    ('2022-02-12 10:24:42',
     FLOOR(RAND() * (1000 - 1 + 1) + 1),
     FLOOR(RAND() * (45 - 1 + 1)
         + 1)),
    ('2022-02-20 08:23:51',
     FLOOR(RAND() * (1000 - 1 + 1) + 1),
     FLOOR(RAND() * (45 - 1 + 1)
         + 1)),
    ('2022-04-03 06:00:06',
     FLOOR(RAND() * (1000 - 1 + 1) + 1),
     FLOOR(RAND() * (45 - 1 + 1)
         + 1)),
    ('2022-03-08 04:21:01',
     FLOOR(RAND() * (1000 - 1 + 1) + 1),
     FLOOR(RAND() * (45 - 1 + 1)
         + 1)),
    ('2022-02-22 12:59:25',
     FLOOR(RAND() * (1000 - 1 + 1) + 1),
     FLOOR(RAND() * (45 - 1 + 1)
         + 1)),
    ('2022-02-20 19:14:46',
     FLOOR(RAND() * (1000 - 1 + 1) + 1),
     FLOOR(RAND() * (45 - 1 + 1)
         + 1)),
    ('2022-01-27 02:27:10',
     FLOOR(RAND() * (1000 - 1 + 1) + 1),
     FLOOR(RAND() * (45 - 1 + 1)
         + 1)),
    ('2022-04-24 05:34:00',
     FLOOR(RAND() * (1000 - 1 + 1) + 1),
     FLOOR(RAND() * (45 - 1 + 1)
         + 1)),
    ('2022-06-28 12:07:01',
     FLOOR(RAND() * (1000 - 1 + 1) + 1),
     FLOOR(RAND() * (45 - 1 + 1)
         + 1)),
    ('2022-01-10 07:58:12',
     FLOOR(RAND() * (1000 - 1 + 1) + 1),
     FLOOR(RAND() * (45 - 1 + 1)
         + 1)),
    ('2022-03-17 17:49:51',
     FLOOR(RAND() * (1000 - 1 + 1) + 1),
     FLOOR(RAND() * (45 - 1 + 1)
         + 1)),
    ('2022-05-10 18:37:42',
     FLOOR(RAND() * (1000 - 1 + 1) + 1),
     FLOOR(RAND() * (45 - 1 + 1)
         + 1)),
    ('2022-04-02 17:21:33',
     FLOOR(RAND() * (1000 - 1 + 1) + 1),
     FLOOR(RAND() * (45 - 1 + 1)
         + 1)),
    ('2022-05-05 06:18:37',
     FLOOR(RAND() * (1000 - 1 + 1) + 1),
     FLOOR(RAND() * (45 - 1 + 1)
         + 1)),
    ('2022-03-20 01:48:14',
     FLOOR(RAND() * (1000 - 1 + 1) + 1),
     FLOOR(RAND() * (45 - 1 + 1)
         + 1)),
    ('2022-03-04 14:03:39',
     FLOOR(RAND() * (1000 - 1 + 1) + 1),
     FLOOR(RAND() * (45 - 1 + 1)
         + 1)),
    ('2022-01-05 14:10:18',
     FLOOR(RAND() * (1000 - 1 + 1) + 1),
     FLOOR(RAND() * (45 - 1 + 1)
         + 1)),
    ('2022-04-07 09:03:27',
     FLOOR(RAND() * (1000 - 1 + 1) + 1),
     FLOOR(RAND() * (45 - 1 + 1)
         + 1)),
    ('2022-06-22 18:14:22',
     FLOOR(RAND() * (1000 - 1 + 1) + 1),
     FLOOR(RAND() * (45 - 1 + 1)
         + 1)),
    ('2022-05-24 14:46:57',
     FLOOR(RAND() * (1000 - 1 + 1) + 1),
     FLOOR(RAND() * (45 - 1 + 1)
         + 1)),
    ('2022-02-04 04:24:23',
     FLOOR(RAND() * (1000 - 1 + 1) + 1),
     FLOOR(RAND() * (45 - 1 + 1)
         + 1)),
    ('2022-06-10 09:40:48',
     FLOOR(RAND() * (1000 - 1 + 1) + 1),
     FLOOR(RAND() * (45 - 1 + 1)
         + 1)),
    ('2022-01-29 12:05:15',
     FLOOR(RAND() * (1000 - 1 + 1) + 1),
     FLOOR(RAND() * (45 - 1 + 1)
         + 1)),
    ('2022-06-27 00:31:40',
     FLOOR(RAND() * (1000 - 1 + 1) + 1),
     FLOOR(RAND() * (45 - 1 + 1)
         + 1)),
    ('2022-05-29 13:16:33',
     FLOOR(RAND() * (1000 - 1 + 1) + 1),
     FLOOR(RAND() * (45 - 1 + 1)
         + 1)),
    ('2022-01-10 01:59:21',
     FLOOR(RAND() * (1000 - 1 + 1) + 1),
     FLOOR(RAND() * (45 - 1 + 1)
         + 1)),
    ('2022-04-27 17:58:29',
     FLOOR(RAND() * (1000 - 1 + 1) + 1),
     FLOOR(RAND() * (45 - 1 + 1)
         + 1)),
    ('2022-01-02 13:02:39',
     FLOOR(RAND() * (1000 - 1 + 1) + 1),
     FLOOR(RAND() * (45 - 1 + 1)
         + 1)),
    ('2022-05-24 17:53:19',
     FLOOR(RAND() * (1000 - 1 + 1) + 1),
     FLOOR(RAND() * (45 - 1 + 1)
         + 1)),
    ('2022-03-15 17:04:56',
     FLOOR(RAND() * (1000 - 1 + 1) + 1),
     FLOOR(RAND() * (45 - 1 + 1)
         + 1)),
    ('2022-05-01 03:58:54',
     FLOOR(RAND() * (1000 - 1 + 1) + 1),
     FLOOR(RAND() * (45 - 1 + 1)
         + 1)),
    ('2022-04-03 20:51:14',
     FLOOR(RAND() * (1000 - 1 + 1) + 1),
     FLOOR(RAND() * (45 - 1 + 1)
         + 1)),
    ('2022-05-10 05:20:44',
     FLOOR(RAND() * (1000 - 1 + 1) + 1),
     FLOOR(RAND() * (45 - 1 + 1)
         + 1)),
    ('2022-01-14 22:33:22',
     FLOOR(RAND() * (1000 - 1 + 1) + 1),
     FLOOR(RAND() * (45 - 1 + 1)
         + 1)),
    ('2022-04-22 09:11:02',
     FLOOR(RAND() * (1000 - 1 + 1) + 1),
     FLOOR(RAND() * (45 - 1 + 1)
         + 1)),
    ('2022-01-09 09:00:59',
     FLOOR(RAND() * (1000 - 1 + 1) + 1),
     FLOOR(RAND() * (45 - 1 + 1)
         + 1)),
    ('2022-03-26 05:19:11',
     FLOOR(RAND() * (1000 - 1 + 1) + 1),
     FLOOR(RAND() * (45 - 1 + 1)
         + 1)),
    ('2022-02-10 09:05:36',
     FLOOR(RAND() * (1000 - 1 + 1) + 1),
     FLOOR(RAND() * (45 - 1 + 1)
         + 1)),
    ('2022-02-25 07:41:29',
     FLOOR(RAND() * (1000 - 1 + 1) + 1),
     FLOOR(RAND() * (45 - 1 + 1)
         + 1)),
    ('2022-03-29 00:40:35',
     FLOOR(RAND() * (1000 - 1 + 1) + 1),
     FLOOR(RAND() * (45 - 1 + 1)
         + 1)),
    ('2022-03-04 21:22:12',
     FLOOR(RAND() * (1000 - 1 + 1) + 1),
     FLOOR(RAND() * (45 - 1 + 1)
         + 1)),
    ('2022-04-24 21:12:26',
     FLOOR(RAND() * (1000 - 1 + 1) + 1),
     FLOOR(RAND() * (45 - 1 + 1)
         + 1)),
    ('2022-02-06 10:06:12',
     FLOOR(RAND() * (1000 - 1 + 1) + 1),
     FLOOR(RAND() * (45 - 1 + 1)
         + 1)),
    ('2022-02-10 01:31:23',
     FLOOR(RAND() * (1000 - 1 + 1) + 1),
     FLOOR(RAND() * (45 - 1 + 1)
         + 1)),
    ('2022-03-28 06:30:08',
     FLOOR(RAND() * (1000 - 1 + 1) + 1),
     FLOOR(RAND() * (45 - 1 + 1)
         + 1)),
    ('2022-05-20 08:16:21',
     FLOOR(RAND() * (1000 - 1 + 1) + 1),
     FLOOR(RAND() * (45 - 1 + 1)
         + 1)),
    ('2022-01-29 06:46:50',
     FLOOR(RAND() * (1000 - 1 + 1) + 1),
     FLOOR(RAND() * (45 - 1 + 1)
         + 1)),
    ('2022-01-11 05:38:34',
     FLOOR(RAND() * (1000 - 1 + 1) + 1),
     FLOOR(RAND() * (45 - 1 + 1)
         + 1)),
    ('2022-04-25 06:07:48',
     FLOOR(RAND() * (1000 - 1 + 1) + 1),
     FLOOR(RAND() * (45 - 1 + 1)
         + 1)),
    ('2022-03-07 18:10:52',
     FLOOR(RAND() * (1000 - 1 + 1) + 1),
     FLOOR(RAND() * (45 - 1 + 1)
         + 1)),
    ('2022-05-29 07:22:39',
     FLOOR(RAND() * (1000 - 1 + 1) + 1),
     FLOOR(RAND() * (45 - 1 + 1)
         + 1)),
    ('2022-01-18 02:33:58',
     FLOOR(RAND() * (1000 - 1 + 1) + 1),
     FLOOR(RAND() * (45 - 1 + 1)
         + 1)),
    ('2022-04-24 07:53:08',
     FLOOR(RAND() * (1000 - 1 + 1) + 1),
     FLOOR(RAND() * (45 - 1 + 1)
         + 1)),
    ('2022-05-03 08:21:02',
     FLOOR(RAND() * (1000 - 1 + 1) + 1),
     FLOOR(RAND() * (45 - 1 + 1)
         + 1)),
    ('2022-04-12 22:43:50',
     FLOOR(RAND() * (1000 - 1 + 1) + 1),
     FLOOR(RAND() * (45 - 1 + 1)
         + 1)),
    ('2022-05-19 17:37:27',
     FLOOR(RAND() * (1000 - 1 + 1) + 1),
     FLOOR(RAND() * (45 - 1 + 1)
         + 1)),
    ('2022-01-31 15:40:37',
     FLOOR(RAND() * (1000 - 1 + 1) + 1),
     FLOOR(RAND() * (45 - 1 + 1)
         + 1)),
    ('2022-01-30 13:28:01',
     FLOOR(RAND() * (1000 - 1 + 1) + 1),
     FLOOR(RAND() * (45 - 1 + 1)
         + 1)),
    ('2022-04-13 08:47:03',
     FLOOR(RAND() * (1000 - 1 + 1) + 1),
     FLOOR(RAND() * (45 - 1 + 1)
         + 1)),
    ('2022-01-14 11:33:28',
     FLOOR(RAND() * (1000 - 1 + 1) + 1),
     FLOOR(RAND() * (45 - 1 + 1)
         + 1)),
    ('2022-02-21 03:23:57',
     FLOOR(RAND() * (1000 - 1 + 1) + 1),
     FLOOR(RAND() * (45 - 1 + 1)
         + 1)),
    ('2022-06-15 16:23:47',
     FLOOR(RAND() * (1000 - 1 + 1) + 1),
     FLOOR(RAND() * (45 - 1 + 1)
         + 1)),
    ('2022-05-03 16:07:37',
     FLOOR(RAND() * (1000 - 1 + 1) + 1),
     FLOOR(RAND() * (45 - 1 + 1)
         + 1)),
    ('2022-04-12 05:09:53',
     FLOOR(RAND() * (1000 - 1 + 1) + 1),
     FLOOR(RAND() * (45 - 1 + 1)
         + 1)),
    ('2022-01-16 04:45:10',
     FLOOR(RAND() * (1000 - 1 + 1) + 1),
     FLOOR(RAND() * (45 - 1 + 1)
         + 1)),
    ('2022-03-31 06:28:21',
     FLOOR(RAND() * (1000 - 1 + 1) + 1),
     FLOOR(RAND() * (45 - 1 + 1)
         + 1)),
    ('2022-03-16 05:28:12',
     FLOOR(RAND() * (1000 - 1 + 1) + 1),
     FLOOR(RAND() * (45 - 1 + 1)
         + 1)),
    ('2022-01-18 19:21:13',
     FLOOR(RAND() * (1000 - 1 + 1) + 1),
     FLOOR(RAND() * (45 - 1 + 1)
         + 1)),
    ('2022-06-22 14:48:33',
     FLOOR(RAND() * (1000 - 1 + 1) + 1),
     FLOOR(RAND() * (45 - 1 + 1)
         + 1)),
    ('2022-03-23 05:37:43',
     FLOOR(RAND() * (1000 - 1 + 1) + 1),
     FLOOR(RAND() * (45 - 1 + 1)
         + 1)),
    ('2022-06-07 11:20:30',
     FLOOR(RAND() * (1000 - 1 + 1) + 1),
     FLOOR(RAND() * (45 - 1 + 1)
         + 1)),
    ('2022-06-21 12:56:14',
     FLOOR(RAND() * (1000 - 1 + 1) + 1),
     FLOOR(RAND() * (45 - 1 + 1)
         + 1)),
    ('2022-01-01 20:00:35',
     FLOOR(RAND() * (1000 - 1 + 1) + 1),
     FLOOR(RAND() * (45 - 1 + 1)
         + 1)),
    ('2022-04-24 21:31:35',
     FLOOR(RAND() * (1000 - 1 + 1) + 1),
     FLOOR(RAND() * (45 - 1 + 1)
         + 1)),
    ('2022-03-20 22:46:22',
     FLOOR(RAND() * (1000 - 1 + 1) + 1),
     FLOOR(RAND() * (45 - 1 + 1)
         + 1)),
    ('2022-02-09 09:21:10',
     FLOOR(RAND() * (1000 - 1 + 1) + 1),
     FLOOR(RAND() * (45 - 1 + 1)
         + 1)),
    ('2022-03-28 21:40:07',
     FLOOR(RAND() * (1000 - 1 + 1) + 1),
     FLOOR(RAND() * (45 - 1 + 1)
         + 1)),
    ('2022-02-11 02:57:48',
     FLOOR(RAND() * (1000 - 1 + 1) + 1),
     FLOOR(RAND() * (45 - 1 + 1)
         + 1)),
    ('2022-05-02 23:29:11',
     FLOOR(RAND() * (1000 - 1 + 1) + 1),
     FLOOR(RAND() * (45 - 1 + 1)
         + 1)),
    ('2022-04-27 09:33:18',
     FLOOR(RAND() * (1000 - 1 + 1) + 1),
     FLOOR(RAND() * (45 - 1 + 1)
         + 1)),
    ('2022-06-18 06:14:34',
     FLOOR(RAND() * (1000 - 1 + 1) + 1),
     FLOOR(RAND() * (45 - 1 + 1)
         + 1)),
    ('2022-05-06 15:41:37',
     FLOOR(RAND() * (1000 - 1 + 1) + 1),
     FLOOR(RAND() * (45 - 1 + 1)
         + 1)),
    ('2022-03-09 17:21:18',
     FLOOR(RAND() * (1000 - 1 + 1) + 1),
     FLOOR(RAND() * (45 - 1 + 1)
         + 1)),
    ('2022-02-27 20:11:03',
     FLOOR(RAND() * (1000 - 1 + 1) + 1),
     FLOOR(RAND() * (45 - 1 + 1)
         + 1)),
    ('2022-05-08 04:41:03',
     FLOOR(RAND() * (1000 - 1 + 1) + 1),
     FLOOR(RAND() * (45 - 1 + 1)
         + 1)),
    ('2022-04-28 08:15:44',
     FLOOR(RAND() * (1000 - 1 + 1) + 1),
     FLOOR(RAND() * (45 - 1 + 1)
         + 1)),
    ('2022-03-30 04:49:59',
     FLOOR(RAND() * (1000 - 1 + 1) + 1),
     FLOOR(RAND() * (45 - 1 + 1)
         + 1)),
    ('2022-04-21 21:45:24',
     FLOOR(RAND() * (1000 - 1 + 1) + 1),
     FLOOR(RAND() * (45 - 1 + 1)
         + 1)),
    ('2022-04-13 00:39:58',
     FLOOR(RAND() * (1000 - 1 + 1) + 1),
     FLOOR(RAND() * (45 - 1 + 1)
         + 1)),
    ('2022-06-19 08:26:24',
     FLOOR(RAND() * (1000 - 1 + 1) + 1),
     FLOOR(RAND() * (45 - 1 + 1)
         + 1)),
    ('2022-05-21 03:00:46',
     FLOOR(RAND() * (1000 - 1 + 1) + 1),
     FLOOR(RAND() * (45 - 1 + 1)
         + 1)),
    ('2022-02-24 09:12:19',
     FLOOR(RAND() * (1000 - 1 + 1) + 1),
     FLOOR(RAND() * (45 - 1 + 1)
         + 1)),
    ('2022-02-28 19:37:14',
     FLOOR(RAND() * (1000 - 1 + 1) + 1),
     FLOOR(RAND() * (45 - 1 + 1)
         + 1)),
    ('2022-01-28 20:08:16',
     FLOOR(RAND() * (1000 - 1 + 1) + 1),
     FLOOR(RAND() * (45 - 1 + 1)
         + 1)),
    ('2022-01-24 18:37:24',
     FLOOR(RAND() * (1000 - 1 + 1) + 1),
     FLOOR(RAND() * (45 - 1 + 1)
         + 1)),
    ('2022-06-23 02:21:33',
     FLOOR(RAND() * (1000 - 1 + 1) + 1),
     FLOOR(RAND() * (45 - 1 + 1)
         + 1)),
    ('2022-03-08 18:10:51',
     FLOOR(RAND() * (1000 - 1 + 1) + 1),
     FLOOR(RAND() * (45 - 1 + 1)
         + 1)),
    ('2022-01-18 19:29:01',
     FLOOR(RAND() * (1000 - 1 + 1) + 1),
     FLOOR(RAND() * (45 - 1 + 1)
         + 1)),
    ('2022-04-11 23:27:18',
     FLOOR(RAND() * (1000 - 1 + 1) + 1),
     FLOOR(RAND() * (45 - 1 + 1)
         + 1)),
    ('2022-05-23 06:35:58',
     FLOOR(RAND() * (1000 - 1 + 1) + 1),
     FLOOR(RAND() * (45 - 1 + 1)
         + 1)),
    ('2022-03-24 04:43:14',
     FLOOR(RAND() * (1000 - 1 + 1) + 1),
     FLOOR(RAND() * (45 - 1 + 1)
         + 1)),
    ('2022-03-24 10:29:28',
     FLOOR(RAND() * (1000 - 1 + 1) + 1),
     FLOOR(RAND() * (45 - 1 + 1)
         + 1)),
    ('2022-02-11 03:45:39',
     FLOOR(RAND() * (1000 - 1 + 1) + 1),
     FLOOR(RAND() * (45 - 1 + 1)
         + 1)),
    ('2022-02-13 13:13:32',
     FLOOR(RAND() * (1000 - 1 + 1) + 1),
     FLOOR(RAND() * (45 - 1 + 1)
         + 1)),
    ('2022-02-06 13:51:32',
     FLOOR(RAND() * (1000 - 1 + 1) + 1),
     FLOOR(RAND() * (45 - 1 + 1)
         + 1)),
    ('2022-05-11 20:46:09',
     FLOOR(RAND() * (1000 - 1 + 1) + 1),
     FLOOR(RAND() * (45 - 1 + 1)
         + 1)),
    ('2022-05-23 07:07:11',
     FLOOR(RAND() * (1000 - 1 + 1) + 1),
     FLOOR(RAND() * (45 - 1 + 1)
         + 1)),
    ('2022-05-25 16:18:35',
     FLOOR(RAND() * (1000 - 1 + 1) + 1),
     FLOOR(RAND() * (45 - 1 + 1)
         + 1)),
    ('2022-04-14 12:15:52',
     FLOOR(RAND() * (1000 - 1 + 1) + 1),
     FLOOR(RAND() * (45 - 1 + 1)
         + 1)),
    ('2022-05-23 14:11:45',
     FLOOR(RAND() * (1000 - 1 + 1) + 1),
     FLOOR(RAND() * (45 - 1 + 1)
         + 1)),
    ('2022-06-09 08:44:35',
     FLOOR(RAND() * (1000 - 1 + 1) + 1),
     FLOOR(RAND() * (45 - 1 + 1)
         + 1)),
    ('2022-04-14 01:18:02',
     FLOOR(RAND() * (1000 - 1 + 1) + 1),
     FLOOR(RAND() * (45 - 1 + 1)
         + 1)),
    ('2022-05-10 07:02:27',
     FLOOR(RAND() * (1000 - 1 + 1) + 1),
     FLOOR(RAND() * (45 - 1 + 1)
         + 1)),
    ('2022-05-01 08:12:33',
     FLOOR(RAND() * (1000 - 1 + 1) + 1),
     FLOOR(RAND() * (45 - 1 + 1)
         + 1)),
    ('2022-05-19 21:51:33',
     FLOOR(RAND() * (1000 - 1 + 1) + 1),
     FLOOR(RAND() * (45 - 1 + 1)
         + 1)),
    ('2022-03-18 12:27:44',
     FLOOR(RAND() * (1000 - 1 + 1) + 1),
     FLOOR(RAND() * (45 - 1 + 1)
         + 1)),
    ('2022-02-18 23:39:28',
     FLOOR(RAND() * (1000 - 1 + 1) + 1),
     FLOOR(RAND() * (45 - 1 + 1)
         + 1)),
    ('2022-05-06 15:02:40',
     FLOOR(RAND() * (1000 - 1 + 1) + 1),
     FLOOR(RAND() * (45 - 1 + 1)
         + 1)),
    ('2022-03-05 05:52:40',
     FLOOR(RAND() * (1000 - 1 + 1) + 1),
     FLOOR(RAND() * (45 - 1 + 1)
         + 1)),
    ('2022-03-07 17:36:57',
     FLOOR(RAND() * (1000 - 1 + 1) + 1),
     FLOOR(RAND() * (45 - 1 + 1)
         + 1)),
    ('2022-04-19 23:54:48',
     FLOOR(RAND() * (1000 - 1 + 1) + 1),
     FLOOR(RAND() * (45 - 1 + 1)
         + 1)),
    ('2022-04-19 15:04:16',
     FLOOR(RAND() * (1000 - 1 + 1) + 1),
     FLOOR(RAND() * (45 - 1 + 1)
         + 1)),
    ('2022-02-24 06:59:28',
     FLOOR(RAND() * (1000 - 1 + 1) + 1),
     FLOOR(RAND() * (45 - 1 + 1)
         + 1)),
    ('2022-02-12 12:01:04',
     FLOOR(RAND() * (1000 - 1 + 1) + 1),
     FLOOR(RAND() * (45 - 1 + 1)
         + 1)),
    ('2022-01-16 15:11:18',
     FLOOR(RAND() * (1000 - 1 + 1) + 1),
     FLOOR(RAND() * (45 - 1 + 1)
         + 1)),
    ('2022-03-31 11:34:16',
     FLOOR(RAND() * (1000 - 1 + 1) + 1),
     FLOOR(RAND() * (45 - 1 + 1)
         + 1)),
    ('2022-05-19 20:23:52',
     FLOOR(RAND() * (1000 - 1 + 1) + 1),
     FLOOR(RAND() * (45 - 1 + 1)
         + 1)),
    ('2022-03-19 23:42:10',
     FLOOR(RAND() * (1000 - 1 + 1) + 1),
     FLOOR(RAND() * (45 - 1 + 1)
         + 1)),
    ('2022-03-14 05:08:16',
     FLOOR(RAND() * (1000 - 1 + 1) + 1),
     FLOOR(RAND() * (45 - 1 + 1)
         + 1)),
    ('2022-02-21 02:20:44',
     FLOOR(RAND() * (1000 - 1 + 1) + 1),
     FLOOR(RAND() * (45 - 1 + 1)
         + 1)),
    ('2022-02-28 05:08:47',
     FLOOR(RAND() * (1000 - 1 + 1) + 1),
     FLOOR(RAND() * (45 - 1 + 1)
         + 1)),
    ('2022-06-11 13:12:19',
     FLOOR(RAND() * (1000 - 1 + 1) + 1),
     FLOOR(RAND() * (45 - 1 + 1)
         + 1)),
    ('2022-06-26 02:58:43',
     FLOOR(RAND() * (1000 - 1 + 1) + 1),
     FLOOR(RAND() * (45 - 1 + 1)
         + 1)),
    ('2022-03-19 02:33:07',
     FLOOR(RAND() * (1000 - 1 + 1) + 1),
     FLOOR(RAND() * (45 - 1 + 1)
         + 1)),
    ('2022-05-05 09:18:05',
     FLOOR(RAND() * (1000 - 1 + 1) + 1),
     FLOOR(RAND() * (45 - 1 + 1)
         + 1)),
    ('2022-02-18 17:02:20',
     FLOOR(RAND() * (1000 - 1 + 1) + 1),
     FLOOR(RAND() * (45 - 1 + 1)
         + 1)),
    ('2022-02-27 17:19:23',
     FLOOR(RAND() * (1000 - 1 + 1) + 1),
     FLOOR(RAND() * (45 - 1 + 1)
         + 1)),
    ('2022-01-30 09:48:43',
     FLOOR(RAND() * (1000 - 1 + 1) + 1),
     FLOOR(RAND() * (45 - 1 + 1)
         + 1)),
    ('2022-02-19 07:24:25',
     FLOOR(RAND() * (1000 - 1 + 1) + 1),
     FLOOR(RAND() * (45 - 1 + 1)
         + 1)),
    ('2022-03-12 16:18:37',
     FLOOR(RAND() * (1000 - 1 + 1) + 1),
     FLOOR(RAND() * (45 - 1 + 1)
         + 1)),
    ('2022-06-18 07:43:20',
     FLOOR(RAND() * (1000 - 1 + 1) + 1),
     FLOOR(RAND() * (45 - 1 + 1)
         + 1)),
    ('2022-04-03 06:03:15',
     FLOOR(RAND() * (1000 - 1 + 1) + 1),
     FLOOR(RAND() * (45 - 1 + 1)
         + 1)),
    ('2022-06-29 10:27:41',
     FLOOR(RAND() * (1000 - 1 + 1) + 1),
     FLOOR(RAND() * (45 - 1 + 1)
         + 1)),
    ('2022-06-28 00:12:24',
     FLOOR(RAND() * (1000 - 1 + 1) + 1),
     FLOOR(RAND() * (45 - 1 + 1)
         + 1)),
    ('2022-04-12 08:56:06',
     FLOOR(RAND() * (1000 - 1 + 1) + 1),
     FLOOR(RAND() * (45 - 1 + 1)
         + 1)),
    ('2022-01-12 10:27:02',
     FLOOR(RAND() * (1000 - 1 + 1) + 1),
     FLOOR(RAND() * (45 - 1 + 1)
         + 1)),
    ('2022-06-19 17:36:05',
     FLOOR(RAND() * (1000 - 1 + 1) + 1),
     FLOOR(RAND() * (45 - 1 + 1)
         + 1)),
    ('2022-05-17 10:45:38',
     FLOOR(RAND() * (1000 - 1 + 1) + 1),
     FLOOR(RAND() * (45 - 1 + 1)
         + 1)),
    ('2022-05-11 05:09:44',
     FLOOR(RAND() * (1000 - 1 + 1) + 1),
     FLOOR(RAND() * (45 - 1 + 1)
         + 1)),
    ('2022-04-06 23:59:45',
     FLOOR(RAND() * (1000 - 1 + 1) + 1),
     FLOOR(RAND() * (45 - 1 + 1)
         + 1)),
    ('2022-04-02 09:40:29',
     FLOOR(RAND() * (1000 - 1 + 1) + 1),
     FLOOR(RAND() * (45 - 1 + 1)
         + 1)),
    ('2022-03-25 01:26:14',
     FLOOR(RAND() * (1000 - 1 + 1) + 1),
     FLOOR(RAND() * (45 - 1 + 1)
         + 1)),
    ('2022-05-17 18:56:07',
     FLOOR(RAND() * (1000 - 1 + 1) + 1),
     FLOOR(RAND() * (45 - 1 + 1)
         + 1)),
    ('2022-03-26 15:24:43',
     FLOOR(RAND() * (1000 - 1 + 1) + 1),
     FLOOR(RAND() * (45 - 1 + 1)
         + 1)),
    ('2022-05-09 09:50:13',
     FLOOR(RAND() * (1000 - 1 + 1) + 1),
     FLOOR(RAND() * (45 - 1 + 1)
         + 1)),
    ('2022-04-14 22:47:55',
     FLOOR(RAND() * (1000 - 1 + 1) + 1),
     FLOOR(RAND() * (45 - 1 + 1)
         + 1)),
    ('2022-03-25 22:44:53',
     FLOOR(RAND() * (1000 - 1 + 1) + 1),
     FLOOR(RAND() * (45 - 1 + 1)
         + 1)),
    ('2022-03-22 13:22:25',
     FLOOR(RAND() * (1000 - 1 + 1) + 1),
     FLOOR(RAND() * (45 - 1 + 1)
         + 1)),
    ('2022-05-15 02:27:19',
     FLOOR(RAND() * (1000 - 1 + 1) + 1),
     FLOOR(RAND() * (45 - 1 + 1)
         + 1)),
    ('2022-05-20 10:34:12',
     FLOOR(RAND() * (1000 - 1 + 1) + 1),
     FLOOR(RAND() * (45 - 1 + 1)
         + 1)),
    ('2022-04-13 09:22:06',
     FLOOR(RAND() * (1000 - 1 + 1) + 1),
     FLOOR(RAND() * (45 - 1 + 1)
         + 1)),
    ('2022-02-14 22:42:10',
     FLOOR(RAND() * (1000 - 1 + 1) + 1),
     FLOOR(RAND() * (45 - 1 + 1)
         + 1)),
    ('2022-04-03 01:35:04',
     FLOOR(RAND() * (1000 - 1 + 1) + 1),
     FLOOR(RAND() * (45 - 1 + 1)
         + 1)),
    ('2022-01-05 01:11:19',
     FLOOR(RAND() * (1000 - 1 + 1) + 1),
     FLOOR(RAND() * (45 - 1 + 1)
         + 1)),
    ('2022-02-22 09:48:50',
     FLOOR(RAND() * (1000 - 1 + 1) + 1),
     FLOOR(RAND() * (45 - 1 + 1)
         + 1)),
    ('2022-02-09 01:33:12',
     FLOOR(RAND() * (1000 - 1 + 1) + 1),
     FLOOR(RAND() * (45 - 1 + 1)
         + 1)),
    ('2022-04-15 00:51:51',
     FLOOR(RAND() * (1000 - 1 + 1) + 1),
     FLOOR(RAND() * (45 - 1 + 1)
         + 1)),
    ('2022-04-29 11:34:43',
     FLOOR(RAND() * (1000 - 1 + 1) + 1),
     FLOOR(RAND() * (45 - 1 + 1)
         + 1)),
    ('2022-05-24 17:15:15',
     FLOOR(RAND() * (1000 - 1 + 1) + 1),
     FLOOR(RAND() * (45 - 1 + 1)
         + 1)),
    ('2022-01-12 20:26:39',
     FLOOR(RAND() * (1000 - 1 + 1) + 1),
     FLOOR(RAND() * (45 - 1 + 1)
         + 1)),
    ('2022-06-29 03:55:56',
     FLOOR(RAND() * (1000 - 1 + 1) + 1),
     FLOOR(RAND() * (45 - 1 + 1)
         + 1)),
    ('2022-02-05 19:54:05',
     FLOOR(RAND() * (1000 - 1 + 1) + 1),
     FLOOR(RAND() * (45 - 1 + 1)
         + 1)),
    ('2022-05-02 00:25:42',
     FLOOR(RAND() * (1000 - 1 + 1) + 1),
     FLOOR(RAND() * (45 - 1 + 1)
         + 1)),
    ('2022-03-07 02:41:28',
     FLOOR(RAND() * (1000 - 1 + 1) + 1),
     FLOOR(RAND() * (45 - 1 + 1)
         + 1)),
    ('2022-05-04 12:14:25',
     FLOOR(RAND() * (1000 - 1 + 1) + 1),
     FLOOR(RAND() * (45 - 1 + 1)
         + 1)),
    ('2022-05-09 09:09:10',
     FLOOR(RAND() * (1000 - 1 + 1) + 1),
     FLOOR(RAND() * (45 - 1 + 1)
         + 1)),
    ('2022-06-13 20:57:04',
     FLOOR(RAND() * (1000 - 1 + 1) + 1),
     FLOOR(RAND() * (45 - 1 + 1)
         + 1)),
    ('2022-01-30 06:19:08',
     FLOOR(RAND() * (1000 - 1 + 1) + 1),
     FLOOR(RAND() * (45 - 1 + 1)
         + 1)),
    ('2022-06-14 15:50:52',
     FLOOR(RAND() * (1000 - 1 + 1) + 1),
     FLOOR(RAND() * (45 - 1 + 1)
         + 1)),
    ('2022-04-20 05:17:31',
     FLOOR(RAND() * (1000 - 1 + 1) + 1),
     FLOOR(RAND() * (45 - 1 + 1)
         + 1)),
    ('2022-05-16 18:12:04',
     FLOOR(RAND() * (1000 - 1 + 1) + 1),
     FLOOR(RAND() * (45 - 1 + 1)
         + 1)),
    ('2022-03-01 04:44:24',
     FLOOR(RAND() * (1000 - 1 + 1) + 1),
     FLOOR(RAND() * (45 - 1 + 1)
         + 1)),
    ('2022-03-26 21:47:07',
     FLOOR(RAND() * (1000 - 1 + 1) + 1),
     FLOOR(RAND() * (45 - 1 + 1)
         + 1)),
    ('2022-03-29 00:33:50',
     FLOOR(RAND() * (1000 - 1 + 1) + 1),
     FLOOR(RAND() * (45 - 1 + 1)
         + 1)),
    ('2022-04-30 12:19:38',
     FLOOR(RAND() * (1000 - 1 + 1) + 1),
     FLOOR(RAND() * (45 - 1 + 1)
         + 1)),
    ('2022-02-04 19:56:42',
     FLOOR(RAND() * (1000 - 1 + 1) + 1),
     FLOOR(RAND() * (45 - 1 + 1)
         + 1)),
    ('2022-04-03 09:16:51',
     FLOOR(RAND() * (1000 - 1 + 1) + 1),
     FLOOR(RAND() * (45 - 1 + 1)
         + 1)),
    ('2022-04-15 22:44:19',
     FLOOR(RAND() * (1000 - 1 + 1) + 1),
     FLOOR(RAND() * (45 - 1 + 1)
         + 1)),
    ('2022-01-16 20:23:30',
     FLOOR(RAND() * (1000 - 1 + 1) + 1),
     FLOOR(RAND() * (45 - 1 + 1)
         + 1)),
    ('2022-03-19 16:55:47',
     FLOOR(RAND() * (1000 - 1 + 1) + 1),
     FLOOR(RAND() * (45 - 1 + 1)
         + 1)),
    ('2022-06-17 11:14:03',
     FLOOR(RAND() * (1000 - 1 + 1) + 1),
     FLOOR(RAND() * (45 - 1 + 1)
         + 1)),
    ('2022-02-01 19:24:20',
     FLOOR(RAND() * (1000 - 1 + 1) + 1),
     FLOOR(RAND() * (45 - 1 + 1)
         + 1)),
    ('2022-03-08 10:42:33',
     FLOOR(RAND() * (1000 - 1 + 1) + 1),
     FLOOR(RAND() * (45 - 1 + 1)
         + 1)),
    ('2022-04-10 03:16:31',
     FLOOR(RAND() * (1000 - 1 + 1) + 1),
     FLOOR(RAND() * (45 - 1 + 1)
         + 1)),
    ('2022-03-01 02:08:02',
     FLOOR(RAND() * (1000 - 1 + 1) + 1),
     FLOOR(RAND() * (45 - 1 + 1)
         + 1)),
    ('2022-03-09 05:58:53',
     FLOOR(RAND() * (1000 - 1 + 1) + 1),
     FLOOR(RAND() * (45 - 1 + 1)
         + 1)),
    ('2022-03-23 04:32:53',
     FLOOR(RAND() * (1000 - 1 + 1) + 1),
     FLOOR(RAND() * (45 - 1 + 1)
         + 1)),
    ('2022-05-08 14:05:15',
     FLOOR(RAND() * (1000 - 1 + 1) + 1),
     FLOOR(RAND() * (45 - 1 + 1)
         + 1)),
    ('2022-04-08 19:34:49',
     FLOOR(RAND() * (1000 - 1 + 1) + 1),
     FLOOR(RAND() * (45 - 1 + 1)
         + 1)),
    ('2022-02-11 11:12:49',
     FLOOR(RAND() * (1000 - 1 + 1) + 1),
     FLOOR(RAND() * (45 - 1 + 1)
         + 1)),
    ('2022-04-21 00:00:03',
     FLOOR(RAND() * (1000 - 1 + 1) + 1),
     FLOOR(RAND() * (45 - 1 + 1)
         + 1)),
    ('2022-04-07 19:44:04',
     FLOOR(RAND() * (1000 - 1 + 1) + 1),
     FLOOR(RAND() * (45 - 1 + 1)
         + 1)),
    ('2022-02-06 23:54:52',
     FLOOR(RAND() * (1000 - 1 + 1) + 1),
     FLOOR(RAND() * (45 - 1 + 1)
         + 1)),
    ('2022-04-27 20:17:45',
     FLOOR(RAND() * (1000 - 1 + 1) + 1),
     FLOOR(RAND() * (45 - 1 + 1)
         + 1)),
    ('2022-02-01 00:05:37',
     FLOOR(RAND() * (1000 - 1 + 1) + 1),
     FLOOR(RAND() * (45 - 1 + 1)
         + 1)),
    ('2022-05-01 23:17:22',
     FLOOR(RAND() * (1000 - 1 + 1) + 1),
     FLOOR(RAND() * (45 - 1 + 1)
         + 1)),
    ('2022-02-02 12:47:10',
     FLOOR(RAND() * (1000 - 1 + 1) + 1),
     FLOOR(RAND() * (45 - 1 + 1)
         + 1)),
    ('2022-03-09 18:46:46',
     FLOOR(RAND() * (1000 - 1 + 1) + 1),
     FLOOR(RAND() * (45 - 1 + 1)
         + 1)),
    ('2022-06-08 19:30:37',
     FLOOR(RAND() * (1000 - 1 + 1) + 1),
     FLOOR(RAND() * (45 - 1 + 1)
         + 1)),
    ('2022-05-23 06:52:13',
     FLOOR(RAND() * (1000 - 1 + 1) + 1),
     FLOOR(RAND() * (45 - 1 + 1)
         + 1)),
    ('2022-06-24 03:05:48',
     FLOOR(RAND() * (1000 - 1 + 1) + 1),
     FLOOR(RAND() * (45 - 1 + 1)
         + 1)),
    ('2022-04-10 20:55:49',
     FLOOR(RAND() * (1000 - 1 + 1) + 1),
     FLOOR(RAND() * (45 - 1 + 1)
         + 1)),
    ('2022-04-17 12:08:22',
     FLOOR(RAND() * (1000 - 1 + 1) + 1),
     FLOOR(RAND() * (45 - 1 + 1)
         + 1)),
    ('2022-04-10 12:33:35',
     FLOOR(RAND() * (1000 - 1 + 1) + 1),
     FLOOR(RAND() * (45 - 1 + 1)
         + 1)),
    ('2022-04-15 10:51:35',
     FLOOR(RAND() * (1000 - 1 + 1) + 1),
     FLOOR(RAND() * (45 - 1 + 1)
         + 1)),
    ('2022-03-24 09:16:14',
     FLOOR(RAND() * (1000 - 1 + 1) + 1),
     FLOOR(RAND() * (45 - 1 + 1)
         + 1)),
    ('2022-01-03 14:31:31',
     FLOOR(RAND() * (1000 - 1 + 1) + 1),
     FLOOR(RAND() * (45 - 1 + 1)
         + 1)),
    ('2022-03-31 15:19:54',
     FLOOR(RAND() * (1000 - 1 + 1) + 1),
     FLOOR(RAND() * (45 - 1 + 1)
         + 1)),
    ('2022-02-27 09:35:50',
     FLOOR(RAND() * (1000 - 1 + 1) + 1),
     FLOOR(RAND() * (45 - 1 + 1)
         + 1)),
    ('2022-05-01 23:13:19',
     FLOOR(RAND() * (1000 - 1 + 1) + 1),
     FLOOR(RAND() * (45 - 1 + 1)
         + 1)),
    ('2022-03-25 22:44:20',
     FLOOR(RAND() * (1000 - 1 + 1) + 1),
     FLOOR(RAND() * (45 - 1 + 1)
         + 1)),
    ('2022-01-10 21:01:05',
     FLOOR(RAND() * (1000 - 1 + 1) + 1),
     FLOOR(RAND() * (45 - 1 + 1)
         + 1)),
    ('2022-03-04 08:05:29',
     FLOOR(RAND() * (1000 - 1 + 1) + 1),
     FLOOR(RAND() * (45 - 1 + 1)
         + 1)),
    ('2022-02-10 14:06:36',
     FLOOR(RAND() * (1000 - 1 + 1) + 1),
     FLOOR(RAND() * (45 - 1 + 1)
         + 1)),
    ('2022-03-16 19:32:35',
     FLOOR(RAND() * (1000 - 1 + 1) + 1),
     FLOOR(RAND() * (45 - 1 + 1)
         + 1)),
    ('2022-06-23 02:39:29',
     FLOOR(RAND() * (1000 - 1 + 1) + 1),
     FLOOR(RAND() * (45 - 1 + 1)
         + 1)),
    ('2022-05-05 22:18:27',
     FLOOR(RAND() * (1000 - 1 + 1) + 1),
     FLOOR(RAND() * (45 - 1 + 1)
         + 1)),
    ('2022-04-22 21:51:58',
     FLOOR(RAND() * (1000 - 1 + 1) + 1),
     FLOOR(RAND() * (45 - 1 + 1)
         + 1)),
    ('2022-05-19 08:41:20',
     FLOOR(RAND() * (1000 - 1 + 1) + 1),
     FLOOR(RAND() * (45 - 1 + 1)
         + 1)),
    ('2022-05-14 12:22:35',
     FLOOR(RAND() * (1000 - 1 + 1) + 1),
     FLOOR(RAND() * (45 - 1 + 1)
         + 1)),
    ('2022-01-31 11:23:44',
     FLOOR(RAND() * (1000 - 1 + 1) + 1),
     FLOOR(RAND() * (45 - 1 + 1)
         + 1)),
    ('2022-06-26 06:08:46',
     FLOOR(RAND() * (1000 - 1 + 1) + 1),
     FLOOR(RAND() * (45 - 1 + 1)
         + 1)),
    ('2022-01-17 20:18:57',
     FLOOR(RAND() * (1000 - 1 + 1) + 1),
     FLOOR(RAND() * (45 - 1 + 1)
         + 1)),
    ('2022-05-26 11:45:29',
     FLOOR(RAND() * (1000 - 1 + 1) + 1),
     FLOOR(RAND() * (45 - 1 + 1)
         + 1)),
    ('2022-06-14 01:24:01',
     FLOOR(RAND() * (1000 - 1 + 1) + 1),
     FLOOR(RAND() * (45 - 1 + 1)
         + 1)),
    ('2022-04-29 11:24:24',
     FLOOR(RAND() * (1000 - 1 + 1) + 1),
     FLOOR(RAND() * (45 - 1 + 1)
         + 1)),
    ('2022-03-11 15:47:58',
     FLOOR(RAND() * (1000 - 1 + 1) + 1),
     FLOOR(RAND() * (45 - 1 + 1)
         + 1)),
    ('2022-01-04 18:56:32',
     FLOOR(RAND() * (1000 - 1 + 1) + 1),
     FLOOR(RAND() * (45 - 1 + 1)
         + 1)),
    ('2022-03-08 18:41:47',
     FLOOR(RAND() * (1000 - 1 + 1) + 1),
     FLOOR(RAND() * (45 - 1 + 1)
         + 1)),
    ('2022-01-06 01:18:13',
     FLOOR(RAND() * (1000 - 1 + 1) + 1),
     FLOOR(RAND() * (45 - 1 + 1)
         + 1)),
    ('2022-05-03 02:23:47',
     FLOOR(RAND() * (1000 - 1 + 1) + 1),
     FLOOR(RAND() * (45 - 1 + 1)
         + 1)),
    ('2022-01-29 12:47:14',
     FLOOR(RAND() * (1000 - 1 + 1) + 1),
     FLOOR(RAND() * (45 - 1 + 1)
         + 1)),
    ('2022-03-18 11:15:51',
     FLOOR(RAND() * (1000 - 1 + 1) + 1),
     FLOOR(RAND() * (45 - 1 + 1)
         + 1)),
    ('2022-01-18 19:40:08',
     FLOOR(RAND() * (1000 - 1 + 1) + 1),
     FLOOR(RAND() * (45 - 1 + 1)
         + 1)),
    ('2022-06-03 04:09:58',
     FLOOR(RAND() * (1000 - 1 + 1) + 1),
     FLOOR(RAND() * (45 - 1 + 1)
         + 1)),
    ('2022-03-22 09:58:14',
     FLOOR(RAND() * (1000 - 1 + 1) + 1),
     FLOOR(RAND() * (45 - 1 + 1)
         + 1)),
    ('2022-01-20 11:43:15',
     FLOOR(RAND() * (1000 - 1 + 1) + 1),
     FLOOR(RAND() * (45 - 1 + 1)
         + 1)),
    ('2022-01-21 02:02:36',
     FLOOR(RAND() * (1000 - 1 + 1) + 1),
     FLOOR(RAND() * (45 - 1 + 1)
         + 1)),
    ('2022-01-16 16:18:56',
     FLOOR(RAND() * (1000 - 1 + 1) + 1),
     FLOOR(RAND() * (45 - 1 + 1)
         + 1)),
    ('2022-05-01 08:34:45',
     FLOOR(RAND() * (1000 - 1 + 1) + 1),
     FLOOR(RAND() * (45 - 1 + 1)
         + 1)),
    ('2022-01-18 22:53:54',
     FLOOR(RAND() * (1000 - 1 + 1) + 1),
     FLOOR(RAND() * (45 - 1 + 1)
         + 1)),
    ('2022-02-21 13:20:28',
     FLOOR(RAND() * (1000 - 1 + 1) + 1),
     FLOOR(RAND() * (45 - 1 + 1)
         + 1)),
    ('2022-06-24 07:42:18',
     FLOOR(RAND() * (1000 - 1 + 1) + 1),
     FLOOR(RAND() * (45 - 1 + 1)
         + 1)),
    ('2022-05-16 02:10:24',
     FLOOR(RAND() * (1000 - 1 + 1) + 1),
     FLOOR(RAND() * (45 - 1 + 1)
         + 1)),
    ('2022-05-21 19:47:30',
     FLOOR(RAND() * (1000 - 1 + 1) + 1),
     FLOOR(RAND() * (45 - 1 + 1)
         + 1)),
    ('2022-03-17 21:41:21',
     FLOOR(RAND() * (1000 - 1 + 1) + 1),
     FLOOR(RAND() * (45 - 1 + 1)
         + 1)),
    ('2022-05-26 07:04:13',
     FLOOR(RAND() * (1000 - 1 + 1) + 1),
     FLOOR(RAND() * (45 - 1 + 1)
         + 1)),
    ('2022-02-27 01:10:23',
     FLOOR(RAND() * (1000 - 1 + 1) + 1),
     FLOOR(RAND() * (45 - 1 + 1)
         + 1)),
    ('2022-01-06 04:12:59',
     FLOOR(RAND() * (1000 - 1 + 1) + 1),
     FLOOR(RAND() * (45 - 1 + 1)
         + 1)),
    ('2022-02-18 03:20:50',
     FLOOR(RAND() * (1000 - 1 + 1) + 1),
     FLOOR(RAND() * (45 - 1 + 1)
         + 1)),
    ('2022-01-10 19:34:26',
     FLOOR(RAND() * (1000 - 1 + 1) + 1),
     FLOOR(RAND() * (45 - 1 + 1)
         + 1)),
    ('2022-05-17 04:20:25',
     FLOOR(RAND() * (1000 - 1 + 1) + 1),
     FLOOR(RAND() * (45 - 1 + 1)
         + 1)),
    ('2022-02-10 10:31:28',
     FLOOR(RAND() * (1000 - 1 + 1) + 1),
     FLOOR(RAND() * (45 - 1 + 1)
         + 1)),
    ('2022-04-04 00:50:53',
     FLOOR(RAND() * (1000 - 1 + 1) + 1),
     FLOOR(RAND() * (45 - 1 + 1)
         + 1)),
    ('2022-05-08 14:22:41',
     FLOOR(RAND() * (1000 - 1 + 1) + 1),
     FLOOR(RAND() * (45 - 1 + 1)
         + 1)),
    ('2022-04-23 08:43:39',
     FLOOR(RAND() * (1000 - 1 + 1) + 1),
     FLOOR(RAND() * (45 - 1 + 1)
         + 1)),
    ('2022-06-25 12:39:32',
     FLOOR(RAND() * (1000 - 1 + 1) + 1),
     FLOOR(RAND() * (45 - 1 + 1)
         + 1)),
    ('2022-03-25 19:40:25',
     FLOOR(RAND() * (1000 - 1 + 1) + 1),
     FLOOR(RAND() * (45 - 1 + 1)
         + 1)),
    ('2022-04-05 03:56:16',
     FLOOR(RAND() * (1000 - 1 + 1) + 1),
     FLOOR(RAND() * (45 - 1 + 1)
         + 1)),
    ('2022-02-15 02:24:15',
     FLOOR(RAND() * (1000 - 1 + 1) + 1),
     FLOOR(RAND() * (45 - 1 + 1)
         + 1)),
    ('2022-02-24 01:28:43',
     FLOOR(RAND() * (1000 - 1 + 1) + 1),
     FLOOR(RAND() * (45 - 1 + 1)
         + 1)),
    ('2022-01-24 03:00:48',
     FLOOR(RAND() * (1000 - 1 + 1) + 1),
     FLOOR(RAND() * (45 - 1 + 1)
         + 1)),
    ('2022-03-06 08:12:09',
     FLOOR(RAND() * (1000 - 1 + 1) + 1),
     FLOOR(RAND() * (45 - 1 + 1)
         + 1)),
    ('2022-01-11 16:08:00',
     FLOOR(RAND() * (1000 - 1 + 1) + 1),
     FLOOR(RAND() * (45 - 1 + 1)
         + 1)),
    ('2022-06-07 19:14:58',
     FLOOR(RAND() * (1000 - 1 + 1) + 1),
     FLOOR(RAND() * (45 - 1 + 1)
         + 1)),
    ('2022-02-09 20:53:26',
     FLOOR(RAND() * (1000 - 1 + 1) + 1),
     FLOOR(RAND() * (45 - 1 + 1)
         + 1)),
    ('2022-05-06 00:21:27',
     FLOOR(RAND() * (1000 - 1 + 1) + 1),
     FLOOR(RAND() * (45 - 1 + 1)
         + 1)),
    ('2022-01-22 18:54:36',
     FLOOR(RAND() * (1000 - 1 + 1) + 1),
     FLOOR(RAND() * (45 - 1 + 1)
         + 1)),
    ('2022-04-19 21:42:00',
     FLOOR(RAND() * (1000 - 1 + 1) + 1),
     FLOOR(RAND() * (45 - 1 + 1)
         + 1)),
    ('2022-03-25 08:32:41',
     FLOOR(RAND() * (1000 - 1 + 1) + 1),
     FLOOR(RAND() * (45 - 1 + 1)
         + 1)),
    ('2022-05-07 21:49:49',
     FLOOR(RAND() * (1000 - 1 + 1) + 1),
     FLOOR(RAND() * (45 - 1 + 1)
         + 1)),
    ('2022-05-26 21:06:34',
     FLOOR(RAND() * (1000 - 1 + 1) + 1),
     FLOOR(RAND() * (45 - 1 + 1)
         + 1)),
    ('2022-05-07 07:58:40',
     FLOOR(RAND() * (1000 - 1 + 1) + 1),
     FLOOR(RAND() * (45 - 1 + 1)
         + 1)),
    ('2022-05-19 06:59:09',
     FLOOR(RAND() * (1000 - 1 + 1) + 1),
     FLOOR(RAND() * (45 - 1 + 1)
         + 1)),
    ('2022-02-01 12:50:57',
     FLOOR(RAND() * (1000 - 1 + 1) + 1),
     FLOOR(RAND() * (45 - 1 + 1)
         + 1)),
    ('2022-03-11 23:57:24',
     FLOOR(RAND() * (1000 - 1 + 1) + 1),
     FLOOR(RAND() * (45 - 1 + 1)
         + 1)),
    ('2022-02-04 01:12:51',
     FLOOR(RAND() * (1000 - 1 + 1) + 1),
     FLOOR(RAND() * (45 - 1 + 1)
         + 1)),
    ('2022-03-04 10:35:36',
     FLOOR(RAND() * (1000 - 1 + 1) + 1),
     FLOOR(RAND() * (45 - 1 + 1)
         + 1)),
    ('2022-03-07 01:28:38',
     FLOOR(RAND() * (1000 - 1 + 1) + 1),
     FLOOR(RAND() * (45 - 1 + 1)
         + 1)),
    ('2022-04-14 12:37:57',
     FLOOR(RAND() * (1000 - 1 + 1) + 1),
     FLOOR(RAND() * (45 - 1 + 1)
         + 1)),
    ('2022-04-07 09:35:44',
     FLOOR(RAND() * (1000 - 1 + 1) + 1),
     FLOOR(RAND() * (45 - 1 + 1)
         + 1)),
    ('2022-03-05 12:10:09',
     FLOOR(RAND() * (1000 - 1 + 1) + 1),
     FLOOR(RAND() * (45 - 1 + 1)
         + 1)),
    ('2022-04-06 01:03:21',
     FLOOR(RAND() * (1000 - 1 + 1) + 1),
     FLOOR(RAND() * (45 - 1 + 1)
         + 1)),
    ('2022-04-30 01:44:40',
     FLOOR(RAND() * (1000 - 1 + 1) + 1),
     FLOOR(RAND() * (45 - 1 + 1)
         + 1)),
    ('2022-05-14 12:31:20',
     FLOOR(RAND() * (1000 - 1 + 1) + 1),
     FLOOR(RAND() * (45 - 1 + 1)
         + 1)),
    ('2022-03-10 11:53:17',
     FLOOR(RAND() * (1000 - 1 + 1) + 1),
     FLOOR(RAND() * (45 - 1 + 1)
         + 1)),
    ('2022-05-24 01:10:08',
     FLOOR(RAND() * (1000 - 1 + 1) + 1),
     FLOOR(RAND() * (45 - 1 + 1)
         + 1)),
    ('2022-05-30 04:50:23',
     FLOOR(RAND() * (1000 - 1 + 1) + 1),
     FLOOR(RAND() * (45 - 1 + 1)
         + 1)),
    ('2022-06-15 20:13:05',
     FLOOR(RAND() * (1000 - 1 + 1) + 1),
     FLOOR(RAND() * (45 - 1 + 1)
         + 1)),
    ('2022-01-27 05:19:33',
     FLOOR(RAND() * (1000 - 1 + 1) + 1),
     FLOOR(RAND() * (45 - 1 + 1)
         + 1)),
    ('2022-05-12 05:51:06',
     FLOOR(RAND() * (1000 - 1 + 1) + 1),
     FLOOR(RAND() * (45 - 1 + 1)
         + 1)),
    ('2022-05-04 05:28:35',
     FLOOR(RAND() * (1000 - 1 + 1) + 1),
     FLOOR(RAND() * (45 - 1 + 1)
         + 1)),
    ('2022-04-10 08:24:22',
     FLOOR(RAND() * (1000 - 1 + 1) + 1),
     FLOOR(RAND() * (45 - 1 + 1)
         + 1)),
    ('2022-05-15 10:09:25',
     FLOOR(RAND() * (1000 - 1 + 1) + 1),
     FLOOR(RAND() * (45 - 1 + 1)
         + 1)),
    ('2022-02-02 11:20:56',
     FLOOR(RAND() * (1000 - 1 + 1) + 1),
     FLOOR(RAND() * (45 - 1 + 1)
         + 1)),
    ('2022-04-04 21:45:46',
     FLOOR(RAND() * (1000 - 1 + 1) + 1),
     FLOOR(RAND() * (45 - 1 + 1)
         + 1)),
    ('2022-02-02 08:59:12',
     FLOOR(RAND() * (1000 - 1 + 1) + 1),
     FLOOR(RAND() * (45 - 1 + 1)
         + 1)),
    ('2022-01-25 02:39:51',
     FLOOR(RAND() * (1000 - 1 + 1) + 1),
     FLOOR(RAND() * (45 - 1 + 1)
         + 1)),
    ('2022-03-27 23:26:52',
     FLOOR(RAND() * (1000 - 1 + 1) + 1),
     FLOOR(RAND() * (45 - 1 + 1)
         + 1)),
    ('2022-03-23 06:58:28',
     FLOOR(RAND() * (1000 - 1 + 1) + 1),
     FLOOR(RAND() * (45 - 1 + 1)
         + 1)),
    ('2022-05-27 12:59:56',
     FLOOR(RAND() * (1000 - 1 + 1) + 1),
     FLOOR(RAND() * (45 - 1 + 1)
         + 1)),
    ('2022-01-02 15:12:49',
     FLOOR(RAND() * (1000 - 1 + 1) + 1),
     FLOOR(RAND() * (45 - 1 + 1)
         + 1)),
    ('2022-02-21 20:59:39',
     FLOOR(RAND() * (1000 - 1 + 1) + 1),
     FLOOR(RAND() * (45 - 1 + 1)
         + 1)),
    ('2022-06-05 02:53:43',
     FLOOR(RAND() * (1000 - 1 + 1) + 1),
     FLOOR(RAND() * (45 - 1 + 1)
         + 1)),
    ('2022-03-23 13:25:39',
     FLOOR(RAND() * (1000 - 1 + 1) + 1),
     FLOOR(RAND() * (45 - 1 + 1)
         + 1)),
    ('2022-05-12 19:45:11',
     FLOOR(RAND() * (1000 - 1 + 1) + 1),
     FLOOR(RAND() * (45 - 1 + 1)
         + 1)),
    ('2022-03-23 23:49:06',
     FLOOR(RAND() * (1000 - 1 + 1) + 1),
     FLOOR(RAND() * (45 - 1 + 1)
         + 1)),
    ('2022-06-08 10:51:47',
     FLOOR(RAND() * (1000 - 1 + 1) + 1),
     FLOOR(RAND() * (45 - 1 + 1)
         + 1)),
    ('2022-05-05 08:23:45',
     FLOOR(RAND() * (1000 - 1 + 1) + 1),
     FLOOR(RAND() * (45 - 1 + 1)
         + 1)),
    ('2022-06-29 22:32:04',
     FLOOR(RAND() * (1000 - 1 + 1) + 1),
     FLOOR(RAND() * (45 - 1 + 1)
         + 1)),
    ('2022-06-10 17:51:56',
     FLOOR(RAND() * (1000 - 1 + 1) + 1),
     FLOOR(RAND() * (45 - 1 + 1)
         + 1)),
    ('2022-06-21 16:25:43',
     FLOOR(RAND() * (1000 - 1 + 1) + 1),
     FLOOR(RAND() * (45 - 1 + 1)
         + 1)),
    ('2022-02-20 15:47:41',
     FLOOR(RAND() * (1000 - 1 + 1) + 1),
     FLOOR(RAND() * (45 - 1 + 1)
         + 1)),
    ('2022-06-09 00:40:34',
     FLOOR(RAND() * (1000 - 1 + 1) + 1),
     FLOOR(RAND() * (45 - 1 + 1)
         + 1)),
    ('2022-06-21 00:46:33',
     FLOOR(RAND() * (1000 - 1 + 1) + 1),
     FLOOR(RAND() * (45 - 1 + 1)
         + 1)),
    ('2022-06-27 13:05:02',
     FLOOR(RAND() * (1000 - 1 + 1) + 1),
     FLOOR(RAND() * (45 - 1 + 1)
         + 1)),
    ('2022-06-17 22:37:57',
     FLOOR(RAND() * (1000 - 1 + 1) + 1),
     FLOOR(RAND() * (45 - 1 + 1)
         + 1)),
    ('2022-06-06 09:20:59',
     FLOOR(RAND() * (1000 - 1 + 1) + 1),
     FLOOR(RAND() * (45 - 1 + 1)
         + 1)),
    ('2022-03-07 13:35:21',
     FLOOR(RAND() * (1000 - 1 + 1) + 1),
     FLOOR(RAND() * (45 - 1 + 1)
         + 1)),
    ('2022-06-16 01:21:10',
     FLOOR(RAND() * (1000 - 1 + 1) + 1),
     FLOOR(RAND() * (45 - 1 + 1)
         + 1)),
    ('2022-04-10 12:05:26',
     FLOOR(RAND() * (1000 - 1 + 1) + 1),
     FLOOR(RAND() * (45 - 1 + 1)
         + 1)),
    ('2022-03-21 18:02:35',
     FLOOR(RAND() * (1000 - 1 + 1) + 1),
     FLOOR(RAND() * (45 - 1 + 1)
         + 1)),
    ('2022-03-01 11:01:01',
     FLOOR(RAND() * (1000 - 1 + 1) + 1),
     FLOOR(RAND() * (45 - 1 + 1)
         + 1)),
    ('2022-06-14 21:58:23',
     FLOOR(RAND() * (1000 - 1 + 1) + 1),
     FLOOR(RAND() * (45 - 1 + 1)
         + 1)),
    ('2022-01-09 08:34:04',
     FLOOR(RAND() * (1000 - 1 + 1) + 1),
     FLOOR(RAND() * (45 - 1 + 1)
         + 1)),
    ('2022-05-21 17:10:00',
     FLOOR(RAND() * (1000 - 1 + 1) + 1),
     FLOOR(RAND() * (45 - 1 + 1)
         + 1)),
    ('2022-01-29 17:39:41',
     FLOOR(RAND() * (1000 - 1 + 1) + 1),
     FLOOR(RAND() * (45 - 1 + 1)
         + 1)),
    ('2022-03-29 10:20:02',
     FLOOR(RAND() * (1000 - 1 + 1) + 1),
     FLOOR(RAND() * (45 - 1 + 1)
         + 1)),
    ('2022-03-12 23:37:54',
     FLOOR(RAND() * (1000 - 1 + 1) + 1),
     FLOOR(RAND() * (45 - 1 + 1)
         + 1)),
    ('2022-06-15 05:54:45',
     FLOOR(RAND() * (1000 - 1 + 1) + 1),
     FLOOR(RAND() * (45 - 1 + 1)
         + 1)),
    ('2022-03-05 05:38:25',
     FLOOR(RAND() * (1000 - 1 + 1) + 1),
     FLOOR(RAND() * (45 - 1 + 1)
         + 1)),
    ('2022-06-07 16:42:38',
     FLOOR(RAND() * (1000 - 1 + 1) + 1),
     FLOOR(RAND() * (45 - 1 + 1)
         + 1)),
    ('2022-05-12 10:47:30',
     FLOOR(RAND() * (1000 - 1 + 1) + 1),
     FLOOR(RAND() * (45 - 1 + 1)
         + 1)),
    ('2022-06-28 21:56:01',
     FLOOR(RAND() * (1000 - 1 + 1) + 1),
     FLOOR(RAND() * (45 - 1 + 1)
         + 1)),
    ('2022-04-02 11:13:02',
     FLOOR(RAND() * (1000 - 1 + 1) + 1),
     FLOOR(RAND() * (45 - 1 + 1)
         + 1)),
    ('2022-06-17 18:14:44',
     FLOOR(RAND() * (1000 - 1 + 1) + 1),
     FLOOR(RAND() * (45 - 1 + 1)
         + 1)),
    ('2022-03-30 07:00:33',
     FLOOR(RAND() * (1000 - 1 + 1) + 1),
     FLOOR(RAND() * (45 - 1 + 1)
         + 1)),
    ('2022-01-17 06:47:18',
     FLOOR(RAND() * (1000 - 1 + 1) + 1),
     FLOOR(RAND() * (45 - 1 + 1)
         + 1)),
    ('2022-06-06 02:21:56',
     FLOOR(RAND() * (1000 - 1 + 1) + 1),
     FLOOR(RAND() * (45 - 1 + 1)
         + 1)),
    ('2022-03-19 10:34:02',
     FLOOR(RAND() * (1000 - 1 + 1) + 1),
     FLOOR(RAND() * (45 - 1 + 1)
         + 1)),
    ('2022-06-28 06:03:33',
     FLOOR(RAND() * (1000 - 1 + 1) + 1),
     FLOOR(RAND() * (45 - 1 + 1)
         + 1)),
    ('2022-02-01 07:10:46',
     FLOOR(RAND() * (1000 - 1 + 1) + 1),
     FLOOR(RAND() * (45 - 1 + 1)
         + 1)),
    ('2022-02-12 21:34:35',
     FLOOR(RAND() * (1000 - 1 + 1) + 1),
     FLOOR(RAND() * (45 - 1 + 1)
         + 1)),
    ('2022-02-19 02:58:38',
     FLOOR(RAND() * (1000 - 1 + 1) + 1),
     FLOOR(RAND() * (45 - 1 + 1)
         + 1)),
    ('2022-03-23 07:45:02',
     FLOOR(RAND() * (1000 - 1 + 1) + 1),
     FLOOR(RAND() * (45 - 1 + 1)
         + 1)),
    ('2022-02-22 07:41:00',
     FLOOR(RAND() * (1000 - 1 + 1) + 1),
     FLOOR(RAND() * (45 - 1 + 1)
         + 1)),
    ('2022-06-27 15:36:14',
     FLOOR(RAND() * (1000 - 1 + 1) + 1),
     FLOOR(RAND() * (45 - 1 + 1)
         + 1)),
    ('2022-05-25 06:28:15',
     FLOOR(RAND() * (1000 - 1 + 1) + 1),
     FLOOR(RAND() * (45 - 1 + 1)
         + 1)),
    ('2022-01-22 12:29:09',
     FLOOR(RAND() * (1000 - 1 + 1) + 1),
     FLOOR(RAND() * (45 - 1 + 1)
         + 1)),
    ('2022-02-06 11:49:12',
     FLOOR(RAND() * (1000 - 1 + 1) + 1),
     FLOOR(RAND() * (45 - 1 + 1)
         + 1)),
    ('2022-03-27 17:48:01',
     FLOOR(RAND() * (1000 - 1 + 1) + 1),
     FLOOR(RAND() * (45 - 1 + 1)
         + 1)),
    ('2022-03-08 08:33:52',
     FLOOR(RAND() * (1000 - 1 + 1) + 1),
     FLOOR(RAND() * (45 - 1 + 1)
         + 1)),
    ('2022-03-09 19:19:37',
     FLOOR(RAND() * (1000 - 1 + 1) + 1),
     FLOOR(RAND() * (45 - 1 + 1)
         + 1)),
    ('2022-06-22 15:30:32',
     FLOOR(RAND() * (1000 - 1 + 1) + 1),
     FLOOR(RAND() * (45 - 1 + 1)
         + 1)),
    ('2022-02-14 18:38:35',
     FLOOR(RAND() * (1000 - 1 + 1) + 1),
     FLOOR(RAND() * (45 - 1 + 1)
         + 1)),
    ('2022-01-14 00:10:45',
     FLOOR(RAND() * (1000 - 1 + 1) + 1),
     FLOOR(RAND() * (45 - 1 + 1)
         + 1)),
    ('2022-01-13 16:44:51',
     FLOOR(RAND() * (1000 - 1 + 1) + 1),
     FLOOR(RAND() * (45 - 1 + 1)
         + 1)),
    ('2022-03-22 08:28:27',
     FLOOR(RAND() * (1000 - 1 + 1) + 1),
     FLOOR(RAND() * (45 - 1 + 1)
         + 1)),
    ('2022-01-28 11:34:39',
     FLOOR(RAND() * (1000 - 1 + 1) + 1),
     FLOOR(RAND() * (45 - 1 + 1)
         + 1)),
    ('2022-04-20 14:32:35',
     FLOOR(RAND() * (1000 - 1 + 1) + 1),
     FLOOR(RAND() * (45 - 1 + 1)
         + 1)),
    ('2022-05-12 14:56:29',
     FLOOR(RAND() * (1000 - 1 + 1) + 1),
     FLOOR(RAND() * (45 - 1 + 1)
         + 1)),
    ('2022-05-25 23:50:27',
     FLOOR(RAND() * (1000 - 1 + 1) + 1),
     FLOOR(RAND() * (45 - 1 + 1)
         + 1)),
    ('2022-03-06 00:37:33',
     FLOOR(RAND() * (1000 - 1 + 1) + 1),
     FLOOR(RAND() * (45 - 1 + 1)
         + 1)),
    ('2022-02-11 09:07:14',
     FLOOR(RAND() * (1000 - 1 + 1) + 1),
     FLOOR(RAND() * (45 - 1 + 1)
         + 1)),
    ('2022-03-11 06:07:09',
     FLOOR(RAND() * (1000 - 1 + 1) + 1),
     FLOOR(RAND() * (45 - 1 + 1)
         + 1)),
    ('2022-06-22 18:23:25',
     FLOOR(RAND() * (1000 - 1 + 1) + 1),
     FLOOR(RAND() * (45 - 1 + 1)
         + 1)),
    ('2022-01-03 19:56:49',
     FLOOR(RAND() * (1000 - 1 + 1) + 1),
     FLOOR(RAND() * (45 - 1 + 1)
         + 1)),
    ('2022-04-06 13:32:07',
     FLOOR(RAND() * (1000 - 1 + 1) + 1),
     FLOOR(RAND() * (45 - 1 + 1)
         + 1)),
    ('2022-04-11 18:41:45',
     FLOOR(RAND() * (1000 - 1 + 1) + 1),
     FLOOR(RAND() * (45 - 1 + 1)
         + 1)),
    ('2022-03-14 21:47:34',
     FLOOR(RAND() * (1000 - 1 + 1) + 1),
     FLOOR(RAND() * (45 - 1 + 1)
         + 1)),
    ('2022-02-23 02:04:17',
     FLOOR(RAND() * (1000 - 1 + 1) + 1),
     FLOOR(RAND() * (45 - 1 + 1)
         + 1)),
    ('2022-05-04 05:21:05',
     FLOOR(RAND() * (1000 - 1 + 1) + 1),
     FLOOR(RAND() * (45 - 1 + 1)
         + 1)),
    ('2022-01-30 21:18:15',
     FLOOR(RAND() * (1000 - 1 + 1) + 1),
     FLOOR(RAND() * (45 - 1 + 1)
         + 1)),
    ('2022-02-01 09:34:28',
     FLOOR(RAND() * (1000 - 1 + 1) + 1),
     FLOOR(RAND() * (45 - 1 + 1)
         + 1)),
    ('2022-05-02 22:45:34',
     FLOOR(RAND() * (1000 - 1 + 1) + 1),
     FLOOR(RAND() * (45 - 1 + 1)
         + 1)),
    ('2022-06-23 20:00:39',
     FLOOR(RAND() * (1000 - 1 + 1) + 1),
     FLOOR(RAND() * (45 - 1 + 1)
         + 1)),
    ('2022-06-22 10:46:45',
     FLOOR(RAND() * (1000 - 1 + 1) + 1),
     FLOOR(RAND() * (45 - 1 + 1)
         + 1)),
    ('2022-06-06 18:03:48',
     FLOOR(RAND() * (1000 - 1 + 1) + 1),
     FLOOR(RAND() * (45 - 1 + 1)
         + 1)),
    ('2022-01-13 05:45:16',
     FLOOR(RAND() * (1000 - 1 + 1) + 1),
     FLOOR(RAND() * (45 - 1 + 1)
         + 1)),
    ('2022-04-24 01:08:56',
     FLOOR(RAND() * (1000 - 1 + 1) + 1),
     FLOOR(RAND() * (45 - 1 + 1)
         + 1)),
    ('2022-03-15 16:48:28',
     FLOOR(RAND() * (1000 - 1 + 1) + 1),
     FLOOR(RAND() * (45 - 1 + 1)
         + 1)),
    ('2022-03-25 04:51:53',
     FLOOR(RAND() * (1000 - 1 + 1) + 1),
     FLOOR(RAND() * (45 - 1 + 1)
         + 1)),
    ('2022-06-19 13:24:25',
     FLOOR(RAND() * (1000 - 1 + 1) + 1),
     FLOOR(RAND() * (45 - 1 + 1)
         + 1)),
    ('2022-04-02 15:19:16',
     FLOOR(RAND() * (1000 - 1 + 1) + 1),
     FLOOR(RAND() * (45 - 1 + 1)
         + 1)),
    ('2022-01-07 21:37:30',
     FLOOR(RAND() * (1000 - 1 + 1) + 1),
     FLOOR(RAND() * (45 - 1 + 1)
         + 1)),
    ('2022-01-01 13:34:07',
     FLOOR(RAND() * (1000 - 1 + 1) + 1),
     FLOOR(RAND() * (45 - 1 + 1)
         + 1)),
    ('2022-04-29 20:28:41',
     FLOOR(RAND() * (1000 - 1 + 1) + 1),
     FLOOR(RAND() * (45 - 1 + 1)
         + 1)),
    ('2022-05-20 15:29:46',
     FLOOR(RAND() * (1000 - 1 + 1) + 1),
     FLOOR(RAND() * (45 - 1 + 1)
         + 1)),
    ('2022-05-13 12:37:01',
     FLOOR(RAND() * (1000 - 1 + 1) + 1),
     FLOOR(RAND() * (45 - 1 + 1)
         + 1)),
    ('2022-06-24 05:58:13',
     FLOOR(RAND() * (1000 - 1 + 1) + 1),
     FLOOR(RAND() * (45 - 1 + 1)
         + 1)),
    ('2022-01-10 06:41:40',
     FLOOR(RAND() * (1000 - 1 + 1) + 1),
     FLOOR(RAND() * (45 - 1 + 1)
         + 1)),
    ('2022-04-06 04:11:04',
     FLOOR(RAND() * (1000 - 1 + 1) + 1),
     FLOOR(RAND() * (45 - 1 + 1)
         + 1)),
    ('2022-01-25 12:35:10',
     FLOOR(RAND() * (1000 - 1 + 1) + 1),
     FLOOR(RAND() * (45 - 1 + 1)
         + 1)),
    ('2022-02-06 17:05:52',
     FLOOR(RAND() * (1000 - 1 + 1) + 1),
     FLOOR(RAND() * (45 - 1 + 1)
         + 1)),
    ('2022-06-12 01:12:26',
     FLOOR(RAND() * (1000 - 1 + 1) + 1),
     FLOOR(RAND() * (45 - 1 + 1)
         + 1)),
    ('2022-05-10 16:20:52',
     FLOOR(RAND() * (1000 - 1 + 1) + 1),
     FLOOR(RAND() * (45 - 1 + 1)
         + 1)),
    ('2022-01-01 20:55:35',
     FLOOR(RAND() * (1000 - 1 + 1) + 1),
     FLOOR(RAND() * (45 - 1 + 1)
         + 1)),
    ('2022-01-07 16:19:10',
     FLOOR(RAND() * (1000 - 1 + 1) + 1),
     FLOOR(RAND() * (45 - 1 + 1)
         + 1)),
    ('2022-04-25 16:22:39',
     FLOOR(RAND() * (1000 - 1 + 1) + 1),
     FLOOR(RAND() * (45 - 1 + 1)
         + 1)),
    ('2022-01-03 10:16:15',
     FLOOR(RAND() * (1000 - 1 + 1) + 1),
     FLOOR(RAND() * (45 - 1 + 1)
         + 1)),
    ('2022-03-22 17:20:53',
     FLOOR(RAND() * (1000 - 1 + 1) + 1),
     FLOOR(RAND() * (45 - 1 + 1)
         + 1)),
    ('2022-05-16 15:14:24',
     FLOOR(RAND() * (1000 - 1 + 1) + 1),
     FLOOR(RAND() * (45 - 1 + 1)
         + 1)),
    ('2022-02-17 12:00:22',
     FLOOR(RAND() * (1000 - 1 + 1) + 1),
     FLOOR(RAND() * (45 - 1 + 1)
         + 1)),
    ('2022-03-19 20:26:55',
     FLOOR(RAND() * (1000 - 1 + 1) + 1),
     FLOOR(RAND() * (45 - 1 + 1)
         + 1)),
    ('2022-03-19 11:34:09',
     FLOOR(RAND() * (1000 - 1 + 1) + 1),
     FLOOR(RAND() * (45 - 1 + 1)
         + 1)),
    ('2022-02-12 03:39:17',
     FLOOR(RAND() * (1000 - 1 + 1) + 1),
     FLOOR(RAND() * (45 - 1 + 1)
         + 1)),
    ('2022-04-15 19:10:42',
     FLOOR(RAND() * (1000 - 1 + 1) + 1),
     FLOOR(RAND() * (45 - 1 + 1)
         + 1)),
    ('2022-01-09 16:24:09',
     FLOOR(RAND() * (1000 - 1 + 1) + 1),
     FLOOR(RAND() * (45 - 1 + 1)
         + 1)),
    ('2022-03-29 22:48:39',
     FLOOR(RAND() * (1000 - 1 + 1) + 1),
     FLOOR(RAND() * (45 - 1 + 1)
         + 1)),
    ('2022-01-06 15:23:59',
     FLOOR(RAND() * (1000 - 1 + 1) + 1),
     FLOOR(RAND() * (45 - 1 + 1)
         + 1)),
    ('2022-06-20 13:09:10',
     FLOOR(RAND() * (1000 - 1 + 1) + 1),
     FLOOR(RAND() * (45 - 1 + 1)
         + 1)),
    ('2022-03-13 16:34:55',
     FLOOR(RAND() * (1000 - 1 + 1) + 1),
     FLOOR(RAND() * (45 - 1 + 1)
         + 1)),
    ('2022-05-28 03:16:16',
     FLOOR(RAND() * (1000 - 1 + 1) + 1),
     FLOOR(RAND() * (45 - 1 + 1)
         + 1)),
    ('2022-01-13 17:04:38',
     FLOOR(RAND() * (1000 - 1 + 1) + 1),
     FLOOR(RAND() * (45 - 1 + 1)
         + 1)),
    ('2022-05-01 13:47:39',
     FLOOR(RAND() * (1000 - 1 + 1) + 1),
     FLOOR(RAND() * (45 - 1 + 1)
         + 1)),
    ('2022-03-09 18:28:52',
     FLOOR(RAND() * (1000 - 1 + 1) + 1),
     FLOOR(RAND() * (45 - 1 + 1)
         + 1)),
    ('2022-02-12 15:17:06',
     FLOOR(RAND() * (1000 - 1 + 1) + 1),
     FLOOR(RAND() * (45 - 1 + 1)
         + 1)),
    ('2022-04-12 22:01:24',
     FLOOR(RAND() * (1000 - 1 + 1) + 1),
     FLOOR(RAND() * (45 - 1 + 1)
         + 1)),
    ('2022-02-16 14:08:49',
     FLOOR(RAND() * (1000 - 1 + 1) + 1),
     FLOOR(RAND() * (45 - 1 + 1)
         + 1)),
    ('2022-03-11 23:33:37',
     FLOOR(RAND() * (1000 - 1 + 1) + 1),
     FLOOR(RAND() * (45 - 1 + 1)
         + 1)),
    ('2022-01-04 11:09:23',
     FLOOR(RAND() * (1000 - 1 + 1) + 1),
     FLOOR(RAND() * (45 - 1 + 1)
         + 1)),
    ('2022-05-11 08:25:00',
     FLOOR(RAND() * (1000 - 1 + 1) + 1),
     FLOOR(RAND() * (45 - 1 + 1)
         + 1)),
    ('2022-06-13 12:11:51',
     FLOOR(RAND() * (1000 - 1 + 1) + 1),
     FLOOR(RAND() * (45 - 1 + 1)
         + 1)),
    ('2022-03-26 19:40:12',
     FLOOR(RAND() * (1000 - 1 + 1) + 1),
     FLOOR(RAND() * (45 - 1 + 1)
         + 1)),
    ('2022-04-01 23:10:38',
     FLOOR(RAND() * (1000 - 1 + 1) + 1),
     FLOOR(RAND() * (45 - 1 + 1)
         + 1)),
    ('2022-04-14 10:58:13',
     FLOOR(RAND() * (1000 - 1 + 1) + 1),
     FLOOR(RAND() * (45 - 1 + 1)
         + 1)),
    ('2022-05-07 06:44:10',
     FLOOR(RAND() * (1000 - 1 + 1) + 1),
     FLOOR(RAND() * (45 - 1 + 1)
         + 1)),
    ('2022-05-16 07:52:35',
     FLOOR(RAND() * (1000 - 1 + 1) + 1),
     FLOOR(RAND() * (45 - 1 + 1)
         + 1)),
    ('2022-02-13 04:04:56',
     FLOOR(RAND() * (1000 - 1 + 1) + 1),
     FLOOR(RAND() * (45 - 1 + 1)
         + 1)),
    ('2022-03-24 22:03:31',
     FLOOR(RAND() * (1000 - 1 + 1) + 1),
     FLOOR(RAND() * (45 - 1 + 1)
         + 1)),
    ('2022-02-16 16:16:36',
     FLOOR(RAND() * (1000 - 1 + 1) + 1),
     FLOOR(RAND() * (45 - 1 + 1)
         + 1)),
    ('2022-01-14 22:06:26',
     FLOOR(RAND() * (1000 - 1 + 1) + 1),
     FLOOR(RAND() * (45 - 1 + 1)
         + 1)),
    ('2022-06-22 22:35:55',
     FLOOR(RAND() * (1000 - 1 + 1) + 1),
     FLOOR(RAND() * (45 - 1 + 1)
         + 1)),
    ('2022-04-12 21:01:12',
     FLOOR(RAND() * (1000 - 1 + 1) + 1),
     FLOOR(RAND() * (45 - 1 + 1)
         + 1)),
    ('2022-01-07 12:36:43',
     FLOOR(RAND() * (1000 - 1 + 1) + 1),
     FLOOR(RAND() * (45 - 1 + 1)
         + 1)),
    ('2022-04-20 14:57:52',
     FLOOR(RAND() * (1000 - 1 + 1) + 1),
     FLOOR(RAND() * (45 - 1 + 1)
         + 1)),
    ('2022-04-18 11:02:17',
     FLOOR(RAND() * (1000 - 1 + 1) + 1),
     FLOOR(RAND() * (45 - 1 + 1)
         + 1)),
    ('2022-05-07 15:08:57',
     FLOOR(RAND() * (1000 - 1 + 1) + 1),
     FLOOR(RAND() * (45 - 1 + 1)
         + 1)),
    ('2022-06-04 22:02:30',
     FLOOR(RAND() * (1000 - 1 + 1) + 1),
     FLOOR(RAND() * (45 - 1 + 1)
         + 1)),
    ('2022-03-28 18:02:37',
     FLOOR(RAND() * (1000 - 1 + 1) + 1),
     FLOOR(RAND() * (45 - 1 + 1)
         + 1)),
    ('2022-01-14 14:38:34',
     FLOOR(RAND() * (1000 - 1 + 1) + 1),
     FLOOR(RAND() * (45 - 1 + 1)
         + 1)),
    ('2022-02-28 16:09:59',
     FLOOR(RAND() * (1000 - 1 + 1) + 1),
     FLOOR(RAND() * (45 - 1 + 1)
         + 1)),
    ('2022-02-15 23:28:39',
     FLOOR(RAND() * (1000 - 1 + 1) + 1),
     FLOOR(RAND() * (45 - 1 + 1)
         + 1)),
    ('2022-05-27 15:46:12',
     FLOOR(RAND() * (1000 - 1 + 1) + 1),
     FLOOR(RAND() * (45 - 1 + 1)
         + 1)),
    ('2022-05-29 23:52:23',
     FLOOR(RAND() * (1000 - 1 + 1) + 1),
     FLOOR(RAND() * (45 - 1 + 1)
         + 1)),
    ('2022-06-10 19:51:25',
     FLOOR(RAND() * (1000 - 1 + 1) + 1),
     FLOOR(RAND() * (45 - 1 + 1)
         + 1)),
    ('2022-01-11 09:47:43',
     FLOOR(RAND() * (1000 - 1 + 1) + 1),
     FLOOR(RAND() * (45 - 1 + 1)
         + 1)),
    ('2022-02-03 23:19:00',
     FLOOR(RAND() * (1000 - 1 + 1) + 1),
     FLOOR(RAND() * (45 - 1 + 1)
         + 1)),
    ('2022-05-08 11:06:20',
     FLOOR(RAND() * (1000 - 1 + 1) + 1),
     FLOOR(RAND() * (45 - 1 + 1)
         + 1)),
    ('2022-04-20 22:56:57',
     FLOOR(RAND() * (1000 - 1 + 1) + 1),
     FLOOR(RAND() * (45 - 1 + 1)
         + 1)),
    ('2022-04-28 12:06:47',
     FLOOR(RAND() * (1000 - 1 + 1) + 1),
     FLOOR(RAND() * (45 - 1 + 1)
         + 1)),
    ('2022-06-24 17:48:07',
     FLOOR(RAND() * (1000 - 1 + 1) + 1),
     FLOOR(RAND() * (45 - 1 + 1)
         + 1)),
    ('2022-06-20 04:38:41',
     FLOOR(RAND() * (1000 - 1 + 1) + 1),
     FLOOR(RAND() * (45 - 1 + 1)
         + 1)),
    ('2022-06-17 14:47:43',
     FLOOR(RAND() * (1000 - 1 + 1) + 1),
     FLOOR(RAND() * (45 - 1 + 1)
         + 1)),
    ('2022-01-17 06:00:34',
     FLOOR(RAND() * (1000 - 1 + 1) + 1),
     FLOOR(RAND() * (45 - 1 + 1)
         + 1)),
    ('2022-03-05 11:41:55',
     FLOOR(RAND() * (1000 - 1 + 1) + 1),
     FLOOR(RAND() * (45 - 1 + 1)
         + 1)),
    ('2022-05-16 19:18:29',
     FLOOR(RAND() * (1000 - 1 + 1) + 1),
     FLOOR(RAND() * (45 - 1 + 1)
         + 1)),
    ('2022-04-03 03:40:10',
     FLOOR(RAND() * (1000 - 1 + 1) + 1),
     FLOOR(RAND() * (45 - 1 + 1)
         + 1)),
    ('2022-02-19 04:03:02',
     FLOOR(RAND() * (1000 - 1 + 1) + 1),
     FLOOR(RAND() * (45 - 1 + 1)
         + 1)),
    ('2022-04-08 01:38:28',
     FLOOR(RAND() * (1000 - 1 + 1) + 1),
     FLOOR(RAND() * (45 - 1 + 1)
         + 1)),
    ('2022-05-31 12:26:14',
     FLOOR(RAND() * (1000 - 1 + 1) + 1),
     FLOOR(RAND() * (45 - 1 + 1)
         + 1)),
    ('2022-03-14 01:12:31',
     FLOOR(RAND() * (1000 - 1 + 1) + 1),
     FLOOR(RAND() * (45 - 1 + 1)
         + 1)),
    ('2022-05-24 21:43:06',
     FLOOR(RAND() * (1000 - 1 + 1) + 1),
     FLOOR(RAND() * (45 - 1 + 1)
         + 1)),
    ('2022-02-12 12:13:46',
     FLOOR(RAND() * (1000 - 1 + 1) + 1),
     FLOOR(RAND() * (45 - 1 + 1)
         + 1)),
    ('2022-04-17 08:16:39',
     FLOOR(RAND() * (1000 - 1 + 1) + 1),
     FLOOR(RAND() * (45 - 1 + 1)
         + 1)),
    ('2022-06-20 06:30:04',
     FLOOR(RAND() * (1000 - 1 + 1) + 1),
     FLOOR(RAND() * (45 - 1 + 1)
         + 1)),
    ('2022-05-08 01:20:34',
     FLOOR(RAND() * (1000 - 1 + 1) + 1),
     FLOOR(RAND() * (45 - 1 + 1)
         + 1)),
    ('2022-02-08 18:36:22',
     FLOOR(RAND() * (1000 - 1 + 1) + 1),
     FLOOR(RAND() * (45 - 1 + 1)
         + 1)),
    ('2022-01-13 15:14:46',
     FLOOR(RAND() * (1000 - 1 + 1) + 1),
     FLOOR(RAND() * (45 - 1 + 1)
         + 1)),
    ('2022-03-25 05:31:27',
     FLOOR(RAND() * (1000 - 1 + 1) + 1),
     FLOOR(RAND() * (45 - 1 + 1)
         + 1)),
    ('2022-02-09 14:10:12',
     FLOOR(RAND() * (1000 - 1 + 1) + 1),
     FLOOR(RAND() * (45 - 1 + 1)
         + 1)),
    ('2022-02-11 08:45:49',
     FLOOR(RAND() * (1000 - 1 + 1) + 1),
     FLOOR(RAND() * (45 - 1 + 1)
         + 1)),
    ('2022-02-28 11:04:19',
     FLOOR(RAND() * (1000 - 1 + 1) + 1),
     FLOOR(RAND() * (45 - 1 + 1)
         + 1)),
    ('2022-03-08 17:16:43',
     FLOOR(RAND() * (1000 - 1 + 1) + 1),
     FLOOR(RAND() * (45 - 1 + 1)
         + 1)),
    ('2022-01-14 02:22:53',
     FLOOR(RAND() * (1000 - 1 + 1) + 1),
     FLOOR(RAND() * (45 - 1 + 1)
         + 1)),
    ('2022-05-06 07:49:28',
     FLOOR(RAND() * (1000 - 1 + 1) + 1),
     FLOOR(RAND() * (45 - 1 + 1)
         + 1)),
    ('2022-03-21 13:42:10',
     FLOOR(RAND() * (1000 - 1 + 1) + 1),
     FLOOR(RAND() * (45 - 1 + 1)
         + 1)),
    ('2022-02-17 04:43:00',
     FLOOR(RAND() * (1000 - 1 + 1) + 1),
     FLOOR(RAND() * (45 - 1 + 1)
         + 1)),
    ('2022-01-07 11:43:21',
     FLOOR(RAND() * (1000 - 1 + 1) + 1),
     FLOOR(RAND() * (45 - 1 + 1)
         + 1)),
    ('2022-01-25 05:43:21',
     FLOOR(RAND() * (1000 - 1 + 1) + 1),
     FLOOR(RAND() * (45 - 1 + 1)
         + 1)),
    ('2022-06-13 01:11:06',
     FLOOR(RAND() * (1000 - 1 + 1) + 1),
     FLOOR(RAND() * (45 - 1 + 1)
         + 1)),
    ('2022-05-07 14:24:10',
     FLOOR(RAND() * (1000 - 1 + 1) + 1),
     FLOOR(RAND() * (45 - 1 + 1)
         + 1)),
    ('2022-05-22 04:42:26',
     FLOOR(RAND() * (1000 - 1 + 1) + 1),
     FLOOR(RAND() * (45 - 1 + 1)
         + 1)),
    ('2022-06-29 07:39:33',
     FLOOR(RAND() * (1000 - 1 + 1) + 1),
     FLOOR(RAND() * (45 - 1 + 1)
         + 1)),
    ('2022-03-04 15:26:05',
     FLOOR(RAND() * (1000 - 1 + 1) + 1),
     FLOOR(RAND() * (45 - 1 + 1)
         + 1)),
    ('2022-02-17 06:02:42',
     FLOOR(RAND() * (1000 - 1 + 1) + 1),
     FLOOR(RAND() * (45 - 1 + 1)
         + 1)),
    ('2022-06-15 22:55:32',
     FLOOR(RAND() * (1000 - 1 + 1) + 1),
     FLOOR(RAND() * (45 - 1 + 1)
         + 1)),
    ('2022-06-09 05:24:15',
     FLOOR(RAND() * (1000 - 1 + 1) + 1),
     FLOOR(RAND() * (45 - 1 + 1)
         + 1)),
    ('2022-01-23 02:01:13',
     FLOOR(RAND() * (1000 - 1 + 1) + 1),
     FLOOR(RAND() * (45 - 1 + 1)
         + 1)),
    ('2022-05-06 11:47:19',
     FLOOR(RAND() * (1000 - 1 + 1) + 1),
     FLOOR(RAND() * (45 - 1 + 1)
         + 1)),
    ('2022-04-27 07:17:25',
     FLOOR(RAND() * (1000 - 1 + 1) + 1),
     FLOOR(RAND() * (45 - 1 + 1)
         + 1)),
    ('2022-05-16 21:15:20',
     FLOOR(RAND() * (1000 - 1 + 1) + 1),
     FLOOR(RAND() * (45 - 1 + 1)
         + 1)),
    ('2022-03-13 14:08:59',
     FLOOR(RAND() * (1000 - 1 + 1) + 1),
     FLOOR(RAND() * (45 - 1 + 1)
         + 1)),
    ('2022-06-18 09:09:05',
     FLOOR(RAND() * (1000 - 1 + 1) + 1),
     FLOOR(RAND() * (45 - 1 + 1)
         + 1)),
    ('2022-05-21 13:44:01',
     FLOOR(RAND() * (1000 - 1 + 1) + 1),
     FLOOR(RAND() * (45 - 1 + 1)
         + 1)),
    ('2022-02-23 22:42:09',
     FLOOR(RAND() * (1000 - 1 + 1) + 1),
     FLOOR(RAND() * (45 - 1 + 1)
         + 1)),
    ('2022-04-24 01:28:17',
     FLOOR(RAND() * (1000 - 1 + 1) + 1),
     FLOOR(RAND() * (45 - 1 + 1)
         + 1)),
    ('2022-04-17 01:12:02',
     FLOOR(RAND() * (1000 - 1 + 1) + 1),
     FLOOR(RAND() * (45 - 1 + 1)
         + 1)),
    ('2022-01-07 04:00:56',
     FLOOR(RAND() * (1000 - 1 + 1) + 1),
     FLOOR(RAND() * (45 - 1 + 1)
         + 1)),
    ('2022-02-16 13:32:26',
     FLOOR(RAND() * (1000 - 1 + 1) + 1),
     FLOOR(RAND() * (45 - 1 + 1)
         + 1)),
    ('2022-04-17 22:40:50',
     FLOOR(RAND() * (1000 - 1 + 1) + 1),
     FLOOR(RAND() * (45 - 1 + 1)
         + 1)),
    ('2022-02-02 15:53:31',
     FLOOR(RAND() * (1000 - 1 + 1) + 1),
     FLOOR(RAND() * (45 - 1 + 1)
         + 1)),
    ('2022-05-16 05:03:44',
     FLOOR(RAND() * (1000 - 1 + 1) + 1),
     FLOOR(RAND() * (45 - 1 + 1)
         + 1)),
    ('2022-06-06 01:29:33',
     FLOOR(RAND() * (1000 - 1 + 1) + 1),
     FLOOR(RAND() * (45 - 1 + 1)
         + 1)),
    ('2022-01-11 10:44:26',
     FLOOR(RAND() * (1000 - 1 + 1) + 1),
     FLOOR(RAND() * (45 - 1 + 1)
         + 1)),
    ('2022-05-21 03:09:19',
     FLOOR(RAND() * (1000 - 1 + 1) + 1),
     FLOOR(RAND() * (45 - 1 + 1)
         + 1)),
    ('2022-01-11 09:21:54',
     FLOOR(RAND() * (1000 - 1 + 1) + 1),
     FLOOR(RAND() * (45 - 1 + 1)
         + 1)),
    ('2022-05-17 15:57:16',
     FLOOR(RAND() * (1000 - 1 + 1) + 1),
     FLOOR(RAND() * (45 - 1 + 1)
         + 1)),
    ('2022-05-16 09:29:02',
     FLOOR(RAND() * (1000 - 1 + 1) + 1),
     FLOOR(RAND() * (45 - 1 + 1)
         + 1)),
    ('2022-06-08 15:18:35',
     FLOOR(RAND() * (1000 - 1 + 1) + 1),
     FLOOR(RAND() * (45 - 1 + 1)
         + 1)),
    ('2022-03-28 20:33:50',
     FLOOR(RAND() * (1000 - 1 + 1) + 1),
     FLOOR(RAND() * (45 - 1 + 1)
         + 1)),
    ('2022-03-15 03:20:38',
     FLOOR(RAND() * (1000 - 1 + 1) + 1),
     FLOOR(RAND() * (45 - 1 + 1)
         + 1)),
    ('2022-04-06 19:24:19',
     FLOOR(RAND() * (1000 - 1 + 1) + 1),
     FLOOR(RAND() * (45 - 1 + 1)
         + 1)),
    ('2022-03-29 13:03:32',
     FLOOR(RAND() * (1000 - 1 + 1) + 1),
     FLOOR(RAND() * (45 - 1 + 1)
         + 1)),
    ('2022-04-18 04:12:23',
     FLOOR(RAND() * (1000 - 1 + 1) + 1),
     FLOOR(RAND() * (45 - 1 + 1)
         + 1)),
    ('2022-02-13 06:21:08',
     FLOOR(RAND() * (1000 - 1 + 1) + 1),
     FLOOR(RAND() * (45 - 1 + 1)
         + 1)),
    ('2022-01-26 13:30:20',
     FLOOR(RAND() * (1000 - 1 + 1) + 1),
     FLOOR(RAND() * (45 - 1 + 1)
         + 1)),
    ('2022-03-28 06:55:27',
     FLOOR(RAND() * (1000 - 1 + 1) + 1),
     FLOOR(RAND() * (45 - 1 + 1)
         + 1)),
    ('2022-06-06 11:40:31',
     FLOOR(RAND() * (1000 - 1 + 1) + 1),
     FLOOR(RAND() * (45 - 1 + 1)
         + 1)),
    ('2022-02-18 03:35:54',
     FLOOR(RAND() * (1000 - 1 + 1) + 1),
     FLOOR(RAND() * (45 - 1 + 1)
         + 1)),
    ('2022-06-29 11:01:01',
     FLOOR(RAND() * (1000 - 1 + 1) + 1),
     FLOOR(RAND() * (45 - 1 + 1)
         + 1)),
    ('2022-01-06 20:13:51',
     FLOOR(RAND() * (1000 - 1 + 1) + 1),
     FLOOR(RAND() * (45 - 1 + 1)
         + 1)),
    ('2022-01-19 10:14:17',
     FLOOR(RAND() * (1000 - 1 + 1) + 1),
     FLOOR(RAND() * (45 - 1 + 1)
         + 1)),
    ('2022-01-05 23:12:54',
     FLOOR(RAND() * (1000 - 1 + 1) + 1),
     FLOOR(RAND() * (45 - 1 + 1)
         + 1)),
    ('2022-05-09 12:07:20',
     FLOOR(RAND() * (1000 - 1 + 1) + 1),
     FLOOR(RAND() * (45 - 1 + 1)
         + 1)),
    ('2022-02-25 11:18:10',
     FLOOR(RAND() * (1000 - 1 + 1) + 1),
     FLOOR(RAND() * (45 - 1 + 1)
         + 1)),
    ('2022-05-31 01:02:01',
     FLOOR(RAND() * (1000 - 1 + 1) + 1),
     FLOOR(RAND() * (45 - 1 + 1)
         + 1)),
    ('2022-05-27 09:20:21',
     FLOOR(RAND() * (1000 - 1 + 1) + 1),
     FLOOR(RAND() * (45 - 1 + 1)
         + 1)),
    ('2022-03-27 15:58:36',
     FLOOR(RAND() * (1000 - 1 + 1) + 1),
     FLOOR(RAND() * (45 - 1 + 1)
         + 1)),
    ('2022-06-09 12:39:11',
     FLOOR(RAND() * (1000 - 1 + 1) + 1),
     FLOOR(RAND() * (45 - 1 + 1)
         + 1)),
    ('2022-02-19 19:00:13',
     FLOOR(RAND() * (1000 - 1 + 1) + 1),
     FLOOR(RAND() * (45 - 1 + 1)
         + 1)),
    ('2022-05-10 19:41:35',
     FLOOR(RAND() * (1000 - 1 + 1) + 1),
     FLOOR(RAND() * (45 - 1 + 1)
         + 1)),
    ('2022-06-17 17:38:56',
     FLOOR(RAND() * (1000 - 1 + 1) + 1),
     FLOOR(RAND() * (45 - 1 + 1)
         + 1)),
    ('2022-04-11 16:21:25',
     FLOOR(RAND() * (1000 - 1 + 1) + 1),
     FLOOR(RAND() * (45 - 1 + 1)
         + 1)),
    ('2022-02-09 03:08:14',
     FLOOR(RAND() * (1000 - 1 + 1) + 1),
     FLOOR(RAND() * (45 - 1 + 1)
         + 1)),
    ('2022-05-17 08:08:24',
     FLOOR(RAND() * (1000 - 1 + 1) + 1),
     FLOOR(RAND() * (45 - 1 + 1)
         + 1)),
    ('2022-05-01 06:31:49',
     FLOOR(RAND() * (1000 - 1 + 1) + 1),
     FLOOR(RAND() * (45 - 1 + 1)
         + 1)),
    ('2022-06-10 05:10:27',
     FLOOR(RAND() * (1000 - 1 + 1) + 1),
     FLOOR(RAND() * (45 - 1 + 1)
         + 1)),
    ('2022-02-28 14:31:50',
     FLOOR(RAND() * (1000 - 1 + 1) + 1),
     FLOOR(RAND() * (45 - 1 + 1)
         + 1)),
    ('2022-01-07 15:15:30',
     FLOOR(RAND() * (1000 - 1 + 1) + 1),
     FLOOR(RAND() * (45 - 1 + 1)
         + 1)),
    ('2022-03-10 20:18:27',
     FLOOR(RAND() * (1000 - 1 + 1) + 1),
     FLOOR(RAND() * (45 - 1 + 1)
         + 1)),
    ('2022-02-18 22:57:04',
     FLOOR(RAND() * (1000 - 1 + 1) + 1),
     FLOOR(RAND() * (45 - 1 + 1)
         + 1)),
    ('2022-06-18 03:18:27',
     FLOOR(RAND() * (1000 - 1 + 1) + 1),
     FLOOR(RAND() * (45 - 1 + 1)
         + 1)),
    ('2022-04-14 02:57:15',
     FLOOR(RAND() * (1000 - 1 + 1) + 1),
     FLOOR(RAND() * (45 - 1 + 1)
         + 1)),
    ('2022-02-17 10:10:52',
     FLOOR(RAND() * (1000 - 1 + 1) + 1),
     FLOOR(RAND() * (45 - 1 + 1)
         + 1)),
    ('2022-01-03 08:16:27',
     FLOOR(RAND() * (1000 - 1 + 1) + 1),
     FLOOR(RAND() * (45 - 1 + 1)
         + 1)),
    ('2022-02-22 17:55:09',
     FLOOR(RAND() * (1000 - 1 + 1) + 1),
     FLOOR(RAND() * (45 - 1 + 1)
         + 1)),
    ('2022-02-16 12:27:36',
     FLOOR(RAND() * (1000 - 1 + 1) + 1),
     FLOOR(RAND() * (45 - 1 + 1)
         + 1)),
    ('2022-01-03 08:36:59',
     FLOOR(RAND() * (1000 - 1 + 1) + 1),
     FLOOR(RAND() * (45 - 1 + 1)
         + 1)),
    ('2022-01-26 16:26:37',
     FLOOR(RAND() * (1000 - 1 + 1) + 1),
     FLOOR(RAND() * (45 - 1 + 1)
         + 1)),
    ('2022-05-16 18:39:06',
     FLOOR(RAND() * (1000 - 1 + 1) + 1),
     FLOOR(RAND() * (45 - 1 + 1)
         + 1)),
    ('2022-01-04 23:42:29',
     FLOOR(RAND() * (1000 - 1 + 1) + 1),
     FLOOR(RAND() * (45 - 1 + 1)
         + 1)),
    ('2022-02-13 19:07:22',
     FLOOR(RAND() * (1000 - 1 + 1) + 1),
     FLOOR(RAND() * (45 - 1 + 1)
         + 1)),
    ('2022-05-19 03:35:35',
     FLOOR(RAND() * (1000 - 1 + 1) + 1),
     FLOOR(RAND() * (45 - 1 + 1)
         + 1)),
    ('2022-06-23 06:46:16',
     FLOOR(RAND() * (1000 - 1 + 1) + 1),
     FLOOR(RAND() * (45 - 1 + 1)
         + 1)),
    ('2022-02-10 09:22:09',
     FLOOR(RAND() * (1000 - 1 + 1) + 1),
     FLOOR(RAND() * (45 - 1 + 1)
         + 1)),
    ('2022-03-21 16:27:56',
     FLOOR(RAND() * (1000 - 1 + 1) + 1),
     FLOOR(RAND() * (45 - 1 + 1)
         + 1)),
    ('2022-05-09 22:51:49',
     FLOOR(RAND() * (1000 - 1 + 1) + 1),
     FLOOR(RAND() * (45 - 1 + 1)
         + 1)),
    ('2022-04-07 16:57:21',
     FLOOR(RAND() * (1000 - 1 + 1) + 1),
     FLOOR(RAND() * (45 - 1 + 1)
         + 1)),
    ('2022-05-14 20:26:15',
     FLOOR(RAND() * (1000 - 1 + 1) + 1),
     FLOOR(RAND() * (45 - 1 + 1)
         + 1)),
    ('2022-06-14 05:03:48',
     FLOOR(RAND() * (1000 - 1 + 1) + 1),
     FLOOR(RAND() * (45 - 1 + 1)
         + 1)),
    ('2022-04-26 16:28:46',
     FLOOR(RAND() * (1000 - 1 + 1) + 1),
     FLOOR(RAND() * (45 - 1 + 1)
         + 1)),
    ('2022-04-21 18:08:44',
     FLOOR(RAND() * (1000 - 1 + 1) + 1),
     FLOOR(RAND() * (45 - 1 + 1)
         + 1)),
    ('2022-02-01 18:10:39',
     FLOOR(RAND() * (1000 - 1 + 1) + 1),
     FLOOR(RAND() * (45 - 1 + 1)
         + 1)),
    ('2022-02-18 12:38:38',
     FLOOR(RAND() * (1000 - 1 + 1) + 1),
     FLOOR(RAND() * (45 - 1 + 1)
         + 1)),
    ('2022-02-05 18:28:30',
     FLOOR(RAND() * (1000 - 1 + 1) + 1),
     FLOOR(RAND() * (45 - 1 + 1)
         + 1)),
    ('2022-02-28 13:31:05',
     FLOOR(RAND() * (1000 - 1 + 1) + 1),
     FLOOR(RAND() * (45 - 1 + 1)
         + 1)),
    ('2022-02-24 15:44:09',
     FLOOR(RAND() * (1000 - 1 + 1) + 1),
     FLOOR(RAND() * (45 - 1 + 1)
         + 1)),
    ('2022-03-23 08:31:55',
     FLOOR(RAND() * (1000 - 1 + 1) + 1),
     FLOOR(RAND() * (45 - 1 + 1)
         + 1)),
    ('2022-04-01 14:03:45',
     FLOOR(RAND() * (1000 - 1 + 1) + 1),
     FLOOR(RAND() * (45 - 1 + 1)
         + 1)),
    ('2022-04-03 16:23:54',
     FLOOR(RAND() * (1000 - 1 + 1) + 1),
     FLOOR(RAND() * (45 - 1 + 1)
         + 1)),
    ('2022-06-01 12:50:40',
     FLOOR(RAND() * (1000 - 1 + 1) + 1),
     FLOOR(RAND() * (45 - 1 + 1)
         + 1)),
    ('2022-06-10 23:07:38',
     FLOOR(RAND() * (1000 - 1 + 1) + 1),
     FLOOR(RAND() * (45 - 1 + 1)
         + 1)),
    ('2022-06-16 10:16:14',
     FLOOR(RAND() * (1000 - 1 + 1) + 1),
     FLOOR(RAND() * (45 - 1 + 1)
         + 1)),
    ('2022-01-09 23:10:57',
     FLOOR(RAND() * (1000 - 1 + 1) + 1),
     FLOOR(RAND() * (45 - 1 + 1)
         + 1)),
    ('2022-01-09 17:54:14',
     FLOOR(RAND() * (1000 - 1 + 1) + 1),
     FLOOR(RAND() * (45 - 1 + 1)
         + 1)),
    ('2022-06-23 13:38:01',
     FLOOR(RAND() * (1000 - 1 + 1) + 1),
     FLOOR(RAND() * (45 - 1 + 1)
         + 1)),
    ('2022-02-02 05:24:36',
     FLOOR(RAND() * (1000 - 1 + 1) + 1),
     FLOOR(RAND() * (45 - 1 + 1)
         + 1)),
    ('2022-03-30 10:16:27',
     FLOOR(RAND() * (1000 - 1 + 1) + 1),
     FLOOR(RAND() * (45 - 1 + 1)
         + 1)),
    ('2022-01-25 11:11:09',
     FLOOR(RAND() * (1000 - 1 + 1) + 1),
     FLOOR(RAND() * (45 - 1 + 1)
         + 1)),
    ('2022-04-18 11:40:09',
     FLOOR(RAND() * (1000 - 1 + 1) + 1),
     FLOOR(RAND() * (45 - 1 + 1)
         + 1)),
    ('2022-05-23 13:46:18',
     FLOOR(RAND() * (1000 - 1 + 1) + 1),
     FLOOR(RAND() * (45 - 1 + 1)
         + 1)),
    ('2022-03-07 17:15:23',
     FLOOR(RAND() * (1000 - 1 + 1) + 1),
     FLOOR(RAND() * (45 - 1 + 1)
         + 1)),
    ('2022-05-25 02:19:07',
     FLOOR(RAND() * (1000 - 1 + 1) + 1),
     FLOOR(RAND() * (45 - 1 + 1)
         + 1)),
    ('2022-02-28 20:48:03',
     FLOOR(RAND() * (1000 - 1 + 1) + 1),
     FLOOR(RAND() * (45 - 1 + 1)
         + 1)),
    ('2022-06-21 01:54:14',
     FLOOR(RAND() * (1000 - 1 + 1) + 1),
     FLOOR(RAND() * (45 - 1 + 1)
         + 1)),
    ('2022-02-07 02:41:35',
     FLOOR(RAND() * (1000 - 1 + 1) + 1),
     FLOOR(RAND() * (45 - 1 + 1)
         + 1)),
    ('2022-01-24 06:01:51',
     FLOOR(RAND() * (1000 - 1 + 1) + 1),
     FLOOR(RAND() * (45 - 1 + 1)
         + 1)),
    ('2022-02-20 12:04:58',
     FLOOR(RAND() * (1000 - 1 + 1) + 1),
     FLOOR(RAND() * (45 - 1 + 1)
         + 1)),
    ('2022-04-27 15:46:43',
     FLOOR(RAND() * (1000 - 1 + 1) + 1),
     FLOOR(RAND() * (45 - 1 + 1)
         + 1)),
    ('2022-01-11 02:10:33',
     FLOOR(RAND() * (1000 - 1 + 1) + 1),
     FLOOR(RAND() * (45 - 1 + 1)
         + 1)),
    ('2022-02-05 23:51:58',
     FLOOR(RAND() * (1000 - 1 + 1) + 1),
     FLOOR(RAND() * (45 - 1 + 1)
         + 1)),
    ('2022-04-11 12:29:07',
     FLOOR(RAND() * (1000 - 1 + 1) + 1),
     FLOOR(RAND() * (45 - 1 + 1)
         + 1)),
    ('2022-03-16 06:00:25',
     FLOOR(RAND() * (1000 - 1 + 1) + 1),
     FLOOR(RAND() * (45 - 1 + 1)
         + 1)),
    ('2022-04-21 20:42:19',
     FLOOR(RAND() * (1000 - 1 + 1) + 1),
     FLOOR(RAND() * (45 - 1 + 1)
         + 1)),
    ('2022-05-20 18:15:08',
     FLOOR(RAND() * (1000 - 1 + 1) + 1),
     FLOOR(RAND() * (45 - 1 + 1)
         + 1)),
    ('2022-04-08 04:09:41',
     FLOOR(RAND() * (1000 - 1 + 1) + 1),
     FLOOR(RAND() * (45 - 1 + 1)
         + 1)),
    ('2022-01-24 23:43:12',
     FLOOR(RAND() * (1000 - 1 + 1) + 1),
     FLOOR(RAND() * (45 - 1 + 1)
         + 1)),
    ('2022-02-11 14:23:55',
     FLOOR(RAND() * (1000 - 1 + 1) + 1),
     FLOOR(RAND() * (45 - 1 + 1)
         + 1)),
    ('2022-06-18 06:33:32',
     FLOOR(RAND() * (1000 - 1 + 1) + 1),
     FLOOR(RAND() * (45 - 1 + 1)
         + 1)),
    ('2022-03-28 17:51:07',
     FLOOR(RAND() * (1000 - 1 + 1) + 1),
     FLOOR(RAND() * (45 - 1 + 1)
         + 1)),
    ('2022-05-11 04:17:15',
     FLOOR(RAND() * (1000 - 1 + 1) + 1),
     FLOOR(RAND() * (45 - 1 + 1)
         + 1)),
    ('2022-04-30 06:35:15',
     FLOOR(RAND() * (1000 - 1 + 1) + 1),
     FLOOR(RAND() * (45 - 1 + 1)
         + 1)),
    ('2022-04-02 07:11:10',
     FLOOR(RAND() * (1000 - 1 + 1) + 1),
     FLOOR(RAND() * (45 - 1 + 1)
         + 1)),
    ('2022-03-17 11:27:36',
     FLOOR(RAND() * (1000 - 1 + 1) + 1),
     FLOOR(RAND() * (45 - 1 + 1)
         + 1)),
    ('2022-02-05 09:27:38',
     FLOOR(RAND() * (1000 - 1 + 1) + 1),
     FLOOR(RAND() * (45 - 1 + 1)
         + 1)),
    ('2022-04-26 20:38:53',
     FLOOR(RAND() * (1000 - 1 + 1) + 1),
     FLOOR(RAND() * (45 - 1 + 1)
         + 1)),
    ('2022-05-25 05:47:50',
     FLOOR(RAND() * (1000 - 1 + 1) + 1),
     FLOOR(RAND() * (45 - 1 + 1)
         + 1)),
    ('2022-02-02 13:59:47',
     FLOOR(RAND() * (1000 - 1 + 1) + 1),
     FLOOR(RAND() * (45 - 1 + 1)
         + 1)),
    ('2022-04-02 01:13:07',
     FLOOR(RAND() * (1000 - 1 + 1) + 1),
     FLOOR(RAND() * (45 - 1 + 1)
         + 1)),
    ('2022-04-09 16:57:24',
     FLOOR(RAND() * (1000 - 1 + 1) + 1),
     FLOOR(RAND() * (45 - 1 + 1)
         + 1)),
    ('2022-03-30 22:50:33',
     FLOOR(RAND() * (1000 - 1 + 1) + 1),
     FLOOR(RAND() * (45 - 1 + 1)
         + 1)),
    ('2022-02-02 12:34:56',
     FLOOR(RAND() * (1000 - 1 + 1) + 1),
     FLOOR(RAND() * (45 - 1 + 1)
         + 1)),
    ('2022-01-04 14:48:33',
     FLOOR(RAND() * (1000 - 1 + 1) + 1),
     FLOOR(RAND() * (45 - 1 + 1)
         + 1)),
    ('2022-02-12 12:23:27',
     FLOOR(RAND() * (1000 - 1 + 1) + 1),
     FLOOR(RAND() * (45 - 1 + 1)
         + 1)),
    ('2022-02-09 21:17:00',
     FLOOR(RAND() * (1000 - 1 + 1) + 1),
     FLOOR(RAND() * (45 - 1 + 1)
         + 1)),
    ('2022-01-24 03:01:40',
     FLOOR(RAND() * (1000 - 1 + 1) + 1),
     FLOOR(RAND() * (45 - 1 + 1)
         + 1)),
    ('2022-02-07 09:46:54',
     FLOOR(RAND() * (1000 - 1 + 1) + 1),
     FLOOR(RAND() * (45 - 1 + 1)
         + 1)),
    ('2022-05-18 03:41:51',
     FLOOR(RAND() * (1000 - 1 + 1) + 1),
     FLOOR(RAND() * (45 - 1 + 1)
         + 1)),
    ('2022-03-01 20:10:19',
     FLOOR(RAND() * (1000 - 1 + 1) + 1),
     FLOOR(RAND() * (45 - 1 + 1)
         + 1)),
    ('2022-04-06 06:42:15',
     FLOOR(RAND() * (1000 - 1 + 1) + 1),
     FLOOR(RAND() * (45 - 1 + 1)
         + 1)),
    ('2022-06-12 12:11:00',
     FLOOR(RAND() * (1000 - 1 + 1) + 1),
     FLOOR(RAND() * (45 - 1 + 1)
         + 1)),
    ('2022-04-03 08:58:05',
     FLOOR(RAND() * (1000 - 1 + 1) + 1),
     FLOOR(RAND() * (45 - 1 + 1)
         + 1)),
    ('2022-02-11 13:42:59',
     FLOOR(RAND() * (1000 - 1 + 1) + 1),
     FLOOR(RAND() * (45 - 1 + 1)
         + 1)),
    ('2022-06-27 00:53:10',
     FLOOR(RAND() * (1000 - 1 + 1) + 1),
     FLOOR(RAND() * (45 - 1 + 1)
         + 1)),
    ('2022-05-22 04:41:30',
     FLOOR(RAND() * (1000 - 1 + 1) + 1),
     FLOOR(RAND() * (45 - 1 + 1)
         + 1)),
    ('2022-05-16 10:57:04',
     FLOOR(RAND() * (1000 - 1 + 1) + 1),
     FLOOR(RAND() * (45 - 1 + 1)
         + 1)),
    ('2022-06-29 18:18:01',
     FLOOR(RAND() * (1000 - 1 + 1) + 1),
     FLOOR(RAND() * (45 - 1 + 1)
         + 1)),
    ('2022-02-10 19:35:47',
     FLOOR(RAND() * (1000 - 1 + 1) + 1),
     FLOOR(RAND() * (45 - 1 + 1)
         + 1)),
    ('2022-05-12 17:00:45',
     FLOOR(RAND() * (1000 - 1 + 1) + 1),
     FLOOR(RAND() * (45 - 1 + 1)
         + 1)),
    ('2022-02-14 05:47:30',
     FLOOR(RAND() * (1000 - 1 + 1) + 1),
     FLOOR(RAND() * (45 - 1 + 1)
         + 1)),
    ('2022-01-23 15:43:54',
     FLOOR(RAND() * (1000 - 1 + 1) + 1),
     FLOOR(RAND() * (45 - 1 + 1)
         + 1)),
    ('2022-05-01 19:29:14',
     FLOOR(RAND() * (1000 - 1 + 1) + 1),
     FLOOR(RAND() * (45 - 1 + 1)
         + 1)),
    ('2022-04-30 08:33:37',
     FLOOR(RAND() * (1000 - 1 + 1) + 1),
     FLOOR(RAND() * (45 - 1 + 1)
         + 1)),
    ('2022-02-05 15:39:54',
     FLOOR(RAND() * (1000 - 1 + 1) + 1),
     FLOOR(RAND() * (45 - 1 + 1)
         + 1)),
    ('2022-04-08 03:58:41',
     FLOOR(RAND() * (1000 - 1 + 1) + 1),
     FLOOR(RAND() * (45 - 1 + 1)
         + 1)),
    ('2022-04-16 16:57:57',
     FLOOR(RAND() * (1000 - 1 + 1) + 1),
     FLOOR(RAND() * (45 - 1 + 1)
         + 1)),
    ('2022-01-07 20:43:43',
     FLOOR(RAND() * (1000 - 1 + 1) + 1),
     FLOOR(RAND() * (45 - 1 + 1)
         + 1)),
    ('2022-05-21 17:23:09',
     FLOOR(RAND() * (1000 - 1 + 1) + 1),
     FLOOR(RAND() * (45 - 1 + 1)
         + 1)),
    ('2022-06-23 03:18:18',
     FLOOR(RAND() * (1000 - 1 + 1) + 1),
     FLOOR(RAND() * (45 - 1 + 1)
         + 1)),
    ('2022-01-04 20:37:10',
     FLOOR(RAND() * (1000 - 1 + 1) + 1),
     FLOOR(RAND() * (45 - 1 + 1)
         + 1)),
    ('2022-02-28 11:53:58',
     FLOOR(RAND() * (1000 - 1 + 1) + 1),
     FLOOR(RAND() * (45 - 1 + 1)
         + 1)),
    ('2022-03-25 12:00:50',
     FLOOR(RAND() * (1000 - 1 + 1) + 1),
     FLOOR(RAND() * (45 - 1 + 1)
         + 1)),
    ('2022-02-06 01:27:47',
     FLOOR(RAND() * (1000 - 1 + 1) + 1),
     FLOOR(RAND() * (45 - 1 + 1)
         + 1)),
    ('2022-05-22 23:46:17',
     FLOOR(RAND() * (1000 - 1 + 1) + 1),
     FLOOR(RAND() * (45 - 1 + 1)
         + 1)),
    ('2022-01-05 01:24:27',
     FLOOR(RAND() * (1000 - 1 + 1) + 1),
     FLOOR(RAND() * (45 - 1 + 1)
         + 1)),
    ('2022-06-13 11:07:21',
     FLOOR(RAND() * (1000 - 1 + 1) + 1),
     FLOOR(RAND() * (45 - 1 + 1)
         + 1)),
    ('2022-05-08 08:08:25',
     FLOOR(RAND() * (1000 - 1 + 1) + 1),
     FLOOR(RAND() * (45 - 1 + 1)
         + 1)),
    ('2022-06-20 05:30:56',
     FLOOR(RAND() * (1000 - 1 + 1) + 1),
     FLOOR(RAND() * (45 - 1 + 1)
         + 1)),
    ('2022-01-01 02:27:13',
     FLOOR(RAND() * (1000 - 1 + 1) + 1),
     FLOOR(RAND() * (45 - 1 + 1)
         + 1)),
    ('2022-02-21 12:17:44',
     FLOOR(RAND() * (1000 - 1 + 1) + 1),
     FLOOR(RAND() * (45 - 1 + 1)
         + 1)),
    ('2022-03-26 22:12:53',
     FLOOR(RAND() * (1000 - 1 + 1) + 1),
     FLOOR(RAND() * (45 - 1 + 1)
         + 1)),
    ('2022-03-27 12:36:31',
     FLOOR(RAND() * (1000 - 1 + 1) + 1),
     FLOOR(RAND() * (45 - 1 + 1)
         + 1)),
    ('2022-01-11 07:18:26',
     FLOOR(RAND() * (1000 - 1 + 1) + 1),
     FLOOR(RAND() * (45 - 1 + 1)
         + 1)),
    ('2022-01-21 22:44:34',
     FLOOR(RAND() * (1000 - 1 + 1) + 1),
     FLOOR(RAND() * (45 - 1 + 1)
         + 1)),
    ('2022-04-16 23:06:13',
     FLOOR(RAND() * (1000 - 1 + 1) + 1),
     FLOOR(RAND() * (45 - 1 + 1)
         + 1)),
    ('2022-05-21 10:59:12',
     FLOOR(RAND() * (1000 - 1 + 1) + 1),
     FLOOR(RAND() * (45 - 1 + 1)
         + 1)),
    ('2022-05-23 14:04:49',
     FLOOR(RAND() * (1000 - 1 + 1) + 1),
     FLOOR(RAND() * (45 - 1 + 1)
         + 1)),
    ('2022-06-17 15:56:55',
     FLOOR(RAND() * (1000 - 1 + 1) + 1),
     FLOOR(RAND() * (45 - 1 + 1)
         + 1)),
    ('2022-04-20 08:38:37',
     FLOOR(RAND() * (1000 - 1 + 1) + 1),
     FLOOR(RAND() * (45 - 1 + 1)
         + 1)),
    ('2022-06-26 18:32:00',
     FLOOR(RAND() * (1000 - 1 + 1) + 1),
     FLOOR(RAND() * (45 - 1 + 1)
         + 1)),
    ('2022-05-17 18:28:29',
     FLOOR(RAND() * (1000 - 1 + 1) + 1),
     FLOOR(RAND() * (45 - 1 + 1)
         + 1)),
    ('2022-06-19 07:06:09',
     FLOOR(RAND() * (1000 - 1 + 1) + 1),
     FLOOR(RAND() * (45 - 1 + 1)
         + 1)),
    ('2022-01-06 16:41:17',
     FLOOR(RAND() * (1000 - 1 + 1) + 1),
     FLOOR(RAND() * (45 - 1 + 1)
         + 1)),
    ('2022-02-09 04:39:15',
     FLOOR(RAND() * (1000 - 1 + 1) + 1),
     FLOOR(RAND() * (45 - 1 + 1)
         + 1)),
    ('2022-02-09 01:35:21',
     FLOOR(RAND() * (1000 - 1 + 1) + 1),
     FLOOR(RAND() * (45 - 1 + 1)
         + 1)),
    ('2022-06-20 03:33:21',
     FLOOR(RAND() * (1000 - 1 + 1) + 1),
     FLOOR(RAND() * (45 - 1 + 1)
         + 1)),
    ('2022-03-31 23:37:00',
     FLOOR(RAND() * (1000 - 1 + 1) + 1),
     FLOOR(RAND() * (45 - 1 + 1)
         + 1)),
    ('2022-06-25 09:40:45',
     FLOOR(RAND() * (1000 - 1 + 1) + 1),
     FLOOR(RAND() * (45 - 1 + 1)
         + 1)),
    ('2022-04-14 23:31:18',
     FLOOR(RAND() * (1000 - 1 + 1) + 1),
     FLOOR(RAND() * (45 - 1 + 1)
         + 1)),
    ('2022-05-04 14:38:33',
     FLOOR(RAND() * (1000 - 1 + 1) + 1),
     FLOOR(RAND() * (45 - 1 + 1)
         + 1)),
    ('2022-05-27 05:26:17',
     FLOOR(RAND() * (1000 - 1 + 1) + 1),
     FLOOR(RAND() * (45 - 1 + 1)
         + 1)),
    ('2022-03-15 22:00:09',
     FLOOR(RAND() * (1000 - 1 + 1) + 1),
     FLOOR(RAND() * (45 - 1 + 1)
         + 1)),
    ('2022-05-15 12:57:46',
     FLOOR(RAND() * (1000 - 1 + 1) + 1),
     FLOOR(RAND() * (45 - 1 + 1)
         + 1)),
    ('2022-02-16 20:35:09',
     FLOOR(RAND() * (1000 - 1 + 1) + 1),
     FLOOR(RAND() * (45 - 1 + 1)
         + 1)),
    ('2022-05-13 14:45:50',
     FLOOR(RAND() * (1000 - 1 + 1) + 1),
     FLOOR(RAND() * (45 - 1 + 1)
         + 1)),
    ('2022-06-01 04:49:31',
     FLOOR(RAND() * (1000 - 1 + 1) + 1),
     FLOOR(RAND() * (45 - 1 + 1)
         + 1)),
    ('2022-04-21 01:25:11',
     FLOOR(RAND() * (1000 - 1 + 1) + 1),
     FLOOR(RAND() * (45 - 1 + 1)
         + 1)),
    ('2022-02-22 17:07:06',
     FLOOR(RAND() * (1000 - 1 + 1) + 1),
     FLOOR(RAND() * (45 - 1 + 1)
         + 1)),
    ('2022-05-09 08:00:55',
     FLOOR(RAND() * (1000 - 1 + 1) + 1),
     FLOOR(RAND() * (45 - 1 + 1)
         + 1)),
    ('2022-04-10 19:34:48',
     FLOOR(RAND() * (1000 - 1 + 1) + 1),
     FLOOR(RAND() * (45 - 1 + 1)
         + 1)),
    ('2022-05-11 02:49:37',
     FLOOR(RAND() * (1000 - 1 + 1) + 1),
     FLOOR(RAND() * (45 - 1 + 1)
         + 1)),
    ('2022-05-26 11:54:09',
     FLOOR(RAND() * (1000 - 1 + 1) + 1),
     FLOOR(RAND() * (45 - 1 + 1)
         + 1)),
    ('2022-04-02 12:04:35',
     FLOOR(RAND() * (1000 - 1 + 1) + 1),
     FLOOR(RAND() * (45 - 1 + 1)
         + 1)),
    ('2022-05-30 20:14:06',
     FLOOR(RAND() * (1000 - 1 + 1) + 1),
     FLOOR(RAND() * (45 - 1 + 1)
         + 1)),
    ('2022-06-19 08:41:26',
     FLOOR(RAND() * (1000 - 1 + 1) + 1),
     FLOOR(RAND() * (45 - 1 + 1)
         + 1)),
    ('2022-06-03 12:21:17',
     FLOOR(RAND() * (1000 - 1 + 1) + 1),
     FLOOR(RAND() * (45 - 1 + 1)
         + 1)),
    ('2022-02-12 10:08:10',
     FLOOR(RAND() * (1000 - 1 + 1) + 1),
     FLOOR(RAND() * (45 - 1 + 1)
         + 1)),
    ('2022-02-04 10:36:57',
     FLOOR(RAND() * (1000 - 1 + 1) + 1),
     FLOOR(RAND() * (45 - 1 + 1)
         + 1)),
    ('2022-04-27 03:39:23',
     FLOOR(RAND() * (1000 - 1 + 1) + 1),
     FLOOR(RAND() * (45 - 1 + 1)
         + 1)),
    ('2022-02-23 15:38:01',
     FLOOR(RAND() * (1000 - 1 + 1) + 1),
     FLOOR(RAND() * (45 - 1 + 1)
         + 1)),
    ('2022-06-29 06:33:31',
     FLOOR(RAND() * (1000 - 1 + 1) + 1),
     FLOOR(RAND() * (45 - 1 + 1)
         + 1)),
    ('2022-05-10 00:09:15',
     FLOOR(RAND() * (1000 - 1 + 1) + 1),
     FLOOR(RAND() * (45 - 1 + 1)
         + 1)),
    ('2022-04-03 19:46:21',
     FLOOR(RAND() * (1000 - 1 + 1) + 1),
     FLOOR(RAND() * (45 - 1 + 1)
         + 1)),
    ('2022-02-07 01:46:24',
     FLOOR(RAND() * (1000 - 1 + 1) + 1),
     FLOOR(RAND() * (45 - 1 + 1)
         + 1)),
    ('2022-05-03 12:09:45',
     FLOOR(RAND() * (1000 - 1 + 1) + 1),
     FLOOR(RAND() * (45 - 1 + 1)
         + 1)),
    ('2022-04-30 06:29:23',
     FLOOR(RAND() * (1000 - 1 + 1) + 1),
     FLOOR(RAND() * (45 - 1 + 1)
         + 1)),
    ('2022-02-10 23:19:33',
     FLOOR(RAND() * (1000 - 1 + 1) + 1),
     FLOOR(RAND() * (45 - 1 + 1)
         + 1)),
    ('2022-05-11 03:54:50',
     FLOOR(RAND() * (1000 - 1 + 1) + 1),
     FLOOR(RAND() * (45 - 1 + 1)
         + 1)),
    ('2022-03-24 13:50:02',
     FLOOR(RAND() * (1000 - 1 + 1) + 1),
     FLOOR(RAND() * (45 - 1 + 1)
         + 1)),
    ('2022-01-09 08:56:44',
     FLOOR(RAND() * (1000 - 1 + 1) + 1),
     FLOOR(RAND() * (45 - 1 + 1)
         + 1)),
    ('2022-05-26 18:01:57',
     FLOOR(RAND() * (1000 - 1 + 1) + 1),
     FLOOR(RAND() * (45 - 1 + 1)
         + 1)),
    ('2022-05-18 03:49:04',
     FLOOR(RAND() * (1000 - 1 + 1) + 1),
     FLOOR(RAND() * (45 - 1 + 1)
         + 1)),
    ('2022-06-22 16:32:40',
     FLOOR(RAND() * (1000 - 1 + 1) + 1),
     FLOOR(RAND() * (45 - 1 + 1)
         + 1)),
    ('2022-04-21 22:08:20',
     FLOOR(RAND() * (1000 - 1 + 1) + 1),
     FLOOR(RAND() * (45 - 1 + 1)
         + 1)),
    ('2022-03-30 06:26:16',
     FLOOR(RAND() * (1000 - 1 + 1) + 1),
     FLOOR(RAND() * (45 - 1 + 1)
         + 1)),
    ('2022-01-11 06:26:07',
     FLOOR(RAND() * (1000 - 1 + 1) + 1),
     FLOOR(RAND() * (45 - 1 + 1)
         + 1)),
    ('2022-01-15 10:36:39',
     FLOOR(RAND() * (1000 - 1 + 1) + 1),
     FLOOR(RAND() * (45 - 1 + 1)
         + 1)),
    ('2022-02-08 07:11:08',
     FLOOR(RAND() * (1000 - 1 + 1) + 1),
     FLOOR(RAND() * (45 - 1 + 1)
         + 1)),
    ('2022-02-18 04:56:47',
     FLOOR(RAND() * (1000 - 1 + 1) + 1),
     FLOOR(RAND() * (45 - 1 + 1)
         + 1)),
    ('2022-03-12 13:40:13',
     FLOOR(RAND() * (1000 - 1 + 1) + 1),
     FLOOR(RAND() * (45 - 1 + 1)
         + 1)),
    ('2022-06-25 23:28:55',
     FLOOR(RAND() * (1000 - 1 + 1) + 1),
     FLOOR(RAND() * (45 - 1 + 1)
         + 1)),
    ('2022-04-02 00:40:10',
     FLOOR(RAND() * (1000 - 1 + 1) + 1),
     FLOOR(RAND() * (45 - 1 + 1)
         + 1)),
    ('2022-06-01 19:22:55',
     FLOOR(RAND() * (1000 - 1 + 1) + 1),
     FLOOR(RAND() * (45 - 1 + 1)
         + 1)),
    ('2022-02-05 18:54:44',
     FLOOR(RAND() * (1000 - 1 + 1) + 1),
     FLOOR(RAND() * (45 - 1 + 1)
         + 1)),
    ('2022-03-30 09:22:34',
     FLOOR(RAND() * (1000 - 1 + 1) + 1),
     FLOOR(RAND() * (45 - 1 + 1)
         + 1)),
    ('2022-01-21 22:47:21',
     FLOOR(RAND() * (1000 - 1 + 1) + 1),
     FLOOR(RAND() * (45 - 1 + 1)
         + 1)),
    ('2022-03-24 05:12:08',
     FLOOR(RAND() * (1000 - 1 + 1) + 1),
     FLOOR(RAND() * (45 - 1 + 1)
         + 1)),
    ('2022-05-14 07:30:28',
     FLOOR(RAND() * (1000 - 1 + 1) + 1),
     FLOOR(RAND() * (45 - 1 + 1)
         + 1)),
    ('2022-02-10 16:14:50',
     FLOOR(RAND() * (1000 - 1 + 1) + 1),
     FLOOR(RAND() * (45 - 1 + 1)
         + 1)),
    ('2022-03-26 22:10:52',
     FLOOR(RAND() * (1000 - 1 + 1) + 1),
     FLOOR(RAND() * (45 - 1 + 1)
         + 1)),
    ('2022-06-16 19:56:05',
     FLOOR(RAND() * (1000 - 1 + 1) + 1),
     FLOOR(RAND() * (45 - 1 + 1)
         + 1)),
    ('2022-02-26 21:52:23',
     FLOOR(RAND() * (1000 - 1 + 1) + 1),
     FLOOR(RAND() * (45 - 1 + 1)
         + 1)),
    ('2022-03-23 02:22:19',
     FLOOR(RAND() * (1000 - 1 + 1) + 1),
     FLOOR(RAND() * (45 - 1 + 1)
         + 1)),
    ('2022-03-26 15:10:04',
     FLOOR(RAND() * (1000 - 1 + 1) + 1),
     FLOOR(RAND() * (45 - 1 + 1)
         + 1)),
    ('2022-02-01 21:22:34',
     FLOOR(RAND() * (1000 - 1 + 1) + 1),
     FLOOR(RAND() * (45 - 1 + 1)
         + 1)),
    ('2022-04-05 07:36:06',
     FLOOR(RAND() * (1000 - 1 + 1) + 1),
     FLOOR(RAND() * (45 - 1 + 1)
         + 1)),
    ('2022-04-19 00:57:15',
     FLOOR(RAND() * (1000 - 1 + 1) + 1),
     FLOOR(RAND() * (45 - 1 + 1)
         + 1)),
    ('2022-06-14 06:14:52',
     FLOOR(RAND() * (1000 - 1 + 1) + 1),
     FLOOR(RAND() * (45 - 1 + 1)
         + 1)),
    ('2022-02-07 12:51:09',
     FLOOR(RAND() * (1000 - 1 + 1) + 1),
     FLOOR(RAND() * (45 - 1 + 1)
         + 1)),
    ('2022-02-08 15:15:34',
     FLOOR(RAND() * (1000 - 1 + 1) + 1),
     FLOOR(RAND() * (45 - 1 + 1)
         + 1)),
    ('2022-02-02 14:19:38',
     FLOOR(RAND() * (1000 - 1 + 1) + 1),
     FLOOR(RAND() * (45 - 1 + 1)
         + 1)),
    ('2022-01-30 14:33:52',
     FLOOR(RAND() * (1000 - 1 + 1) + 1),
     FLOOR(RAND() * (45 - 1 + 1)
         + 1)),
    ('2022-01-25 14:44:06',
     FLOOR(RAND() * (1000 - 1 + 1) + 1),
     FLOOR(RAND() * (45 - 1 + 1)
         + 1)),
    ('2022-01-28 04:06:56',
     FLOOR(RAND() * (1000 - 1 + 1) + 1),
     FLOOR(RAND() * (45 - 1 + 1)
         + 1)),
    ('2022-01-13 00:42:03',
     FLOOR(RAND() * (1000 - 1 + 1) + 1),
     FLOOR(RAND() * (45 - 1 + 1)
         + 1)),
    ('2022-04-30 09:06:45',
     FLOOR(RAND() * (1000 - 1 + 1) + 1),
     FLOOR(RAND() * (45 - 1 + 1)
         + 1)),
    ('2022-06-04 19:05:55',
     FLOOR(RAND() * (1000 - 1 + 1) + 1),
     FLOOR(RAND() * (45 - 1 + 1)
         + 1)),
    ('2022-01-07 05:57:55',
     FLOOR(RAND() * (1000 - 1 + 1) + 1),
     FLOOR(RAND() * (45 - 1 + 1)
         + 1)),
    ('2022-06-21 15:28:45',
     FLOOR(RAND() * (1000 - 1 + 1) + 1),
     FLOOR(RAND() * (45 - 1 + 1)
         + 1)),
    ('2022-02-14 17:45:11',
     FLOOR(RAND() * (1000 - 1 + 1) + 1),
     FLOOR(RAND() * (45 - 1 + 1)
         + 1)),
    ('2022-03-17 21:14:06',
     FLOOR(RAND() * (1000 - 1 + 1) + 1),
     FLOOR(RAND() * (45 - 1 + 1)
         + 1)),
    ('2022-06-03 07:07:18',
     FLOOR(RAND() * (1000 - 1 + 1) + 1),
     FLOOR(RAND() * (45 - 1 + 1)
         + 1)),
    ('2022-01-01 05:26:49',
     FLOOR(RAND() * (1000 - 1 + 1) + 1),
     FLOOR(RAND() * (45 - 1 + 1)
         + 1)),
    ('2022-05-06 10:54:56',
     FLOOR(RAND() * (1000 - 1 + 1) + 1),
     FLOOR(RAND() * (45 - 1 + 1)
         + 1)),
    ('2022-02-08 04:08:33',
     FLOOR(RAND() * (1000 - 1 + 1) + 1),
     FLOOR(RAND() * (45 - 1 + 1)
         + 1)),
    ('2022-06-15 03:05:00',
     FLOOR(RAND() * (1000 - 1 + 1) + 1),
     FLOOR(RAND() * (45 - 1 + 1)
         + 1)),
    ('2022-04-20 19:05:16',
     FLOOR(RAND() * (1000 - 1 + 1) + 1),
     FLOOR(RAND() * (45 - 1 + 1)
         + 1)),
    ('2022-02-23 08:25:29',
     FLOOR(RAND() * (1000 - 1 + 1) + 1),
     FLOOR(RAND() * (45 - 1 + 1)
         + 1)),
    ('2022-01-10 21:28:42',
     FLOOR(RAND() * (1000 - 1 + 1) + 1),
     FLOOR(RAND() * (45 - 1 + 1)
         + 1)),
    ('2022-06-01 11:51:24',
     FLOOR(RAND() * (1000 - 1 + 1) + 1),
     FLOOR(RAND() * (45 - 1 + 1)
         + 1)),
    ('2022-04-27 01:34:17',
     FLOOR(RAND() * (1000 - 1 + 1) + 1),
     FLOOR(RAND() * (45 - 1 + 1)
         + 1)),
    ('2022-05-06 09:04:18',
     FLOOR(RAND() * (1000 - 1 + 1) + 1),
     FLOOR(RAND() * (45 - 1 + 1)
         + 1)),
    ('2022-02-19 23:07:25',
     FLOOR(RAND() * (1000 - 1 + 1) + 1),
     FLOOR(RAND() * (45 - 1 + 1)
         + 1)),
    ('2022-02-11 13:40:23',
     FLOOR(RAND() * (1000 - 1 + 1) + 1),
     FLOOR(RAND() * (45 - 1 + 1)
         + 1)),
    ('2022-03-11 15:58:29',
     FLOOR(RAND() * (1000 - 1 + 1) + 1),
     FLOOR(RAND() * (45 - 1 + 1)
         + 1)),
    ('2022-04-06 19:37:21',
     FLOOR(RAND() * (1000 - 1 + 1) + 1),
     FLOOR(RAND() * (45 - 1 + 1)
         + 1)),
    ('2022-04-11 12:58:33',
     FLOOR(RAND() * (1000 - 1 + 1) + 1),
     FLOOR(RAND() * (45 - 1 + 1)
         + 1)),
    ('2022-04-20 17:17:47',
     FLOOR(RAND() * (1000 - 1 + 1) + 1),
     FLOOR(RAND() * (45 - 1 + 1)
         + 1)),
    ('2022-03-04 06:56:08',
     FLOOR(RAND() * (1000 - 1 + 1) + 1),
     FLOOR(RAND() * (45 - 1 + 1)
         + 1)),
    ('2022-04-15 01:44:21',
     FLOOR(RAND() * (1000 - 1 + 1) + 1),
     FLOOR(RAND() * (45 - 1 + 1)
         + 1)),
    ('2022-06-29 18:18:54',
     FLOOR(RAND() * (1000 - 1 + 1) + 1),
     FLOOR(RAND() * (45 - 1 + 1)
         + 1)),
    ('2022-04-07 19:26:51',
     FLOOR(RAND() * (1000 - 1 + 1) + 1),
     FLOOR(RAND() * (45 - 1 + 1)
         + 1)),
    ('2022-03-23 13:29:26',
     FLOOR(RAND() * (1000 - 1 + 1) + 1),
     FLOOR(RAND() * (45 - 1 + 1)
         + 1)),
    ('2022-06-16 05:44:35',
     FLOOR(RAND() * (1000 - 1 + 1) + 1),
     FLOOR(RAND() * (45 - 1 + 1)
         + 1)),
    ('2022-02-04 01:25:31',
     FLOOR(RAND() * (1000 - 1 + 1) + 1),
     FLOOR(RAND() * (45 - 1 + 1)
         + 1)),
    ('2022-04-10 06:10:21',
     FLOOR(RAND() * (1000 - 1 + 1) + 1),
     FLOOR(RAND() * (45 - 1 + 1)
         + 1)),
    ('2022-06-25 16:30:45',
     FLOOR(RAND() * (1000 - 1 + 1) + 1),
     FLOOR(RAND() * (45 - 1 + 1)
         + 1)),
    ('2022-05-16 07:42:53',
     FLOOR(RAND() * (1000 - 1 + 1) + 1),
     FLOOR(RAND() * (45 - 1 + 1)
         + 1)),
    ('2022-05-15 23:59:21',
     FLOOR(RAND() * (1000 - 1 + 1) + 1),
     FLOOR(RAND() * (45 - 1 + 1)
         + 1)),
    ('2022-04-11 01:28:14',
     FLOOR(RAND() * (1000 - 1 + 1) + 1),
     FLOOR(RAND() * (45 - 1 + 1)
         + 1)),
    ('2022-02-06 19:24:05',
     FLOOR(RAND() * (1000 - 1 + 1) + 1),
     FLOOR(RAND() * (45 - 1 + 1)
         + 1)),
    ('2022-04-08 18:25:38',
     FLOOR(RAND() * (1000 - 1 + 1) + 1),
     FLOOR(RAND() * (45 - 1 + 1)
         + 1)),
    ('2022-03-01 10:49:54',
     FLOOR(RAND() * (1000 - 1 + 1) + 1),
     FLOOR(RAND() * (45 - 1 + 1)
         + 1)),
    ('2022-02-24 04:39:54',
     FLOOR(RAND() * (1000 - 1 + 1) + 1),
     FLOOR(RAND() * (45 - 1 + 1)
         + 1)),
    ('2022-04-09 04:36:45',
     FLOOR(RAND() * (1000 - 1 + 1) + 1),
     FLOOR(RAND() * (45 - 1 + 1)
         + 1)),
    ('2022-02-12 14:46:25',
     FLOOR(RAND() * (1000 - 1 + 1) + 1),
     FLOOR(RAND() * (45 - 1 + 1)
         + 1)),
    ('2022-06-25 23:26:35',
     FLOOR(RAND() * (1000 - 1 + 1) + 1),
     FLOOR(RAND() * (45 - 1 + 1)
         + 1)),
    ('2022-04-29 03:27:19',
     FLOOR(RAND() * (1000 - 1 + 1) + 1),
     FLOOR(RAND() * (45 - 1 + 1)
         + 1)),
    ('2022-05-20 04:18:01',
     FLOOR(RAND() * (1000 - 1 + 1) + 1),
     FLOOR(RAND() * (45 - 1 + 1)
         + 1)),
    ('2022-02-04 21:49:20',
     FLOOR(RAND() * (1000 - 1 + 1) + 1),
     FLOOR(RAND() * (45 - 1 + 1)
         + 1)),
    ('2022-04-19 15:09:00',
     FLOOR(RAND() * (1000 - 1 + 1) + 1),
     FLOOR(RAND() * (45 - 1 + 1)
         + 1)),
    ('2022-05-26 01:38:38',
     FLOOR(RAND() * (1000 - 1 + 1) + 1),
     FLOOR(RAND() * (45 - 1 + 1)
         + 1)),
    ('2022-03-30 10:08:16',
     FLOOR(RAND() * (1000 - 1 + 1) + 1),
     FLOOR(RAND() * (45 - 1 + 1)
         + 1)),
    ('2022-01-11 13:51:40',
     FLOOR(RAND() * (1000 - 1 + 1) + 1),
     FLOOR(RAND() * (45 - 1 + 1)
         + 1)),
    ('2022-05-01 10:28:58',
     FLOOR(RAND() * (1000 - 1 + 1) + 1),
     FLOOR(RAND() * (45 - 1 + 1)
         + 1)),
    ('2022-06-06 09:27:31',
     FLOOR(RAND() * (1000 - 1 + 1) + 1),
     FLOOR(RAND() * (45 - 1 + 1)
         + 1)),
    ('2022-05-27 23:43:43',
     FLOOR(RAND() * (1000 - 1 + 1) + 1),
     FLOOR(RAND() * (45 - 1 + 1)
         + 1)),
    ('2022-01-01 12:35:49',
     FLOOR(RAND() * (1000 - 1 + 1) + 1),
     FLOOR(RAND() * (45 - 1 + 1)
         + 1)),
    ('2022-05-19 04:51:06',
     FLOOR(RAND() * (1000 - 1 + 1) + 1),
     FLOOR(RAND() * (45 - 1 + 1)
         + 1)),
    ('2022-04-24 02:35:16',
     FLOOR(RAND() * (1000 - 1 + 1) + 1),
     FLOOR(RAND() * (45 - 1 + 1)
         + 1)),
    ('2022-03-19 16:01:14',
     FLOOR(RAND() * (1000 - 1 + 1) + 1),
--     FLOOR(RAND() * (45 - 1 + 1)
--         + 1)),
     46),
    ('2022-02-14 05:36:25',
     FLOOR(RAND() * (1000 - 1 + 1) + 1),
     FLOOR(RAND() * (45 - 1 + 1)
         + 1)),
    ('2022-02-28 13:04:31',
     FLOOR(RAND() * (1000 - 1 + 1) + 1),
     FLOOR(RAND() * (45 - 1 + 1)
         + 1)),
    ('2022-02-19 20:20:02',
     FLOOR(RAND() * (1000 - 1 + 1) + 1),
     FLOOR(RAND() * (45 - 1 + 1)
         + 1)),
    ('2022-06-14 08:12:17',
     FLOOR(RAND() * (1000 - 1 + 1) + 1),
     FLOOR(RAND() * (45 - 1 + 1)
         + 1)),
    ('2022-01-23 15:48:02',
     FLOOR(RAND() * (1000 - 1 + 1) + 1),
     FLOOR(RAND() * (45 - 1 + 1)
         + 1)),
    ('2022-04-28 03:35:21',
     FLOOR(RAND() * (1000 - 1 + 1) + 1),
     FLOOR(RAND() * (45 - 1 + 1)
         + 1)),
    ('2022-02-17 08:38:05',
     FLOOR(RAND() * (1000 - 1 + 1) + 1),
     FLOOR(RAND() * (45 - 1 + 1)
         + 1)),
    ('2022-03-27 10:56:41',
     FLOOR(RAND() * (1000 - 1 + 1) + 1),
     FLOOR(RAND() * (45 - 1 + 1)
         + 1)),
    ('2022-01-07 05:33:07',
     FLOOR(RAND() * (1000 - 1 + 1) + 1),
     FLOOR(RAND() * (45 - 1 + 1)
         + 1)),
    ('2022-02-20 08:42:06',
     FLOOR(RAND() * (1000 - 1 + 1) + 1),
     FLOOR(RAND() * (45 - 1 + 1)
         + 1)),
    ('2022-01-18 12:53:50',
     FLOOR(RAND() * (1000 - 1 + 1) + 1),
     FLOOR(RAND() * (45 - 1 + 1)
         + 1)),
    ('2022-01-04 09:19:14',
     FLOOR(RAND() * (1000 - 1 + 1) + 1),
     FLOOR(RAND() * (45 - 1 + 1)
         + 1)),
    ('2022-03-24 03:16:39',
     FLOOR(RAND() * (1000 - 1 + 1) + 1),
     FLOOR(RAND() * (45 - 1 + 1)
         + 1)),
    ('2022-04-29 16:31:26',
     FLOOR(RAND() * (1000 - 1 + 1) + 1),
     FLOOR(RAND() * (45 - 1 + 1)
         + 1)),
    ('2022-04-16 00:48:40',
     FLOOR(RAND() * (1000 - 1 + 1) + 1),
     FLOOR(RAND() * (45 - 1 + 1)
         + 1)),
    ('2022-01-21 02:15:32',
     FLOOR(RAND() * (1000 - 1 + 1) + 1),
     FLOOR(RAND() * (45 - 1 + 1)
         + 1)),
    ('2022-04-23 13:59:26',
     FLOOR(RAND() * (1000 - 1 + 1) + 1),
     FLOOR(RAND() * (45 - 1 + 1)
         + 1)),
    ('2022-02-22 19:48:43',
     FLOOR(RAND() * (1000 - 1 + 1) + 1),
     FLOOR(RAND() * (45 - 1 + 1)
         + 1)),
    ('2022-01-30 12:43:10',
     FLOOR(RAND() * (1000 - 1 + 1) + 1),
     FLOOR(RAND() * (45 - 1 + 1)
         + 1)),
    ('2022-04-27 20:26:09',
     FLOOR(RAND() * (1000 - 1 + 1) + 1),
     FLOOR(RAND() * (45 - 1 + 1)
         + 1)),
    ('2022-06-17 05:15:47',
     FLOOR(RAND() * (1000 - 1 + 1) + 1),
     FLOOR(RAND() * (45 - 1 + 1)
         + 1)),
    ('2022-03-20 02:03:43',
     FLOOR(RAND() * (1000 - 1 + 1) + 1),
     FLOOR(RAND() * (45 - 1 + 1)
         + 1)),
    ('2022-06-27 19:11:21',
     FLOOR(RAND() * (1000 - 1 + 1) + 1),
     FLOOR(RAND() * (45 - 1 + 1)
         + 1)),
    ('2022-02-13 17:31:10',
     FLOOR(RAND() * (1000 - 1 + 1) + 1),
     FLOOR(RAND() * (45 - 1 + 1)
         + 1)),
    ('2022-02-05 13:30:03',
     FLOOR(RAND() * (1000 - 1 + 1) + 1),
     FLOOR(RAND() * (45 - 1 + 1)
         + 1)),
    ('2022-03-03 12:40:54',
     FLOOR(RAND() * (1000 - 1 + 1) + 1),
     FLOOR(RAND() * (45 - 1 + 1)
         + 1)),
    ('2022-02-26 15:48:11',
     FLOOR(RAND() * (1000 - 1 + 1) + 1),
     FLOOR(RAND() * (45 - 1 + 1)
         + 1)),
    ('2022-05-17 17:46:29',
     FLOOR(RAND() * (1000 - 1 + 1) + 1),
     FLOOR(RAND() * (45 - 1 + 1)
         + 1)),
    ('2022-06-22 11:36:50',
     FLOOR(RAND() * (1000 - 1 + 1) + 1),
     FLOOR(RAND() * (45 - 1 + 1)
         + 1)),
    ('2022-01-01 01:19:22',
     FLOOR(RAND() * (1000 - 1 + 1) + 1),
     FLOOR(RAND() * (45 - 1 + 1)
         + 1)),
    ('2022-01-29 02:48:47',
     FLOOR(RAND() * (1000 - 1 + 1) + 1),
     FLOOR(RAND() * (45 - 1 + 1)
         + 1)),
    ('2022-05-14 11:42:21',
     FLOOR(RAND() * (1000 - 1 + 1) + 1),
     FLOOR(RAND() * (45 - 1 + 1)
         + 1)),
    ('2022-02-10 23:47:32',
     FLOOR(RAND() * (1000 - 1 + 1) + 1),
     FLOOR(RAND() * (45 - 1 + 1)
         + 1)),
    ('2022-05-13 09:59:50',
     FLOOR(RAND() * (1000 - 1 + 1) + 1),
     FLOOR(RAND() * (45 - 1 + 1)
         + 1)),
    ('2022-05-15 13:49:23',
     FLOOR(RAND() * (1000 - 1 + 1) + 1),
     FLOOR(RAND() * (45 - 1 + 1)
         + 1)),
    ('2022-05-17 09:52:05',
     FLOOR(RAND() * (1000 - 1 + 1) + 1),
     FLOOR(RAND() * (45 - 1 + 1)
         + 1)),
    ('2022-04-16 07:55:55',
     FLOOR(RAND() * (1000 - 1 + 1) + 1),
     FLOOR(RAND() * (45 - 1 + 1)
         + 1)),
    ('2022-01-29 02:22:08',
     FLOOR(RAND() * (1000 - 1 + 1) + 1),
     FLOOR(RAND() * (45 - 1 + 1)
         + 1)),
    ('2022-04-10 22:06:18',
     FLOOR(RAND() * (1000 - 1 + 1) + 1),
     FLOOR(RAND() * (45 - 1 + 1)
         + 1)),
    ('2022-06-04 02:44:31',
     FLOOR(RAND() * (1000 - 1 + 1) + 1),
     FLOOR(RAND() * (45 - 1 + 1)
         + 1)),
    ('2022-02-13 03:05:42',
     FLOOR(RAND() * (1000 - 1 + 1) + 1),
     FLOOR(RAND() * (45 - 1 + 1)
         + 1)),
    ('2022-04-04 06:51:52',
     FLOOR(RAND() * (1000 - 1 + 1) + 1),
     FLOOR(RAND() * (45 - 1 + 1)
         + 1)),
    ('2022-02-02 09:10:23',
     FLOOR(RAND() * (1000 - 1 + 1) + 1),
     FLOOR(RAND() * (45 - 1 + 1)
         + 1)),
    ('2022-06-22 03:27:36',
     FLOOR(RAND() * (1000 - 1 + 1) + 1),
     FLOOR(RAND() * (45 - 1 + 1)
         + 1));

-- запросы
-- тип пакета, которого подключено больше всего на текущую дату
SELECT
    spt.type,
    COUNT(sp.sp_type_id) AS 'count'
  FROM service_package_sales         sps
           JOIN service_package      sp
                ON sps.sp_id = sp.sp_id
           JOIN service_package_type spt
                ON sp.sp_type_id = spt.sp_type_id
 GROUP BY spt.type
 ORDER BY count DESC
 LIMIT 1;

-- Вывести топ 20 пакетов, которые чаще всего подключают
-- (помесячно, за последние 3 месяца)
  WITH last_3month_sales AS (
      SELECT
          MONTH(sps.sale_date)             AS month_num,
          DATE_FORMAT(sps.sale_date, '%M') AS month_name,
          sps.sp_id,
          COUNT(*)                         AS sale_count,
          RANK() OVER (
              PARTITION BY MONTH(sps.sale_date)
              ORDER BY COUNT(*) DESC
              )                            AS sales_rank,
          ROW_NUMBER() OVER (
              PARTITION BY MONTH(sps.sale_date)
              ORDER BY COUNT(*) DESC
              )                            AS row_num
        FROM service_package_sales sps
       WHERE MONTH(sps.sale_date)
           BETWEEN MONTH(CURRENT_DATE - INTERVAL 3 MONTH)
           AND MONTH(CURRENT_DATE - INTERVAL 1 MONTH)
       GROUP BY MONTH(sps.sale_date),
           DATE_FORMAT(sps.sale_date, '%M'),
           sps.sp_id
       ORDER BY month_num,
           month_name,
           row_num,
           sales_rank)
SELECT
    l3ms.month_name,
    sp.name,
    l3ms.sale_count
--    l3ms.sales_rank,
--    l3ms.row_num
  FROM last_3month_sales             l3ms
           LEFT JOIN service_package sp
                     ON sp.sp_id = l3ms.sp_id
-- Строгий ТОП20 по кол-ву
 WHERE row_num <= 20;
-- Топ 20 по рангу
-- WHERE l3ms.sales_rank <= 20;

-- Вывести список пакетов, которые никогда не подключались.
SELECT
    sp.name
  FROM service_package sp
 WHERE sp.sp_id NOT IN (
     SELECT DISTINCT sps.sp_id
       FROM service_package_sales sps);

-- Вывести список пакетов, которые были подключены в марте этого года, но
-- ни разу не подключались в апреле этого года.
SELECT
     sp.name
  FROM service_package_sales sps
  LEFT JOIN service_package sp ON sp.sp_id = sps.sp_id
 WHERE MONTH(sps.sale_date) = 3
   AND sps.sp_id NOT IN (
       SELECT
           DISTINCT sps_2.sp_id
         FROM service_package_sales sps_2
        WHERE MONTH(sps_2.sale_date) = 4
     );

-- По каждому типу пакета вывести top 20 пользователей, которые подключили
-- больше всего пакетов из этой группы за последний месяц.
  WITH top20_clients AS
      (
          SELECT
              spt.sp_type_id,
              sps.client_id,
              COUNT(*) AS sale_count,
              RANK() OVER (
                  PARTITION BY spt.sp_type_id
                  ORDER BY spt.sp_type_id, COUNT(*) DESC
                  )    AS client_rank,
              ROW_NUMBER() OVER (
                  PARTITION BY spt.sp_type_id
                  ORDER BY spt.sp_type_id, COUNT(*) DESC
                  )    AS row_num
            FROM service_package_sales         sps
                     JOIN service_package      sp
                          ON sp.sp_id = sps.sp_id
                     JOIN service_package_type spt
                          ON spt.sp_type_id = sp.sp_type_id
           WHERE MONTH(sps.sale_date) = MONTH(CURRENT_DATE - INTERVAL 1 MONTH )
           GROUP BY spt.sp_type_id,
               sps.client_id
           ORDER BY spt.sp_type_id,
               client_rank,
               row_num,
               sale_count DESC,
               sps.client_id)
SELECT
    spt.type,
    CONCAT_WS(' ', c.first_name, c.last_name) AS client_name,
    tc.sale_count,
    tc.client_rank,
    tc.row_num
  FROM top20_clients tc
  LEFT JOIN service_package_type spt USING (sp_type_id)
  LEFT JOIN client c USING (client_id)
-- Строго топ20 по кол-ву
 WHERE tc.row_num <= 20;
-- Топ20 по рангу
-- WHERE tc.client_rank <= 20;


-- В текстовом поле Т есть дубли, которые надо удалить из таблицы.
-- Напишите запрос для их удаления (удалить надо только дублирующую строку, т.е.
-- одно значение оставить)

DROP TABLE IF EXISTS sample_text_duplicates;
CREATE TABLE IF NOT EXISTS sample_text_duplicates (
    id INT AUTO_INCREMENT PRIMARY KEY,
    st VARCHAR(3) NOT NULL
);

INSERT INTO sample_text_duplicates
VALUES
    (1, 'wnz'),
    (2, 'jrg'),
    (3, 'nmg'),
    (4, 'vje'),
    (5, 'fqf'),
    (6, 'vis'),
    (7, 'pdq'),
    (8, 'wgd'),
    (9, 'vpq'),
    (10, 'cbr'),
    (11, 'tuj'),
    (12, 'nql'),
    (13, 'zmv'),
    (14, 'pwh'),
    (15, 'dud'),
    (16, 'rfs'),
    (17, 'zeq'),
    (18, 'cvt'),
    (19, 'iiu'),
    (20, 'sdz'),
    (21, 'hme'),
    (22, 'ian'),
    (23, 'mnv'),
    (24, 'vrh'),
    (25, 'orj'),
    (26, 'wkr'),
    (27, 'zdh'),
    (28, 'fhw'),
    (29, 'tnd'),
    (30, 'xyl'),
    (31, 'arr'),
    (32, 'urg'),
    (33, 'ysd'),
    (34, 'qfp'),
    (35, 'onp'),
    (36, 'kls'),
    (37, 'taq'),
    (38, 'svy'),
    (39, 'obb'),
    (40, 'mgg'),
    (41, 'wrv'),
    (42, 'vhm'),
    (43, 'rcd'),
    (44, 'ewz'),
    (45, 'xpl'),
    (46, 'yov'),
    (47, 'znz'),
    (48, 'opo'),
    (49, 'nzy'),
    (50, 'gjm'),
    (51, 'uhf'),
    (52, 'apo'),
    (53, 'mzx'),
    (54, 'kem'),
    (55, 'fvo'),
    (56, 'xkm'),
    (57, 'jin'),
    (58, 'mhf'),
    (59, 'pqw'),
    (60, 'aby'),
    (61, 'qug'),
    (62, 'cjg'),
    (63, 'fau'),
    (64, 'oyp'),
    (65, 'ktl'),
    (66, 'vlx'),
    (67, 'nbs'),
    (68, 'xqb'),
    (69, 'hvw'),
    (70, 'aha'),
    (71, 'jpq'),
    (72, 'lwp'),
    (73, 'ugv'),
    (74, 'ule'),
    (75, 'aiy'),
    (76, 'cwb'),
    (77, 'vav'),
    (78, 'mwl'),
    (79, 'bql'),
    (80, 'mwj'),
    (81, 'bzm'),
    (82, 'ykl'),
    (83, 'mxl'),
    (84, 'jns'),
    (85, 'lto'),
    (86, 'eqn'),
    (87, 'pxs'),
    (88, 'ale'),
    (89, 'ijv'),
    (90, 'zjl'),
    (91, 'xox'),
    (92, 'xsy'),
    (93, 'ofq'),
    (94, 'hhx'),
    (95, 'ywn'),
    (96, 'gtb'),
    (97, 'ggg'),
    (98, 'kvo'),
    (99, 'jvj'),
    (100, 'fgf'),
    (101, 'rxx'),
    (102, 'rur'),
    (103, 'vqb'),
    (104, 'yqm'),
    (105, 'tsy'),
    (106, 'ccc'),
    (107, 'dab'),
    (108, 'jad'),
    (109, 'bhg'),
    (110, 'stn'),
    (111, 'hti'),
    (112, 'vzz'),
    (113, 'ttn'),
    (114, 'qso'),
    (115, 'zru'),
    (116, 'ipa'),
    (117, 'yxb'),
    (118, 'fae'),
    (119, 'gxw'),
    (120, 'vnc'),
    (121, 'htq'),
    (122, 'wcs'),
    (123, 'oep'),
    (124, 'wpd'),
    (125, 'ibg'),
    (126, 'ods'),
    (127, 'hks'),
    (128, 'bkr'),
    (129, 'fqz'),
    (130, 'okx'),
    (131, 'nej'),
    (132, 'pgd'),
    (133, 'skv'),
    (134, 'cbc'),
    (135, 'ugi'),
    (136, 'ssi'),
    (137, 'nhv'),
    (138, 'cap'),
    (139, 'nzb'),
    (140, 'qhu'),
    (141, 'kkw'),
    (142, 'ijf'),
    (143, 'sqy'),
    (144, 'quw'),
    (145, 'hik'),
    (146, 'yrx'),
    (147, 'mav'),
    (148, 'ayl'),
    (149, 'pia'),
    (150, 'hay'),
    (151, 'yic'),
    (152, 'mvl'),
    (153, 'sec'),
    (154, 'eib'),
    (155, 'uxz'),
    (156, 'rim'),
    (157, 'irx'),
    (158, 'ymd'),
    (159, 'yki'),
    (160, 'sqo'),
    (161, 'pgx'),
    (162, 'kri'),
    (163, 'zaw'),
    (164, 'ula'),
    (165, 'wbl'),
    (166, 'wga'),
    (167, 'iuz'),
    (168, 'aka'),
    (169, 'onb'),
    (170, 'rzs'),
    (171, 'qxy'),
    (172, 'zfp'),
    (173, 'mct'),
    (174, 'gnn'),
    (175, 'xyj'),
    (176, 'kfd'),
    (177, 'uto'),
    (178, 'mqt'),
    (179, 'tqh'),
    (180, 'evn'),
    (181, 'zgj'),
    (182, 'vqv'),
    (183, 'cce'),
    (184, 'zcy'),
    (185, 'cdz'),
    (186, 'dbm'),
    (187, 'vzu'),
    (188, 'ftk'),
    (189, 'djp'),
    (190, 'ewl'),
    (191, 'soz'),
    (192, 'wkv'),
    (193, 'qou'),
    (194, 'ghd'),
    (195, 'aip'),
    (196, 'zpl'),
    (197, 'vqh'),
    (198, 'mgh'),
    (199, 'xyp'),
    (200, 'imm'),
    (201, 'dgn'),
    (202, 'qwn'),
    (203, 'yic'),
    (204, 'ceb'),
    (205, 'gzo'),
    (206, 'fra'),
    (207, 'eoq'),
    (208, 'ssh'),
    (209, 'kwj'),
    (210, 'rzk'),
    (211, 'vwx'),
    (212, 'jjy'),
    (213, 'eas'),
    (214, 'umr'),
    (215, 'suw'),
    (216, 'qtw'),
    (217, 'zeq'),
    (218, 'nfj'),
    (219, 'arq'),
    (220, 'hop'),
    (221, 'olp'),
    (222, 'asj'),
    (223, 'kwc'),
    (224, 'uxk'),
    (225, 'yik'),
    (226, 'ubl'),
    (227, 'xxx'),
    (228, 'yaf'),
    (229, 'vtr'),
    (230, 'ytn'),
    (231, 'xsq'),
    (232, 'kvy'),
    (233, 'qty'),
    (234, 'jaz'),
    (235, 'lws'),
    (236, 'ieb'),
    (237, 'ljp'),
    (238, 'klz'),
    (239, 'xwf'),
    (240, 'gdv'),
    (241, 'vcs'),
    (242, 'cls'),
    (243, 'iun'),
    (244, 'ref'),
    (245, 'mpq'),
    (246, 'jeh'),
    (247, 'kxf'),
    (248, 'fsc'),
    (249, 'coo'),
    (250, 'sac'),
    (251, 'igd'),
    (252, 'unr'),
    (253, 'aau'),
    (254, 'yjy'),
    (255, 'xlx'),
    (256, 'fvx'),
    (257, 'fbl'),
    (258, 'fyr'),
    (259, 'vnz'),
    (260, 'lpk'),
    (261, 'tpf'),
    (262, 'rhv'),
    (263, 'few'),
    (264, 'rpv'),
    (265, 'xqd'),
    (266, 'xym'),
    (267, 'bxp'),
    (268, 'pkr'),
    (269, 'kaq'),
    (270, 'fga'),
    (271, 'urb'),
    (272, 'yer'),
    (273, 'wtg'),
    (274, 'lub'),
    (275, 'ttc'),
    (276, 'cxq'),
    (277, 'vmh'),
    (278, 'aeh'),
    (279, 'fbf'),
    (280, 'dli'),
    (281, 'xjt'),
    (282, 'idu'),
    (283, 'oyo'),
    (284, 'xwf'),
    (285, 'mcu'),
    (286, 'rih'),
    (287, 'mgv'),
    (288, 'hgc'),
    (289, 'oik'),
    (290, 'dql'),
    (291, 'gtu'),
    (292, 'tkl'),
    (293, 'kpa'),
    (294, 'cmq'),
    (295, 'zll'),
    (296, 'tpq'),
    (297, 'xga'),
    (298, 'pbp'),
    (299, 'iic'),
    (300, 'zmo'),
    (301, 'tuw'),
    (302, 'mqu'),
    (303, 'nba'),
    (304, 'zgh'),
    (305, 'fgv'),
    (306, 'oyj'),
    (307, 'xcq'),
    (308, 'ztm'),
    (309, 'pbk'),
    (310, 'lmw'),
    (311, 'gfx'),
    (312, 'hrh'),
    (313, 'faw'),
    (314, 'jpq'),
    (315, 'fof'),
    (316, 'zwe'),
    (317, 'cyj'),
    (318, 'bri'),
    (319, 'oop'),
    (320, 'jgm'),
    (321, 'oxb'),
    (322, 'nss'),
    (323, 'xyw'),
    (324, 'myl'),
    (325, 'hqa'),
    (326, 'flo'),
    (327, 'qjs'),
    (328, 'cvh'),
    (329, 'hhh'),
    (330, 'tqm'),
    (331, 'snv'),
    (332, 'zfo'),
    (333, 'zty'),
    (334, 'mto'),
    (335, 'tli'),
    (336, 'xtn'),
    (337, 'qyt'),
    (338, 'zqd'),
    (339, 'myi'),
    (340, 'lor'),
    (341, 'hzq'),
    (342, 'fan'),
    (343, 'qjl'),
    (344, 'dxw'),
    (345, 'moc'),
    (346, 'gjp'),
    (347, 'wfp'),
    (348, 'quk'),
    (349, 'zzi'),
    (350, 'saj'),
    (351, 'awy'),
    (352, 'ftq'),
    (353, 'dld'),
    (354, 'xuc'),
    (355, 'ond'),
    (356, 'ehg'),
    (357, 'hay'),
    (358, 'bkm'),
    (359, 'mjm'),
    (360, 'hnd'),
    (361, 'kgh'),
    (362, 'wwd'),
    (363, 'yvg'),
    (364, 'ddn'),
    (365, 'zhb'),
    (366, 'xmr'),
    (367, 'wtc'),
    (368, 'htc'),
    (369, 'azq'),
    (370, 'bwq'),
    (371, 'nnu'),
    (372, 'pua'),
    (373, 'abb'),
    (374, 'nzd'),
    (375, 'hsx'),
    (376, 'hqy'),
    (377, 'iet'),
    (378, 'cfz'),
    (379, 'gyl'),
    (380, 'mkb'),
    (381, 'wos'),
    (382, 'ehz'),
    (383, 'gia'),
    (384, 'ohs'),
    (385, 'dfa'),
    (386, 'bfa'),
    (387, 'goy'),
    (388, 'nyf'),
    (389, 'xbz'),
    (390, 'lck'),
    (391, 'sov'),
    (392, 'sqm'),
    (393, 'lek'),
    (394, 'nzt'),
    (395, 'ehd'),
    (396, 'quq'),
    (397, 'ffn'),
    (398, 'ufr'),
    (399, 'bnb'),
    (400, 'czq'),
    (401, 'kwz'),
    (402, 'lin'),
    (403, 'efo'),
    (404, 'atj'),
    (405, 'aeq'),
    (406, 'wvf'),
    (407, 'ute'),
    (408, 'lvw'),
    (409, 'mdj'),
    (410, 'hwh'),
    (411, 'niu'),
    (412, 'xuk'),
    (413, 'tqg'),
    (414, 'dae'),
    (415, 'knp'),
    (416, 'isf'),
    (417, 'awt'),
    (418, 'ftm'),
    (419, 'qqs'),
    (420, 'jrr'),
    (421, 'mbd'),
    (422, 'wmr'),
    (423, 'lha'),
    (424, 'lis'),
    (425, 'lyz'),
    (426, 'ixv'),
    (427, 'lrf'),
    (428, 'dqk'),
    (429, 'zcg'),
    (430, 'bqx'),
    (431, 'wpa'),
    (432, 'mcl'),
    (433, 'atd'),
    (434, 'coh'),
    (435, 'cie'),
    (436, 'cyc'),
    (437, 'kpl'),
    (438, 'ehz'),
    (439, 'wsy'),
    (440, 'hzo'),
    (441, 'kaa'),
    (442, 'jxy'),
    (443, 'lhd'),
    (444, 'fnt'),
    (445, 'atu'),
    (446, 'xrn'),
    (447, 'yvb'),
    (448, 'qht'),
    (449, 'mwg'),
    (450, 'xjp'),
    (451, 'uas'),
    (452, 'xhz'),
    (453, 'vpf'),
    (454, 'eud'),
    (455, 'tzd'),
    (456, 'iai'),
    (457, 'etp'),
    (458, 'feo'),
    (459, 'ajt'),
    (460, 'dtt'),
    (461, 'gxv'),
    (462, 'cuh'),
    (463, 'slf'),
    (464, 'gqb'),
    (465, 'sft'),
    (466, 'lkv'),
    (467, 'zue'),
    (468, 'mkl'),
    (469, 'qyz'),
    (470, 'jku'),
    (471, 'wpv'),
    (472, 'pyn'),
    (473, 'gla'),
    (474, 'ieh'),
    (475, 'vor'),
    (476, 'dnm'),
    (477, 'lms'),
    (478, 'qcb'),
    (479, 'oma'),
    (480, 'gkh'),
    (481, 'tio'),
    (482, 'zlr'),
    (483, 'qen'),
    (484, 'edc'),
    (485, 'ygs'),
    (486, 'ovp'),
    (487, 'gld'),
    (488, 'tbs'),
    (489, 'zrl'),
    (490, 'sdx'),
    (491, 'spf'),
    (492, 'clk'),
    (493, 'eck'),
    (494, 'xlx'),
    (495, 'pxp'),
    (496, 'ljl'),
    (497, 'lyf'),
    (498, 'rfl'),
    (499, 'dnh'),
    (500, 'dml'),
    (501, 'axj'),
    (502, 'mzk'),
    (503, 'vik'),
    (504, 'syo'),
    (505, 'htp'),
    (506, 'jxc'),
    (507, 'xte'),
    (508, 'xpi'),
    (509, 'mqt'),
    (510, 'wld'),
    (511, 'eyo'),
    (512, 'ktv'),
    (513, 'izt'),
    (514, 'yys'),
    (515, 'grh'),
    (516, 'upu'),
    (517, 'ssq'),
    (518, 'rds'),
    (519, 'sfa'),
    (520, 'dyn'),
    (521, 'zgk'),
    (522, 'rql'),
    (523, 'xpm'),
    (524, 'ncz'),
    (525, 'ahf'),
    (526, 'osn'),
    (527, 'ajx'),
    (528, 'zfd'),
    (529, 'vph'),
    (530, 'bxd'),
    (531, 'aib'),
    (532, 'fsu'),
    (533, 'xqp'),
    (534, 'rvi'),
    (535, 'tdc'),
    (536, 'wlf'),
    (537, 'erf'),
    (538, 'mss'),
    (539, 'gbo'),
    (540, 'agh'),
    (541, 'szp'),
    (542, 'xhd'),
    (543, 'qps'),
    (544, 'ebx'),
    (545, 'paf'),
    (546, 'jgk'),
    (547, 'fxi'),
    (548, 'dkc'),
    (549, 'zil'),
    (550, 'dlm'),
    (551, 'rru'),
    (552, 'ljf'),
    (553, 'vqh'),
    (554, 'hlv'),
    (555, 'weg'),
    (556, 'ucd'),
    (557, 'gbm'),
    (558, 'iqe'),
    (559, 'ikj'),
    (560, 'aql'),
    (561, 'bpu'),
    (562, 'ikc'),
    (563, 'lmt'),
    (564, 'xuy'),
    (565, 'rqj'),
    (566, 'qdm'),
    (567, 'iyu'),
    (568, 'gnz'),
    (569, 'zmi'),
    (570, 'oxe'),
    (571, 'zdm'),
    (572, 'eqe'),
    (573, 'xgv'),
    (574, 'aar'),
    (575, 'fcm'),
    (576, 'abb'),
    (577, 'uhr'),
    (578, 'kdz'),
    (579, 'cwl'),
    (580, 'leg'),
    (581, 'ppz'),
    (582, 'ixd'),
    (583, 'yst'),
    (584, 'srs'),
    (585, 'nwu'),
    (586, 'yol'),
    (587, 'uim'),
    (588, 'yky'),
    (589, 'ppn'),
    (590, 'nvs'),
    (591, 'wto'),
    (592, 'tae'),
    (593, 'ofe'),
    (594, 'xwe'),
    (595, 'xga'),
    (596, 'hju'),
    (597, 'jyo'),
    (598, 'uda'),
    (599, 'uyb'),
    (600, 'fon'),
    (601, 'ovv'),
    (602, 'ths'),
    (603, 'swv'),
    (604, 'njc'),
    (605, 'zfc'),
    (606, 'vdn'),
    (607, 'uyw'),
    (608, 'gft'),
    (609, 'smr'),
    (610, 'ptz'),
    (611, 'ayv'),
    (612, 'xcm'),
    (613, 'xsu'),
    (614, 'foe'),
    (615, 'gce'),
    (616, 'gth'),
    (617, 'dwm'),
    (618, 'aka'),
    (619, 'ysv'),
    (620, 'zjn'),
    (621, 'szq'),
    (622, 'wcr'),
    (623, 'jza'),
    (624, 'crq'),
    (625, 'oxv'),
    (626, 'xbl'),
    (627, 'lpn'),
    (628, 'pec'),
    (629, 'eoj'),
    (630, 'erl'),
    (631, 'bvx'),
    (632, 'rum'),
    (633, 'ycv'),
    (634, 'mqz'),
    (635, 'jfu'),
    (636, 'ikn'),
    (637, 'lwz'),
    (638, 'ahg'),
    (639, 'dmm'),
    (640, 'hsw'),
    (641, 'chy'),
    (642, 'hik'),
    (643, 'fvc'),
    (644, 'oqh'),
    (645, 'mie'),
    (646, 'eqy'),
    (647, 'zop'),
    (648, 'tne'),
    (649, 'wxw'),
    (650, 'npt'),
    (651, 'clv'),
    (652, 'kxq'),
    (653, 'tlw'),
    (654, 'gtq'),
    (655, 'gyz'),
    (656, 'xef'),
    (657, 'ffz'),
    (658, 'nkc'),
    (659, 'iwp'),
    (660, 'vhl'),
    (661, 'ygs'),
    (662, 'akw'),
    (663, 'bwv'),
    (664, 'hfn'),
    (665, 'ipk'),
    (666, 'zei'),
    (667, 'eiu'),
    (668, 'pwk'),
    (669, 'aas'),
    (670, 'gcb'),
    (671, 'bvs'),
    (672, 'xnr'),
    (673, 'jxt'),
    (674, 'llz'),
    (675, 'omb'),
    (676, 'hlb'),
    (677, 'oqr'),
    (678, 'gpt'),
    (679, 'wtd'),
    (680, 'lae'),
    (681, 'jrn'),
    (682, 'fia'),
    (683, 'dhz'),
    (684, 'oab'),
    (685, 'yxf'),
    (686, 'xrx'),
    (687, 'ybk'),
    (688, 'ncw'),
    (689, 'ard'),
    (690, 'cuw'),
    (691, 'xua'),
    (692, 'opu'),
    (693, 'mlg'),
    (694, 'vgq'),
    (695, 'zxe'),
    (696, 'owk'),
    (697, 'nad'),
    (698, 'mdx'),
    (699, 'lju'),
    (700, 'obv'),
    (701, 'diy'),
    (702, 'mmq'),
    (703, 'uww'),
    (704, 'wnl'),
    (705, 'zzl'),
    (706, 'oot'),
    (707, 'wvd'),
    (708, 'wez'),
    (709, 'mwh'),
    (710, 'txs'),
    (711, 'fve'),
    (712, 'pbu'),
    (713, 'ynk'),
    (714, 'xay'),
    (715, 'www'),
    (716, 'oeg'),
    (717, 'ucr'),
    (718, 'jsg'),
    (719, 'csr'),
    (720, 'vtk'),
    (721, 'dgm'),
    (722, 'sti'),
    (723, 'xxy'),
    (724, 'ovq'),
    (725, 'qki'),
    (726, 'hvj'),
    (727, 'mrt'),
    (728, 'nfc'),
    (729, 'abf'),
    (730, 'lzv'),
    (731, 'onv'),
    (732, 'mzb'),
    (733, 'ahp'),
    (734, 'gem'),
    (735, 'naz'),
    (736, 'aga'),
    (737, 'lmi'),
    (738, 'wog'),
    (739, 'mkk'),
    (740, 'kqd'),
    (741, 'dfg'),
    (742, 'yfq'),
    (743, 'vju'),
    (744, 'tgq'),
    (745, 'zag'),
    (746, 'lfc'),
    (747, 'ztk'),
    (748, 'xpo'),
    (749, 'leu'),
    (750, 'jzq'),
    (751, 'foz'),
    (752, 'ljc'),
    (753, 'blf'),
    (754, 'low'),
    (755, 'kjj'),
    (756, 'gsm'),
    (757, 'rtv'),
    (758, 'rlz'),
    (759, 'zzx'),
    (760, 'uue'),
    (761, 'vfk'),
    (762, 'duc'),
    (763, 'xta'),
    (764, 'qsf'),
    (765, 'iwm'),
    (766, 'ech'),
    (767, 'jla'),
    (768, 'phu'),
    (769, 'jwt'),
    (770, 'rxi'),
    (771, 'jji'),
    (772, 'kce'),
    (773, 'qts'),
    (774, 'pos'),
    (775, 'ogf'),
    (776, 'pnk'),
    (777, 'cjx'),
    (778, 'bdf'),
    (779, 'trm'),
    (780, 'skd'),
    (781, 'doj'),
    (782, 'kwt'),
    (783, 'tjc'),
    (784, 'cux'),
    (785, 'bvv'),
    (786, 'vvm'),
    (787, 'raf'),
    (788, 'ntq'),
    (789, 'sbz'),
    (790, 'vev'),
    (791, 'hpz'),
    (792, 'agc'),
    (793, 'ddk'),
    (794, 'nop'),
    (795, 'cqt'),
    (796, 'ymj'),
    (797, 'ees'),
    (798, 'qge'),
    (799, 'isd'),
    (800, 'fnd'),
    (801, 'ipd'),
    (802, 'dca'),
    (803, 'ilw'),
    (804, 'tzs'),
    (805, 'mty'),
    (806, 'rso'),
    (807, 'mmx'),
    (808, 'guc'),
    (809, 'nnh'),
    (810, 'gut'),
    (811, 'eas'),
    (812, 'pfq'),
    (813, 'mjs'),
    (814, 'inu'),
    (815, 'vrc'),
    (816, 'sdh'),
    (817, 'ylr'),
    (818, 'zie'),
    (819, 'fqp'),
    (820, 'vii'),
    (821, 'axy'),
    (822, 'akp'),
    (823, 'abx'),
    (824, 'uep'),
    (825, 'wgq'),
    (826, 'zta'),
    (827, 'frv'),
    (828, 'pca'),
    (829, 'vva'),
    (830, 'bpy'),
    (831, 'cej'),
    (832, 'pyc'),
    (833, 'nzu'),
    (834, 'dbw'),
    (835, 'bfz'),
    (836, 'tvu'),
    (837, 'yml'),
    (838, 'vme'),
    (839, 'gvl'),
    (840, 'gja'),
    (841, 'kcn'),
    (842, 'oso'),
    (843, 'cam'),
    (844, 'kan'),
    (845, 'tpl'),
    (846, 'xso'),
    (847, 'unr'),
    (848, 'sou'),
    (849, 'ubn'),
    (850, 'xjk'),
    (851, 'ect'),
    (852, 'doi'),
    (853, 'wxy'),
    (854, 'taj'),
    (855, 'flb'),
    (856, 'ish'),
    (857, 'syu'),
    (858, 'rfx'),
    (859, 'zsi'),
    (860, 'hwy'),
    (861, 'ibr'),
    (862, 'moq'),
    (863, 'kan'),
    (864, 'lqh'),
    (865, 'hbj'),
    (866, 'vze'),
    (867, 'jxx'),
    (868, 'cws'),
    (869, 'rgb'),
    (870, 'fsn'),
    (871, 'hip'),
    (872, 'wrp'),
    (873, 'bsn'),
    (874, 'gdm'),
    (875, 'pzf'),
    (876, 'bhv'),
    (877, 'ahf'),
    (878, 'skr'),
    (879, 'yia'),
    (880, 'puo'),
    (881, 'gvd'),
    (882, 'wmx'),
    (883, 'cuy'),
    (884, 'aep'),
    (885, 'fkq'),
    (886, 'pix'),
    (887, 'rhs'),
    (888, 'opy'),
    (889, 'axq'),
    (890, 'yae'),
    (891, 'onj'),
    (892, 'irj'),
    (893, 'hsr'),
    (894, 'rdy'),
    (895, 'lzm'),
    (896, 'cga'),
    (897, 'qob'),
    (898, 'ysm'),
    (899, 'kuu'),
    (900, 'wva'),
    (901, 'hnm'),
    (902, 'igz'),
    (903, 'ueg'),
    (904, 'mjp'),
    (905, 'fmc'),
    (906, 'wuh'),
    (907, 'kiz'),
    (908, 'qai'),
    (909, 'vmx'),
    (910, 'npv'),
    (911, 'kdk'),
    (912, 'ugd'),
    (913, 'tsw'),
    (914, 'ewn'),
    (915, 'ybg'),
    (916, 'utm'),
    (917, 'abg'),
    (918, 'oeo'),
    (919, 'xcx'),
    (920, 'cjy'),
    (921, 'rde'),
    (922, 'aas'),
    (923, 'nzg'),
    (924, 'cvy'),
    (925, 'cob'),
    (926, 'eaw'),
    (927, 'vvq'),
    (928, 'lop'),
    (929, 'edt'),
    (930, 'olv'),
    (931, 'rot'),
    (932, 'dra'),
    (933, 'tnp'),
    (934, 'hxw'),
    (935, 'zfg'),
    (936, 'fln'),
    (937, 'kji'),
    (938, 'yzp'),
    (939, 'ymd'),
    (940, 'nuv'),
    (941, 'pat'),
    (942, 'pob'),
    (943, 'dry'),
    (944, 'rcc'),
    (945, 'jzx'),
    (946, 'wiu'),
    (947, 'lha'),
    (948, 'mux'),
    (949, 'vpb'),
    (950, 'xzp'),
    (951, 'hoj'),
    (952, 'mqs'),
    (953, 'ekb'),
    (954, 'jqc'),
    (955, 'ero'),
    (956, 'vba'),
    (957, 'jaz'),
    (958, 'ckw'),
    (959, 'aev'),
    (960, 'vam'),
    (961, 'oof'),
    (962, 'ljr'),
    (963, 'wec'),
    (964, 'ogm'),
    (965, 'pwm'),
    (966, 'pxq'),
    (967, 'nbp'),
    (968, 'tpj'),
    (969, 'pxx'),
    (970, 'orv'),
    (971, 'riu'),
    (972, 'sun'),
    (973, 'cud'),
    (974, 'zya'),
    (975, 'nyz'),
    (976, 'lmq'),
    (977, 'wvh'),
    (978, 'nms'),
    (979, 'gqx'),
    (980, 'juf'),
    (981, 'vdb'),
    (982, 'btx'),
    (983, 'bzk'),
    (984, 'rdf'),
    (985, 'ryk'),
    (986, 'ejy'),
    (987, 'kcm'),
    (988, 'tmx'),
    (989, 'aqn'),
    (990, 'rjj'),
    (991, 'psd'),
    (992, 'vlu'),
    (993, 'igq'),
    (994, 'cbk'),
    (995, 'ejj'),
    (996, 'kdk'),
    (997, 'evw'),
    (998, 'qqj'),
    (999, 'ayw'),
    (1000, 'bmu');

  WITH counted_rows        AS (
      SELECT
          std.id,
          std.st,
          ROW_NUMBER() OVER (
              PARTITION BY std.st
              ORDER BY std.st, std.id
              ) AS count_values
        FROM sample_text_duplicates std
       ORDER BY std.st,
           std.id),
      duplicated_values_id AS (
          SELECT
              cr.id
            FROM counted_rows cr
           WHERE cr.count_values > 1)
DELETE
  FROM sample_text_duplicates std
 WHERE std.id IN (
     SELECT *
       FROM duplicated_values_id);
